0 0 -167 -504 -228 99
0 1 302 -326 -494 -315
0 2 -195 300 -516 -725
0 3 -285 519 416 -463
0 4 -217 -71 -2 -317
0 5 -147 154 -99 140
0 6 -144 456 100 -37
0 7 45 454 387 -346
0 8 -51 -478 303 73
0 9 150 -270 6 -54
0 10 -219 -107 -63 -195
0 11 204 358 -82 -22
0 12 -387 -351 69 -153
0 13 224 -75 -115 148
0 14 -63 325 -72 379
0 15 42 16 -279 -231
1 0 -32 293 -419 -506
1 1 -651 -5 -47 371
1 2 70 169 278 228
1 3 -51 -652 -341 -332
1 4 -51 3 -85 224
1 5 -79 -261 197 -513
1 6 -290 -30 77 259
1 7 49 -199 -38 267
1 8 -156 -292 -50 211
1 9 -213 81 306 90
1 10 137 -147 115 135
1 11 28 -418 -6 -89
1 12 -288 -240 36 265
1 13 11 -72 48 44
1 14 -318 -22 -131 378
1 15 163 -227 -72 132
2 0 17 -506 -3 -179
2 1 243 92 -28 -229
2 2 -89 -170 432 -198
2 3 9 -71 -190 -103
2 4 287 -134 -229 56
2 5 82 167 -261 4
2 6 -106 -35 -79 -258
2 7 -165 -257 47 -14
2 8 -170 46 192 -148
2 9 -58 317 -90 -124
2 10 -213 -111 -238 -186
2 11 -33 -353 300 -302
2 12 79 -113 -140 -112
2 13 -146 97 4 -84
2 14 137 212 79 -191
2 15 119 109 265 43
3 0 600 -438 283 80
3 1 22 -66 376 -259
3 2 565 -420 -256 -299
3 3 190 511 289 54
3 4 173 -14 -506 -294
3 5 -127 126 33 -466
3 6 256 404 127 -165
3 7 -484 271 211 -14
3 8 -320 -241 650 -154
3 9 -60 -141 -360 -569
3 10 40 49 189 528
3 11 -259 -403 152 64
3 12 241 273 -39 -113
3 13 426 -124 595 -81
3 14 -234 34 326 -98
3 15 109 506 324 26
4 0 -88 -36 -29 -563
4 1 426 -252 -344 162
4 2 -197 104 -360 482
4 3 674 62 247 -43
4 4 -5 101 -43 -343
4 5 77 -45 -134 546
4 6 175 -82 172 -412
4 7 14 -283 -405 -301
4 8 -359 -200 448 -267
4 9 -349 -452 24 371
4 10 -390 -496 -180 -331
4 11 270 390 -94 363
4 12 -33 173 307 45
4 13 -362 -583 115 -137
4 14 154 -366 -119 -103
4 15 -117 -286 37 385
5 0 561 244 136 348
5 1 -88 -84 -143 -68
5 2 106 417 -456 -103
5 3 -309 243 236 -258
5 4 -667 -425 384 439
5 5 37 98 118 65
5 6 26 200 175 264
5 7 -67 211 411 108
5 8 -128 154 367 449
5 9 140 35 100 97
5 10 -65 -138 -346 177
5 11 162 246 192 42
5 12 9 -52 360 32
5 13 36 -324 277 -526
5 14 146 163 211 176
5 15 649 409 213 -269
6 0 -230 -187 20 80
6 1 175 -66 -97 135
6 2 -100 248 121 323
6 3 167 -496 -114 -12
6 4 294 57 -132 -253
6 5 22 532 199 213
6 6 0 -131 -549 78
6 7 -307 52 -9 203
6 8 -49 572 69 -367
6 9 -1 -272 -244 -114
6 10 218 16 -137 -460
6 11 193 165 100 -197
6 12 -83 85 375 355
6 13 -414 -13 -152 -554
6 14 -202 -228 -350 -54
6 15 399 -9 -27 -131
7 0 64 -163 74 -157
7 1 259 581 79 -656
7 2 250 -52 225 -58
7 3 34 -164 -298 -21
7 4 -193 -262 150 -321
7 5 -436 462 63 124
7 6 -74 -227 -94 66
7 7 -69 -88 -19 59
7 8 27 -316 228 361
7 9 -30 -225 -92 -134
7 10 25 -151 225 -225
7 11 42 316 -440 525
7 12 183 -148 93 38
7 13 240 204 -72 -201
7 14 26 -303 -46 -13
7 15 -49 -88 173 -48
8 0 -328 174 -377 673
8 1 1 241 237 -185
8 2 -1 39 78 221
8 3 -229 286 -166 -337
8 4 -69 -104 -180 114
8 5 -348 164 -399 354
8 6 -37 298 -397 -198
8 7 -112 -37 -35 299
8 8 -290 299 22 221
8 9 -121 351 81 -143
8 10 -208 190 -514 252
8 11 255 -119 260 73
8 12 461 7 4 -198
8 13 -704 347 -99 10
8 14 195 78 93 -355
8 15 31 486 75 -114
9 0 165 273 36 81
9 1 -376 -212 -144 241
9 2 98 344 -301 378
9 3 286 92 59 -418
9 4 -2 30 -5 -83
9 5 -66 -386 385 -61
9 6 -300 -110 163 109
9 7 150 85 -249 165
9 8 -191 -67 -21 254
9 9 -188 -27 361 104
9 10 179 70 6 -24
9 11 513 4 -8 -312
9 12 -320 47 59 9
9 13 15 106 30 355
9 14 159 58 123 227
9 15 28 19 161 66
10 0 -109 -744 21 -496
10 1 -455 -677 -173 -249
10 2 -19 -198 100 -351
10 3 305 -82 503 -257
10 4 -32 346 -293 -651
10 5 -8 226 222 -478
10 6 -623 -78 -322 264
10 7 -15 -94 53 -217
10 8 166 -471 -79 23
10 9 441 -192 217 102
10 10 229 228 294 221
10 11 -315 76 117 -161
10 12 428 -481 -844 333
10 13 310 -6 135 -359
10 14 -343 -89 -175 -257
10 15 126 256 -219 -452
11 0 -257 -15 162 -218
11 1 294 397 -200 -147
11 2 -88 -254 149 -119
11 3 34 223 116 139
11 4 -319 -532 214 332
11 5 109 -516 100 101
11 6 242 -207 286 32
11 7 -171 -187 -421 114
11 8 461 134 -337 225
11 9 -246 -15 -650 -378
11 10 -207 287 -104 377
11 11 175 -95 -233 288
11 12 343 71 57 -495
11 13 463 96 -174 65
11 14 -250 -209 -242 -323
11 15 67 -45 244 -60
12 0 246 -199 202 -493
12 1 -317 -286 -21 -36
12 2 411 -439 -117 -1
12 3 227 -70 330 -176
12 4 497 453 -81 -84
12 5 -49 -395 40 -174
12 6 96 -149 79 120
12 7 302 318 251 -403
12 8 97 -423 83 -502
12 9 143 -422 423 -300
12 10 -438 77 828 274
12 11 -262 115 -198 -188
12 12 -444 -535 -454 78
12 13 272 199 -489 208
12 14 -100 159 17 517
12 15 133 -372 85 360
13 0 18 281 -1 166
13 1 255 -223 303 277
13 2 247 136 -387 -250
13 3 -225 415 94 58
13 4 -98 150 75 -63
13 5 244 -189 -130 161
13 6 8 -221 181 375
13 7 -122 -34 -37 118
13 8 32 141 78 113
13 9 -269 -93 -110 388
13 10 250 83 21 -86
13 11 -89 90 464 -118
13 12 59 -319 -130 -370
13 13 -226 -86 -426 69
13 14 92 639 30 12
13 15 -176 -99 43 270
14 0 392 -329 -213 -196
14 1 -280 -486 205 342
14 2 -182 -190 -110 -45
14 3 -157 -201 176 413
14 4 -306 567 -468 6
14 5 7 96 521 -316
14 6 -221 -40 132 11
14 7 -197 5 126 -394
14 8 -205 241 326 191
14 9 -307 -301 204 -9
14 10 108 -23 346 -270
14 11 -187 -242 248 4
14 12 181 38 -324 -170
14 13 621 -132 219 -68
14 14 221 32 77 -273
14 15 -335 188 95 -548
15 0 -176 130 -448 6
15 1 7 -14 167 -179
15 2 31 -176 -129 -208
15 3 -201 -53 -222 363
15 4 -138 -265 -99 -306
15 5 -128 211 -152 206
15 6 176 39 -520 -105
15 7 -408 -13 38 56
15 8 -506 -212 -201 10
15 9 425 -148 -36 -33
15 10 30 129 6 482
15 11 -370 45 -37 209
15 12 188 331 304 284
15 13 -347 229 298 -162
15 14 -165 -319 190 -137
15 15 -206 114 134 29
16 0 -102 21 -254 -103
16 1 35 59 -30 66
16 2 -389 -12 -227 -346
16 3 -482 -24 148 132
16 4 203 49 -300 68
16 5 61 -31 -635 -313
16 6 73 183 -106 313
16 7 68 -58 87 -212
16 8 -556 -216 -6 323
16 9 -40 -330 -85 77
16 10 460 -358 412 -328
16 11 -376 229 282 55
16 12 94 -102 398 188
16 13 199 -241 263 -51
16 14 -349 363 -187 82
16 15 88 60 -170 125
17 0 52 111 -153 254
17 1 3 326 258 -295
17 2 211 -209 131 294
17 3 -416 131 -86 -299
17 4 182 258 -174 89
17 5 42 -120 -367 -398
17 6 120 405 82 202
17 7 414 321 -167 21
17 8 -288 -175 157 -284
17 9 -761 323 286 -48
17 10 85 -37 84 132
17 11 291 83 308 509
17 12 206 -238 511 -383
17 13 -287 238 -316 573
17 14 -355 -194 -154 82
17 15 -105 -203 -198 -11
18 0 -293 -422 -148 124
18 1 185 24 -48 -688
18 2 -254 -56 292 -68
18 3 -208 151 256 -50
18 4 -161 -118 301 -85
18 5 -118 375 40 272
18 6 71 246 -37 -115
18 7 52 106 344 -138
18 8 796 51 -216 -303
18 9 119 225 -77 -208
18 10 -337 -149 -519 4
18 11 40 329 -206 207
18 12 14 -190 -79 -88
18 13 -267 225 -136 -143
18 14 -223 -486 -473 -139
18 15 -1 191 -476 -280
19 0 110 -200 324 225
19 1 581 -144 -96 -42
19 2 565 207 -66 -294
19 3 284 764 -79 220
19 4 -426 84 146 -449
19 5 277 -160 160 135
19 6 -116 202 649 40
19 7 5 -6 -451 -90
19 8 184 74 444 -286
19 9 -347 416 70 248
19 10 -247 -24 -368 193
19 11 223 -2 -290 213
19 12 217 153 -173 -1024
19 13 424 168 -21 414
19 14 171 -128 97 -143
19 15 -605 -501 93 -167
20 0 -499 154 -597 207
20 1 -203 406 -355 -277
20 2 59 203 -136 268
20 3 -692 -70 -314 -84
20 4 -288 -78 375 545
20 5 -210 263 -56 -186
20 6 -233 -312 -486 133
20 7 106 518 127 196
20 8 -220 248 226 144
20 9 40 142 -72 -174
20 10 -325 9 -226 -60
20 11 143 -122 -78 -108
20 12 -392 -210 149 50
20 13 -219 -149 -561 -224
20 14 -3 -154 217 447
20 15 554 -19 -219 -263
21 0 -287 176 -196 562
21 1 -19 323 -519 -30
21 2 -73 22 90 265
21 3 386 382 -148 360
21 4 -387 260 17 -496
21 5 -205 -36 -466 121
21 6 -127 44 478 -143
21 7 32 -91 -259 -174
21 8 -212 59 -184 220
21 9 346 296 39 219
21 10 -226 -401 201 178
21 11 24 455 -536 1
21 12 116 664 -38 -313
21 13 298 248 262 -192
21 14 -230 245 59 146
21 15 -214 -391 44 -30
22 0 16 -375 320 -144
22 1 222 -144 -278 -85
22 2 287 -164 -79 187
22 3 -186 223 24 -97
22 4 -206 119 279 -123
22 5 92 -408 -183 -15
22 6 -130 -189 440 -398
22 7 -58 -97 -222 -304
22 8 136 -112 74 67
22 9 -64 456 165 -92
22 10 -521 -55 -595 106
22 11 768 201 124 -97
22 12 42 231 -90 -415
22 13 64 -66 -548 22
22 14 460 92 133 313
22 15 359 -283 496 -433
23 0 278 62 237 758
23 1 61 294 64 198
23 2 -111 223 305 172
23 3 260 -164 43 -381
23 4 379 104 -366 102
23 5 -165 117 73 118
23 6 -214 306 41 -204
23 7 -98 562 73 539
23 8 -41 591 184 -116
23 9 -127 208 20 -24
23 10 146 158 184 -351
23 11 514 -110 38 -385
23 12 35 -7 263 -70
23 13 -149 204 -231 106
23 14 133 481 61 52
23 15 50 11 115 -274
24 0 362 -116 -136 43
24 1 59 122 109 -525
24 2 -87 -175 -62 147
24 3 -155 191 396 150
24 4 -41 -11 54 137
24 5 -220 23 -14 -98
24 6 166 -90 147 -94
24 7 -31 452 292 38
24 8 32 16 201 -60
24 9 -140 36 -66 -112
24 10 -140 -413 214 -51
24 11 -81 165 42 88
24 12 -44 -73 222 -232
24 13 60 -70 146 -97
24 14 -300 -100 -69 208
24 15 19 218 -32 -10
25 0 -192 227 -178 533
25 1 11 112 -54 324
25 2 226 81 312 17
25 3 112 -15 55 -39
25 4 148 109 -212 -25
25 5 -168 34 66 -31
25 6 -241 386 81 160
25 7 -5 -359 -33 246
25 8 212 368 -65 -23
25 9 -211 96 33 -486
25 10 -293 262 -266 -41
25 11 20 -98 -131 227
25 12 -32 133 -438 -124
25 13 188 224 99 90
25 14 -289 151 -170 -154
25 15 -195 425 128 225
26 0 -58 386 663 51
26 1 417 -168 -186 -211
26 2 178 -483 -429 -150
26 3 252 -232 27 369
26 4 -71 -22 -563 183
26 5 560 -305 273 23
26 6 485 -237 233 -250
26 7 -259 355 203 436
26 8 170 -159 -479 100
26 9 148 87 -163 150
26 10 253 -69 72 260
26 11 405 9 462 140
26 12 36 -144 -61 -75
26 13 245 194 -280 53
26 14 -35 411 -285 165
26 15 -66 588 275 292
27 0 109 -190 367 -137
27 1 36 -275 -287 224
27 2 -179 -50 150 263
27 3 -72 8 249 -389
27 4 175 -275 204 375
27 5 2 -86 -121 33
27 6 -247 327 81 -578
27 7 489 43 615 175
27 8 521 175 -96 -153
27 9 414 359 80 -142
27 10 -387 -150 -960 -162
27 11 566 -599 33 -408
27 12 -324 254 -176 92
27 13 -450 -458 18 212
27 14 494 87 509 43
27 15 324 287 -235 -217
28 0 401 -73 153 425
28 1 -141 345 -215 -249
28 2 -662 212 257 55
28 3 205 287 137 -229
28 4 -31 327 352 259
28 5 26 317 341 369
28 6 269 -16 73 -229
28 7 401 112 209 -236
28 8 254 158 23 7
28 9 272 -33 158 -121
28 10 -112 169 462 -188
28 11 106 -13 234 -191
28 12 -291 -406 -57 73
28 13 -72 166 50 43
28 14 50 -14 46 -210
28 15 -58 169 -626 121
29 0 191 -184 175 -164
29 1 -64 388 649 249
29 2 115 -86 213 -262
29 3 -310 -317 -344 34
29 4 456 208 -216 388
29 5 -135 55 -82 366
29 6 668 91 48 -215
29 7 -260 -296 -24 -115
29 8 20 327 199 -33
29 9 -69 -294 117 -665
29 10 -178 83 366 -283
29 11 24 -232 184 41
29 12 28 -491 -34 -54
29 13 92 -5 -330 -192
29 14 353 227 -38 29
29 15 -224 -123 -126 131
30 0 -54 -23 -377 -102
30 1 288 -234 -22 -207
30 2 240 -163 -590 -294
30 3 450 333 341 139
30 4 -191 -62 -187 -317
30 5 -194 -209 -166 694
30 6 545 -76 280 -182
30 7 -598 177 -379 237
30 8 -495 7 179 -445
30 9 17 -161 -17 -10
30 10 -476 -40 504 306
30 11 -100 619 95 402
30 12 93 -385 -40 -373
30 13 -31 -220 85 -421
30 14 -459 126 -153 238
30 15 -540 -92 225 241
31 0 116 40 338 -281
31 1 -92 -364 -164 -151
31 2 35 41 -133 46
31 3 476 498 631 -300
31 4 241 296 73 -126
31 5 208 -643 -388 29
31 6 -299 299 290 190
31 7 256 -27 -191 -115
31 8 115 -391 296 -117
31 9 110 88 642 349
31 10 -111 -336 54 451
31 11 -97 315 -70 -289
31 12 204 -627 -289 37
31 13 -69 26 -46 305
31 14 51 -180 -411 -68
31 15 215 -150 -177 191
32 0 -244 148 -76 65
32 1 -48 -3 -387 356
32 2 -120 -67 223 259
32 3 -98 -57 104 -458
32 4 385 236 -26 -23
32 5 -281 -132 -297 -716
32 6 -569 69 -484 256
32 7 563 -257 537 51
32 8 42 -252 -111 390
32 9 -16 -175 -231 -297
32 10 248 189 -6 -72
32 11 -161 -585 203 -324
32 12 -318 93 -402 293
32 13 -60 139 20 430
32 14 -348 429 -77 -45
32 15 725 490 30 423
33 0 -236 -250 59 -277
33 1 201 242 -537 304
33 2 -293 -152 -22 39
33 3 98 -256 179 87
33 4 -190 134 -251 282
33 5 458 -34 133 190
33 6 -48 36 -410 -141
33 7 -175 -82 -322 -349
33 8 -348 319 374 55
33 9 -89 -839 -110 -353
33 10 -505 411 54 108
33 11 175 -59 -26 264
33 12 455 -47 304 172
33 13 75 -150 -553 -413
33 14 212 -392 -3 -769
33 15 452 18 184 -208
34 0 -32 -629 150 -495
34 1 -184 -277 455 158
34 2 -151 -290 557 74
34 3 -56 18 -34 -151
34 4 310 -112 224 -241
34 5 -313 -404 -736 -149
34 6 111 -118 -104 -144
34 7 -133 -517 -132 8
34 8 222 160 -483 -176
34 9 334 618 -258 -26
34 10 319 23 -84 363
34 11 -228 -311 288 -632
34 12 629 169 -206 -235
34 13 -366 3 297 -238
34 14 -196 126 -144 -159
34 15 337 -433 81 -480
35 0 84 -106 -283 -357
35 1 101 -38 741 -274
35 2 517 -281 45 -85
35 3 -430 -17 -118 -79
35 4 116 -256 -259 -362
35 5 -183 94 69 -187
35 6 -245 -43 115 386
35 7 -172 90 144 496
35 8 144 -123 60 -52
35 9 -615 -69 -97 10
35 10 465 -176 -143 -238
35 11 121 -209 171 223
35 12 43 -308 149 -328
35 13 -321 94 -304 379
35 14 -204 35 74 31
35 15 -547 -110 -33 6
36 0 196 36 239 55
36 1 -30 95 -143 -170
36 2 -322 195 144 -207
36 3 50 491 -7 9
36 4 143 -249 173 217
36 5 62 -438 -186 229
36 6 -358 -197 345 245
36 7 223 -138 -367 96
36 8 -95 203 -91 376
36 9 156 415 292 203
36 10 249 -148 173 -216
36 11 109 -18 -34 -685
36 12 -9 -301 -138 -337
36 13 410 305 163 523
36 14 391 233 149 -49
36 15 -215 -260 63 -154
37 0 -148 -8 114 438
37 1 473 81 -147 -18
37 2 567 3 -115 113
37 3 142 268 -123 276
37 4 173 344 -69 -134
37 5 85 74 106 -273
37 6 -142 -106 -222 71
37 7 -50 13 -397 -40
37 8 -278 226 502 -298
37 9 -472 161 -130 -299
37 10 -245 342 -161 -32
37 11 -57 -53 14 204
37 12 -17 248 -302 -323
37 13 339 148 -113 228
37 14 26 -205 -35 -109
37 15 65 222 484 158
38 0 6 83 487 75
38 1 333 -168 85 26
38 2 214 61 64 -334
38 3 -435 348 -149 40
38 4 90 -272 98 -155
38 5 18 470 -320 173
38 6 -20 88 -360 92
38 7 -28 -114 254 208
38 8 74 -18 138 275
38 9 578 157 -287 7
38 10 256 79 -547 139
38 11 242 -424 339 -92
38 12 319 16 -43 33
38 13 -151 -195 52 -24
38 14 208 168 467 131
38 15 250 26 -256 -270
39 0 -86 -73 273 95
39 1 -181 -462 39 189
39 2 284 377 -153 -84
39 3 -97 -215 39 -314
39 4 -44 -305 -55 -103
39 5 -86 -44 74 -87
39 6 12 163 -276 547
39 7 162 238 100 180
39 8 109 286 -335 -86
39 9 147 7 101 62
39 10 389 62 -58 69
39 11 117 221 -188 -139
39 12 223 -21 186 -205
39 13 124 214 131 -249
39 14 -258 81 -236 268
39 15 283 -145 6 -443
40 0 -240 55 -516 -184
40 1 -287 -81 50 -216
40 2 81 170 72 -130
40 3 -402 -103 -192 -56
40 4 -518 85 350 10
40 5 112 220 408 14
40 6 -327 -67 45 452
40 7 165 -77 263 -86
40 8 482 -150 -94 55
40 9 -91 -58 375 214
40 10 -82 -52 -225 -1
40 11 -164 82 -124 148
40 12 -307 -572 -255 17
40 13 -225 217 -454 24
40 14 -16 -265 -181 -31
40 15 -239 -132 -490 -18
41 0 -138 3 114 -316
41 1 222 -16 -318 -115
41 2 249 -170 35 110
41 3 86 78 282 -74
41 4 -256 -105 26 -186
41 5 -134 -329 -91 284
41 6 -333 -73 -88 258
41 7 234 -17 -150 553
41 8 45 256 -51 130
41 9 193 -206 328 -152
41 10 -152 23 60 187
41 11 472 70 -80 302
41 12 465 -547 -112 -481
41 13 -32 103 -369 -3
41 14 -285 -246 -31 -247
41 15 -175 -84 -115 -246
42 0 -303 -82 -403 9
42 1 43 -89 -78 -540
42 2 -168 -303 -502 261
42 3 -126 320 -117 236
42 4 -194 313 -10 -114
42 5 126 331 -174 293
42 6 48 -141 -187 -292
42 7 36 381 36 -100
42 8 -413 -40 186 -306
42 9 132 75 234 319
42 10 -48 -227 -85 -50
42 11 51 202 310 2
42 12 -187 -223 61 150
42 13 -649 -153 -275 62
42 14 307 -356 231 -135
42 15 -260 31 -443 -127
43 0 243 310 169 -223
43 1 -104 305 84 312
43 2 221 41 16 102
43 3 -70 -220 -159 -105
43 4 -86 23 477 172
43 5 62 -401 -32 -633
43 6 -103 -19 0 -53
43 7 -55 226 -43 472
43 8 13 -288 162 55
43 9 109 181 -158 183
43 10 418 250 141 456
43 11 -48 -409 67 -72
43 12 -60 41 315 356
43 13 -188 -445 -128 118
43 14 -138 -178 102 147
43 15 465 -306 -42 -50
44 0 299 404 -109 -56
44 1 47 158 249 685
44 2 -157 -9 308 -176
44 3 -627 -193 87 240
44 4 -74 8 163 50
44 5 -21 -523 -62 -336
44 6 -454 -136 -118 -175
44 7 -226 -7 -168 278
44 8 -122 -147 -157 657
44 9 67 -24 -74 166
44 10 223 486 25 236
44 11 202 -487 204 -1
44 12 435 430 338 -12
44 13 -34 -130 -294 422
44 14 133 224 479 -30
44 15 -121 -275 317 -340
45 0 162 -181 -22 -310
45 1 130 283 -36 -663
45 2 -333 -50 239 -262
45 3 133 102 -274 346
45 4 -331 -390 508 437
45 5 439 -111 175 -35
45 6 -170 -549 286 -193
45 7 -42 -66 -310 -42
45 8 123 -179 -31 -38
45 9 -25 700 -17 631
45 10 3 -125 -120 -35
45 11 -450 -74 -49 -275
45 12 -45 -137 -154 -50
45 13 79 -5 138 151
45 14 479 -333 123 -364
45 15 -234 -122 184 -26
46 0 -460 -336 -40 -26
46 1 619 249 3 316
46 2 260 -225 -247 -184
46 3 -101 -181 3 445
46 4 334 506 230 -17
46 5 411 -503 -635 -181
46 6 101 165 290 -217
46 7 -53 -396 -302 -62
46 8 112 375 -50 -723
46 9 -232 84 97 -253
46 10 -196 44 -186 -508
46 11 -334 537 62 173
46 12 -265 9 -171 0
46 13 -211 -421 -558 -102
46 14 43 47 -502 -354
46 15 -182 -52 162 341
47 0 -350 -225 -133 -351
47 1 227 -43 -46 -307
47 2 -210 -251 121 -221
47 3 -81 -68 143 82
47 4 438 -348 21 491
47 5 -123 -218 -317 158
47 6 280 -280 -210 -125
47 7 -55 -175 -213 -165
47 8 35 8 -180 -279
47 9 -133 236 -281 -306
47 10 -479 56 -30 -110
47 11 -365 74 -13 -13
47 12 -36 -230 -366 -87
47 13 245 -39 54 28
47 14 -32 -44 -295 136
47 15 111 148 338 162
48 0 -153 307 394 86
48 1 -267 -193 96 145
48 2 215 -188 -378 -72
48 3 413 -250 149 94
48 4 114 158 -364 93
48 5 18 195 280 -137
48 6 48 346 -25 -330
48 7 -143 153 165 428
48 8 313 -153 -56 6
48 9 525 -45 36 -71
48 10 215 181 -133 175
48 11 -1 -160 -98 223
48 12 -12 -58 -626 769
48 13 189 -542 253 -110
48 14 241 -129 51 -36
48 15 -137 725 -362 -39
49 0 -3 112 9 -30
49 1 -96 100 -104 -134
49 2 -218 -104 136 -239
49 3 -24 7 -68 456
49 4 -57 16 -512 257
49 5 726 176 -70 -394
49 6 151 33 125 -43
49 7 165 35 194 -627
49 8 -140 -487 -52 134
49 9 -68 -102 -70 491
49 10 -130 -538 -24 159
49 11 -572 -261 -117 45
49 12 175 414 160 -19
49 13 247 134 264 -33
49 14 33 228 210 -145
49 15 -150 119 -100 561
50 0 111 -90 -354 64
50 1 -363 -100 -67 119
50 2 -222 -56 173 -174
50 3 119 -334 254 -11
50 4 -320 181 -9 82
50 5 359 57 246 -205
50 6 -392 20 238 9
50 7 -93 111 -69 -36
50 8 98 17 -165 -237
50 9 -15 137 241 458
50 10 -154 275 145 17
50 11 -262 280 76 93
50 12 120 -106 -207 273
50 13 -105 -228 -175 -335
50 14 -80 131 84 -242
50 15 -213 -31 22 -244
51 0 367 245 34 215
51 1 -215 137 -20 -92
51 2 -208 -85 -67 427
51 3 135 232 466 193
51 4 -367 -115 213 144
51 5 91 -342 -24 -19
51 6 -517 -128 486 120
51 7 120 -67 -27 237
51 8 165 369 -176 435
51 9 11 115 257 314
51 10 133 -298 -160 -117
51 11 89 354 -79 -140
51 12 250 245 18 -10
51 13 -66 -135 152 -110
51 14 209 14 188 -458
51 15 -56 322 204 -166
52 0 331 -344 -26 -122
52 1 71 -73 85 -27
52 2 -12 251 97 -299
52 3 -159 60 160 -454
52 4 86 67 513 -49
52 5 26 10 -105 210
52 6 255 78 -26 21
52 7 -289 -493 -83 -603
52 8 -23 -315 332 -130
52 9 -134 -79 121 -271
52 10 -458 310 -94 150
52 11 -146 475 365 55
52 12 -78 -306 78 276
52 13 -227 -16 -145 -391
52 14 18 -33 -344 82
52 15 640 -72 391 165
53 0 -41 -37 145 -173
53 1 -16 215 336 -22
53 2 10 435 -219 -325
53 3 -261 -187 -76 120
53 4 261 -309 78 548
53 5 222 -274 -363 19
53 6 202 -556 -204 -42
53 7 117 64 -395 -251
53 8 -307 -25 -90 230
53 9 -29 -24 160 487
53 10 -51 -273 138 -476
53 11 -406 293 -223 -240
53 12 274 -29 151 -166
53 13 78 -210 -137 -313
53 14 616 405 229 179
53 15 -85 -177 302 273
54 0 -397 245 -81 482
54 1 760 -5 -326 -97
54 2 -10 -154 -431 -121
54 3 -426 513 -112 422
54 4 31 -53 1 -52
54 5 -175 122 -350 325
54 6 224 -258 -389 -405
54 7 -244 213 132 -154
54 8 -379 -44 78 246
54 9 165 31 -578 -217
54 10 -338 150 -322 28
54 11 190 -78 209 -4
54 12 -203 540 33 -228
54 13 39 112 -196 278
54 14 260 346 303 355
54 15 182 252 435 116
55 0 185 -42 -12 208
55 1 -192 360 323 -108
55 2 123 109 104 -249
55 3 -267 208 160 10
55 4 -72 -419 413 319
55 5 181 -483 71 48
55 6 -374 -106 297 213
55 7 -16 41 -350 9
55 8 319 269 -251 112
55 9 -122 145 231 -3
55 10 -172 329 -159 7
55 11 -91 305 -432 -213
55 12 144 56 46 -198
55 13 58 240 -396 166
55 14 471 7 289 -308
55 15 -219 -180 403 -190
56 0 -368 -38 -87 -516
56 1 -253 -336 -261 303
56 2 -138 315 -193 324
56 3 -186 -263 214 -44
56 4 73 448 -68 99
56 5 62 -283 -194 79
56 6 238 356 148 -120
56 7 311 -460 -256 -402
56 8 20 -100 38 18
56 9 -49 -181 741 -227
56 10 -395 -638 -431 -216
56 11 448 337 -48 361
56 12 -51 -242 68 41
56 13 46 -425 59 -174
56 14 -72 -526 -578 295
56 15 -30 -25 -629 22
57 0 -157 99 -186 -477
57 1 -62 -92 260 168
57 2 -6 -479 -402 -403
57 3 -648 250 -15 227
57 4 58 -286 324 116
57 5 -109 -313 -267 -100
57 6 -228 43 132 87
57 7 -83 95 172 160
57 8 167 -209 -161 106
57 9 326 -125 -288 -128
57 10 368 290 -38 57
57 11 -164 -286 -38 -194
57 12 -409 -87 -134 395
57 13 29 -500 -267 615
57 14 359 14 493 108
57 15 -180 -317 -217 -345
58 0 470 -399 -133 -309
58 1 -314 -37 410 -139
58 2 591 -340 -138 106
58 3 -290 -200 -58 31
58 4 71 247 218 -185
58 5 -306 -108 31 -688
58 6 -126 -365 -55 -137
58 7 52 73 8 228
58 8 -328 -147 78 -199
58 9 45 263 321 -276
58 10 128 197 293 -58
58 11 -81 -107 364 79
58 12 -130 -11 -264 1
58 13 -41 -368 74 -101
58 14 -119 -74 492 235
58 15 -147 145 238 -189
59 0 -214 -107 -463 273
59 1 -318 -82 -203 -199
59 2 -161 1 -152 5
59 3 170 194 -8 -245
59 4 69 107 -243 -89
59 5 -83 -299 -112 -188
59 6 -166 36 593 23
59 7 -484 270 -686 70
59 8 -421 -66 12 -184
59 9 -454 705 -21 120
59 10 94 25 227 12
59 11 304 469 191 -317
59 12 -257 -97 22 -49
59 13 346 5 23 175
59 14 -272 252 -347 558
59 15 0 -316 303 -401
60 0 390 150 263 -276
60 1 -108 -249 365 27
60 2 311 -691 -168 505
60 3 -1 85 283 -35
60 4 388 225 -69 304
60 5 -273 -527 -505 -87
60 6 409 -41 210 -48
60 7 181 -86 99 0
60 8 -149 46 61 -256
60 9 -219 221 177 -305
60 10 -187 -111 267 287
60 11 -17 28 454 107
60 12 117 -198 -284 -135
60 13 -41 -199 55 141
60 14 -21 123 -28 256
60 15 276 123 372 111
61 0 -385 384 -84 221
61 1 -9 -190 257 -13
61 2 257 -231 -588 -120
61 3 -88 389 364 455
61 4 164 299 -352 3
61 5 -125 180 -168 -190
61 6 35 65 -270 104
61 7 -186 562 -57 214
61 8 -62 -45 285 -46
61 9 107 -202 -347 88
61 10 196 72 206 205
61 11 -410 -42 -76 251
61 12 235 -93 -423 170
61 13 261 -506 14 85
61 14 -88 -33 103 159
61 15 -232 278 -410 -60
62 0 41 84 6 580
62 1 -22 93 7 -44
62 2 -157 493 -85 141
62 3 29 316 161 132
62 4 -360 321 238 -70
62 5 0 87 244 -276
62 6 -252 -250 -88 -439
62 7 44 442 -282 -465
62 8 62 -304 199 393
62 9 -136 227 -63 647
62 10 -153 66 -185 52
62 11 -36 123 -363 6
62 12 349 710 -3 -184
62 13 148 -28 0 67
62 14 501 -44 257 27
62 15 -28 -10 114 -232
63 0 -129 -533 -498 -432
63 1 56 125 239 -250
63 2 115 -169 -78 -20
63 3 -32 -118 238 -47
63 4 -39 111 70 -485
63 5 -229 -641 -161 -441
63 6 -187 -118 122 -306
63 7 -285 -139 -122 667
63 8 35 -123 -319 -56
63 9 -84 123 164 -215
63 10 320 -183 20 -38
63 11 40 25 283 -29
63 12 35 -203 37 -257
63 13 -507 -104 -20 -79
63 14 -666 -144 -419 -305
63 15 -432 367 -77 156
64 0 -343 163 -459 -253
64 1 -443 -296 -85 106
64 2 -145 -356 -323 247
64 3 -235 397 -80 -379
64 4 -168 -204 -17 146
64 5 -311 -387 -170 242
64 6 83 291 217 508
64 7 397 -521 247 -411
64 8 10 -59 -379 248
64 9 -282 -319 85 -510
64 10 -71 25 -72 241
64 11 5 -52 -18 -33
64 12 -444 -177 -242 -84
64 13 37 401 95 554
64 14 -9 28 -123 -124
64 15 86 62 -57 151
65 0 -177 7 -143 -510
65 1 -214 51 -104 -85
65 2 -78 208 -331 290
65 3 113 55 -122 -403
65 4 -396 -43 311 193
65 5 -333 -391 79 190
65 6 373 -338 53 -303
65 7 28 199 -96 -43
65 8 2 -340 97 275
65 9 -31 -139 -29 129
65 10 -183 -231 197 294
65 11 276 -121 -159 -82
65 12 -127 -329 128 -238
65 13 -152 -154 -221 -91
65 14 95 -120 -138 363
65 15 238 -349 -235 42
66 0 47 -255 -110 -260
66 1 518 -302 -160 -118
66 2 166 -48 15 -33
66 3 -196 -103 -39 -133
66 4 -481 -451 298 -464
66 5 -52 348 248 -100
66 6 -301 -94 -70 364
66 7 578 28 420 -34
66 8 256 -133 -248 -228
66 9 -363 -165 -245 323
66 10 159 40 -296 -433
66 11 69 120 -169 584
66 12 -114 297 219 -437
66 13 -151 32 10 237
66 14 -269 -109 222 -129
66 15 -300 -240 86 -162
67 0 -170 347 187 -205
67 1 -488 84 322 205
67 2 37 -169 -395 -137
67 3 -319 -207 191 -176
67 4 35 -400 -168 79
67 5 -137 -194 -89 -32
67 6 193 55 -127 164
67 7 -252 222 66 199
67 8 165 -297 -501 594
67 9 414 -626 -302 -152
67 10 478 228 209 339
67 11 204 148 -181 104
67 12 277 38 325 598
67 13 38 -260 -244 -218
67 14 6 200 151 234
67 15 273 14 -131 -213
68 0 -143 -34 -66 -139
68 1 270 -283 -111 -90
68 2 -71 -198 -33 65
68 3 348 -45 30 -22
68 4 27 22 -154 -355
68 5 -147 -159 163 168
68 6 -374 -73 -48 -299
68 7 -250 149 241 238
68 8 156 -182 -38 -18
68 9 75 19 -33 200
68 10 48 -29 -129 64
68 11 103 -166 -89 -341
68 12 -216 10 -231 93
68 13 -238 312 -192 381
68 14 225 29 -150 -91
68 15 -67 77 260 6
69 0 400 -254 70 220
69 1 135 -299 -12 -194
69 2 36 168 -59 -167
69 3 194 -351 247 -323
69 4 -221 -107 -274 144
69 5 -92 178 309 -274
69 6 233 235 -160 -348
69 7 -46 754 668 235
69 8 -3 -97 139 -306
69 9 -26 210 -36 258
69 10 -92 -146 83 132
69 11 -103 -141 111 53
69 12 74 -3 175 -239
69 13 -89 21 325 -346
69 14 -307 260 -152 227
69 15 195 458 157 -97
70 0 -331 -170 88 -119
70 1 -45 449 -56 -144
70 2 330 273 350 253
70 3 -145 -42 -243 -1
70 4 440 -90 135 325
70 5 146 -84 -44 -296
70 6 134 129 -106 366
70 7 335 -201 -373 111
70 8 207 418 127 -405
70 9 -351 147 86 -653
70 10 -143 -244 -349 -162
70 11 66 -214 -327 15
70 12 -176 -167 200 -302
70 13 140 106 -22 62
70 14 -396 -671 -387 8
70 15 143 -110 -407 260
71 0 -788 91 -361 -126
71 1 130 273 -366 186
71 2 12 37 -305 -111
71 3 -122 61 -595 36
71 4 -20 -162 -633 142
71 5 80 -337 -545 198
71 6 305 192 -53 -166
71 7 -399 -69 -253 220
71 8 -766 99 95 275
71 9 0 -126 -161 -260
71 10 -67 -404 -114 226
71 11 308 -438 37 -280
71 12 -51 -42 434 -328
71 13 -57 170 -166 -22
71 14 -74 312 -126 117
71 15 71 -155 -44 253
72 0 87 -176 -130 -218
72 1 34 202 -207 -88
72 2 5 202 350 100
72 3 88 -434 66 -75
72 4 -5 196 -79 -217
72 5 -105 -258 379 -581
72 6 -311 -317 150 -170
72 7 55 27 274 -36
72 8 315 -465 -111 365
72 9 -281 -153 57 -14
72 10 -84 -430 125 -264
72 11 75 -154 -272 -110
72 12 -316 167 28 -226
72 13 255 364 -135 63
72 14 -361 214 -365 286
72 15 35 147 214 473
73 0 -214 193 -174 -115
73 1 390 -430 188 69
73 2 146 -123 -454 -377
73 3 -145 458 -136 -71
73 4 -244 -419 -69 -101
73 5 367 29 412 165
73 6 166 161 17 365
73 7 64 230 35 136
73 8 125 -156 -105 -397
73 9 -567 -171 -505 262
73 10 375 469 -270 188
73 11 -13 -392 229 296
73 12 -242 -110 173 -357
73 13 -244 71 -135 827
73 14 -81 -104 163 -260
73 15 -574 -161 -231 136
74 0 68 -191 190 127
74 1 -455 -374 -11 -143
74 2 246 -240 -191 67
74 3 284 94 625 -54
74 4 146 333 -251 -101
74 5 34 -138 29 -213
74 6 -411 -186 -21 207
74 7 60 117 -315 485
74 8 -39 379 -185 -121
74 9 351 244 481 -68
74 10 131 282 253 28
74 11 138 317 410 -114
74 12 441 -522 -784 42
74 13 151 -278 10 -370
74 14 -219 115 102 -145
74 15 -159 560 -78 -395
75 0 -153 -345 203 626
75 1 75 99 -248 -236
75 2 -165 -48 -655 121
75 3 -203 622 17 216
75 4 -467 312 344 167
75 5 392 62 -154 -99
75 6 375 147 -97 -75
75 7 264 -7 -19 -603
75 8 -151 405 -51 -52
75 9 121 53 -41 -231
75 10 89 228 -255 97
75 11 -103 387 298 -9
75 12 89 357 82 -77
75 13 -42 -23 109 -267
75 14 296 -273 -18 -692
75 15 399 534 -130 -271
76 0 109 66 -91 -511
76 1 93 -78 -110 -184
76 2 71 -278 -98 -246
76 3 -403 297 287 363
76 4 -268 -71 181 85
76 5 362 -523 -295 -310
76 6 -182 -425 323 1
76 7 40 -156 -388 161
76 8 -203 -385 -120 291
76 9 55 338 162 305
76 10 -72 -151 -99 240
76 11 108 -44 483 232
76 12 352 -187 -86 -378
76 13 119 -448 -71 114
76 14 -205 44 336 98
76 15 -334 -37 16 -5
77 0 -569 -155 247 17
77 1 154 467 24 -72
77 2 261 357 125 -246
77 3 190 30 -632 -625
77 4 489 -279 -398 -155
77 5 -105 328 24 154
77 6 280 -143 -765 -164
77 7 -265 -111 -530 342
77 8 -383 -218 181 241
77 9 -10 -205 -493 -422
77 10 217 512 -48 108
77 11 464 -666 167 -126
77 12 228 -273 107 6
77 13 -194 256 -258 19
77 14 20 91 95 -39
77 15 214 80 -124 334
78 0 0 -178 270 128
78 1 -25 -151 82 -21
78 2 0 -271 169 -167
78 3 -257 -435 -250 67
78 4 392 -79 -372 94
78 5 -88 12 -18 -19
78 6 247 340 -264 -288
78 7 101 114 149 296
78 8 -116 224 -507 -266
78 9 423 411 325 -491
78 10 185 238 -52 -29
78 11 379 -217 227 -13
78 12 -4 42 27 40
78 13 113 296 219 273
78 14 3 -100 42 129
78 15 -269 268 -51 -449
79 0 20 237 -65 84
79 1 162 -136 168 321
79 2 -107 372 34 -171
79 3 192 -648 -117 212
79 4 507 165 -154 -74
79 5 190 -173 166 -251
79 6 -422 -55 -162 18
79 7 -169 -85 -369 306
79 8 -268 -12 -84 -158
79 9 -233 218 366 461
79 10 525 83 86 -625
79 11 -275 250 23 -173
79 12 -236 60 23 486
79 13 32 5 168 339
79 14 191 -34 -381 -9
79 15 -362 95 372 172
80 0 -112 -137 21 379
80 1 -182 -56 -250 -92
80 2 409 -40 -85 429
80 3 532 150 -52 152
80 4 142 623 -183 -597
80 5 -105 97 -62 -505
80 6 -195 -115 -211 -290
80 7 3 410 -469 -85
80 8 -532 -167 247 -407
80 9 151 364 160 135
80 10 -90 110 279 352
80 11 -19 110 -195 -55
80 12 138 550 -187 -9
80 13 132 33 184 -57
80 14 -215 -248 209 245
80 15 33 -166 141 -146
81 0 -84 -220 371 -232
81 1 97 -130 -368 268
81 2 133 453 56 -523
81 3 298 77 -178 -104
81 4 -21 -254 -299 -262
81 5 680 -94 644 38
81 6 -305 -208 52 237
81 7 -335 -239 -256 52
81 8 97 -41 23 306
81 9 82 -398 -138 0
81 10 187 153 -246 18
81 11 345 -497 -4 -593
81 12 -109 -73 50 -163
81 13 301 357 -240 10
81 14 112 265 89 -213
81 15 14 -74 100 273
82 0 -206 -81 -17 -25
82 1 212 178 31 -212
82 2 213 -112 -236 -55
82 3 162 405 35 277
82 4 117 -183 215 -61
82 5 -99 -219 -176 -263
82 6 -60 -238 -90 -14
82 7 214 248 -240 11
82 8 -32 -89 -7 -231
82 9 -47 52 -350 71
82 10 56 67 160 20
82 11 -500 -65 -502 -33
82 12 -64 340 -160 -246
82 13 220 -94 169 350
82 14 8 -175 252 -106
82 15 -255 -130 88 189
83 0 -383 309 -328 231
83 1 -100 264 145 466
83 2 -161 400 183 312
83 3 86 -275 186 71
83 4 496 89 -36 177
83 5 -218 -414 -141 -394
83 6 -133 -288 -331 -760
83 7 -329 417 -608 195
83 8 -81 -158 -89 18
83 9 -182 293 -372 274
83 10 -288 139 -193 41
83 11 -5 -244 -405 -210
83 12 154 844 190 113
83 13 -214 -379 -100 86
83 14 31 65 107 442
83 15 18 -129 256 166
84 0 154 -369 -1 -79
84 1 7 -28 112 -133
84 2 -61 -140 -104 -290
84 3 159 83 238 143
84 4 -207 146 28 -337
84 5 22 -61 262 -95
84 6 -85 159 279 44
84 7 -151 2 185 -96
84 8 347 -50 -67 -39
84 9 73 -300 0 -98
84 10 240 21 281 -28
84 11 -281 202 -180 3
84 12 -47 -83 -129 39
84 13 218 102 72 -33
84 14 -117 -104 -251 -397
84 15 -272 110 -115 -90
85 0 -557 -60 -91 -3
85 1 -386 -187 -133 -8
85 2 -142 -105 -167 51
85 3 258 389 172 -17
85 4 -295 -103 -401 47
85 5 117 103 -69 256
85 6 91 469 578 -149
85 7 -139 -227 -255 -271
85 8 376 15 -105 89
85 9 -8 81 -137 -22
85 10 -334 -314 -612 222
85 11 239 78 -357 188
85 12 259 173 -367 -32
85 13 252 -330 218 -203
85 14 156 -94 -45 -149
85 15 -246 105 -466 -248
86 0 203 -240 331 -490
86 1 265 -146 -36 207
86 2 408 254 -61 -175
86 3 -341 -390 -98 214
86 4 -234 -77 450 -33
86 5 501 -83 78 -151
86 6 14 -271 74 474
86 7 223 -331 292 -128
86 8 314 201 -79 -120
86 9 68 -300 237 118
86 10 85 -334 -237 -364
86 11 -133 249 13 12
86 12 -144 -124 243 -187
86 13 -77 -130 -312 -530
86 14 -52 29 -147 3
86 15 230 -261 56 182
87 0 130 -38 187 -1
87 1 9 -51 -98 -121
87 2 26 69 -272 232
87 3 398 -134 -124 221
87 4 109 288 71 -211
87 5 92 -187 99 -189
87 6 257 70 110 -41
87 7 -423 -305 -28 -369
87 8 -156 -199 183 -31
87 9 -39 -47 102 -198
87 10 213 -312 47 148
87 11 -299 431 -42 -257
87 12 -388 283 177 535
87 13 212 257 423 -204
87 14 -8 -401 -781 3
87 15 622 277 462 321
88 0 -1 178 -718 95
88 1 -234 -264 -162 446
88 2 -145 258 -133 216
88 3 -369 -255 250 268
88 4 36 138 -23 -242
88 5 -309 -306 51 -565
88 6 -469 -4 -337 257
88 7 -12 426 30 195
88 8 -519 158 -125 -4
88 9 -50 -166 117 6
88 10 278 -61 291 -98
88 11 -174 23 -183 -196
88 12 -277 553 521 -5
88 13 90 2 321 188
88 14 -658 -136 -11 381
88 15 -51 -161 102 -233
89 0 -393 217 -299 597
89 1 -160 2 -283 -14
89 2 301 153 -461 458
89 3 286 418 60 -58
89 4 -291 61 -15 -417
89 5 -253 -134 8 -57
89 6 -116 -119 -174 204
89 7 101 426 -90 241
89 8 -233 262 -231 -13
89 9 57 -107 -115 10
89 10 68 68 126 315
89 11 82 224 -327 -131
89 12 -64 446 91 -346
89 13 -175 330 10 -87
89 14 -433 83 84 59
89 15 32 65 41 98
90 0 -529 -337 -160 -335
90 1 -132 -410 99 -2
90 2 -173 72 -247 -181
90 3 -554 45 -144 92
90 4 -126 -225 190 77
90 5 184 -35 -60 192
90 6 96 -98 -371 569
90 7 5 -451 166 -479
90 8 267 306 -434 91
90 9 88 -320 -53 -208
90 10 250 -28 -406 -74
90 11 -319 150 39 -389
90 12 -62 -167 -36 19
90 13 -125 330 -137 -203
90 14 158 -193 -421 -341
90 15 338 27 -145 -184
91 0 507 292 276 63
91 1 159 169 -270 -116
91 2 -87 116 146 -84
91 3 -4 188 283 -362
91 4 -202 -511 72 178
91 5 -3 -68 174 389
91 6 -62 214 3 131
91 7 262 841 650 263
91 8 161 -60 174 123
91 9 290 -439 -11 169
91 10 -211 -124 278 394
91 11 344 -266 -390 -163
91 12 -30 -218 727 -285
91 13 -177 380 -357 255
91 14 -62 186 408 224
91 15 222 -447 -138 -16
92 0 91 49 115 182
92 1 193 32 -47 520
92 2 -103 298 -193 -295
92 3 182 -521 15 -155
92 4 15 43 7 9
92 5 128 -75 450 -29
92 6 35 90 -382 145
92 7 120 138 -164 230
92 8 -188 256 -190 -182
92 9 -105 -494 25 -16
92 10 423 780 551 -331
92 11 -75 179 27 280
92 12 -25 -94 244 203
92 13 87 -8 -70 55
92 14 -109 -16 -153 -388
92 15 -204 74 119 -40
93 0 238 -112 181 -356
93 1 92 142 507 -131
93 2 157 -599 -140 331
93 3 -53 13 211 567
93 4 -27 223 114 -494
93 5 -45 -112 35 -225
93 6 8 -822 104 78
93 7 -410 147 177 27
93 8 358 12 -199 228
93 9 -6 -539 -598 124
93 10 563 -158 517 -66
93 11 -204 165 93 -193
93 12 191 289 121 38
93 13 -131 -65 -479 -312
93 14 -111 196 55 -116
93 15 107 -199 249 48
94 0 -156 -246 470 -233
94 1 -277 -111 -308 -210
94 2 209 423 221 -6
94 3 134 -230 -298 -352
94 4 35 -303 67 -1
94 5 341 18 323 -131
94 6 168 -171 -213 59
94 7 -17 -597 -153 -5
94 8 212 -192 -358 251
94 9 356 272 222 -327
94 10 4 -87 -679 270
94 11 429 -175 203 -288
94 12 -4 -59 -68 124
94 13 13 318 251 -467
94 14 -141 -249 -306 93
94 15 579 462 -1 232
95 0 -219 -580 -205 174
95 1 519 -12 -92 96
95 2 75 318 190 -345
95 3 396 223 146 -402
95 4 179 279 92 -783
95 5 -293 135 -43 -349
95 6 -308 266 -257 -535
95 7 34 104 -129 -290
95 8 71 -636 334 -379
95 9 -271 11 -358 144
95 10 -236 409 -77 -54
95 11 -278 -136 -374 174
95 12 9 462 -219 -180
95 13 -124 -11 56 352
95 14 -162 24 -41 -144
95 15 -207 -155 97 197
96 0 383 -329 136 -201
96 1 446 -47 -30 151
96 2 -23 -97 264 -268
96 3 -163 -374 -70 120
96 4 150 157 -140 91
96 5 -84 40 -34 -166
96 6 382 62 -7 -120
96 7 142 174 426 -154
96 8 -108 57 188 -334
96 9 -155 -73 -102 -180
96 10 -120 -151 498 -280
96 11 -166 -238 142 138
96 12 -121 -81 199 -453
96 13 349 62 82 12
96 14 -325 285 -149 290
96 15 -34 -247 118 35
97 0 147 240 11 200
97 1 7 520 -41 -111
97 2 299 -26 -86 -54
97 3 -2 239 -545 -194
97 4 -140 -185 7 -255
97 5 -73 239 -45 367
97 6 -106 156 350 240
97 7 -92 -774 -372 -284
97 8 -506 -283 270 590
97 9 -253 -265 240 -387
97 10 -76 187 -87 -146
97 11 369 366 -30 444
97 12 -160 72 96 285
97 13 232 277 -11 187
97 14 485 20 316 -190
97 15 -82 23 508 259
98 0 173 302 146 -120
98 1 -14 22 607 47
98 2 331 -396 -70 162
98 3 -461 198 127 371
98 4 155 -204 98 210
98 5 105 55 279 163
98 6 -174 -206 298 392
98 7 -363 188 17 261
98 8 580 442 158 -24
98 9 -337 -197 -379 -193
98 10 158 125 -308 -125
98 11 226 -118 -3 -50
98 12 -96 -80 26 87
98 13 -4 -242 -640 261
98 14 383 -128 301 59
98 15 -70 -238 27 -297
99 0 41 196 38 -211
99 1 -158 -206 -113 103
99 2 -62 -68 -152 -214
99 3 157 405 0 609
99 4 -231 424 14 -82
99 5 89 -100 478 63
99 6 242 -276 66 -226
99 7 -443 -63 -205 -464
99 8 24 -405 278 322
99 9 352 -230 -140 -111
99 10 -235 132 315 686
99 11 -266 -418 -90 -124
99 12 -58 75 -434 40
99 13 691 71 180 148
99 14 133 -291 59 143
99 15 -118 -84 -137 93
100 0 13 203 -174 65
100 1 102 -320 -248 172
100 2 -802 134 101 131
100 3 201 19 566 -15
100 4 -166 -338 -83 130
100 5 228 -415 247 247
100 6 238 -142 -76 -305
100 7 -394 436 -271 13
100 8 19 18 -443 -44
100 9 -170 58 -513 437
100 10 -76 182 -29 480
100 11 248 42 168 -144
100 12 380 472 721 -192
100 13 -231 106 132 11
100 14 -447 -53 -276 15
100 15 166 -138 227 -196
101 0 68 15 -76 -125
101 1 132 -72 -162 -180
101 2 -125 -442 -370 -78
101 3 185 -415 317 102
101 4 38 35 -238 -132
101 5 251 -312 10 -3
101 6 -183 55 217 -265
101 7 -147 281 20 31
101 8 -208 -339 -273 -194
101 9 -5 -201 339 221
101 10 -17 47 240 -149
101 11 75 709 -7 249
101 12 -188 10 201 514
101 13 -111 -45 -309 116
101 14 140 13 -112 -75
101 15 -207 167 472 23
102 0 -39 -98 17 -93
102 1 -366 -231 16 48
102 2 -102 -7 -278 465
102 3 418 397 203 -70
102 4 67 145 -272 26
102 5 -16 93 147 177
102 6 115 -184 356 -149
102 7 402 60 -533 -88
102 8 -132 258 40 -210
102 9 -288 56 78 166
102 10 -64 -187 54 -406
102 11 387 -28 18 90
102 12 63 47 -280 -362
102 13 136 -539 294 109
102 14 160 -62 469 4
102 15 -670 -87 -490 -104
103 0 -149 -71 -179 -31
103 1 -295 238 -200 -206
103 2 222 -199 -193 -216
103 3 -141 207 -350 143
103 4 -630 -133 125 301
103 5 102 81 -11 -265
103 6 -83 88 421 371
103 7 345 112 53 13
103 8 -17 128 10 -1
103 9 77 181 44 37
103 10 34 -62 207 90
103 11 -272 -92 -293 180
103 12 -124 -233 -298 -277
103 13 496 -167 67 -41
103 14 -9 11 340 -101
103 15 -269 -207 -342 -288
104 0 -266 191 -457 30
104 1 -197 161 312 93
104 2 333 110 157 -323
104 3 -523 -195 -492 244
104 4 36 18 452 -16
104 5 -286 -278 -456 -172
104 6 -209 -349 -150 -112
104 7 -431 -342 28 434
104 8 -36 -101 -329 273
104 9 618 640 214 12
104 10 18 50 -173 245
104 11 -390 -150 134 -488
104 12 -212 -61 -441 181
104 13 -335 65 -158 -213
104 14 50 391 83 434
104 15 9 -24 207 137
105 0 -479 6 51 115
105 1 347 421 -299 -101
105 2 -40 -14 -18 -4
105 3 46 -243 -400 106
105 4 400 -64 -136 189
105 5 478 82 -85 111
105 6 175 -65 119 -94
105 7 342 9 -497 419
105 8 -152 366 -348 -576
105 9 -198 287 59 -76
105 10 138 49 -100 -753
105 11 462 151 186 210
105 12 -434 -190 223 -56
105 13 -166 -191 -315 277
105 14 -103 -56 8 -16
105 15 -610 -82 -371 268
106 0 -596 329 -341 -14
106 1 209 324 67 -228
106 2 22 -376 -235 -43
106 3 -351 119 -225 451
106 4 -109 -368 -219 -62
106 5 -73 45 -326 -25
106 6 -151 -163 -209 -69
106 7 -307 -26 -198 476
106 8 -246 -85 -262 437
106 9 82 -7 -451 -12
106 10 318 -17 -313 51
106 11 63 -153 12 266
106 12 220 293 108 132
106 13 -131 -156 -52 169
106 14 -3 -93 254 -194
106 15 -306 285 1 -24
107 0 -348 147 -282 -76
107 1 -371 283 258 -164
107 2 71 208 245 2
107 3 -189 -197 21 58
107 4 117 -177 -60 190
107 5 106 166 124 -208
107 6 97 -321 -149 94
107 7 -419 173 -631 66
107 8 112 -164 -58 24
107 9 -257 110 -327 106
107 10 -127 64 -102 191
107 11 -25 104 -168 234
107 12 362 16 192 133
107 13 39 -245 -218 -398
107 14 -331 -251 -99 359
107 15 37 -214 -142 -31
108 0 101 26 133 459
108 1 -7 -30 -14 -616
108 2 157 -326 -85 311
108 3 -223 344 60 194
108 4 102 -97 -164 -125
108 5 134 210 -123 70
108 6 -230 -562 107 49
108 7 208 94 -204 -64
108 8 -244 114 -367 164
108 9 -73 482 201 145
108 10 -65 -99 -268 -340
108 11 507 471 373 -24
108 12 136 307 -123 -280
108 13 -23 269 -160 88
108 14 283 326 572 194
108 15 -227 312 458 -125
109 0 -433 -130 -217 -215
109 1 100 37 -100 -160
109 2 -182 -295 -463 66
109 3 134 -78 -100 -129
109 4 83 -59 -280 -99
109 5 168 307 -196 342
109 6 561 63 117 -124
109 7 63 -50 394 -424
109 8 11 -239 -222 -301
109 9 -138 -635 -329 -42
109 10 -90 -354 53 -354
109 11 -114 367 -2 181
109 12 -541 -6 226 334
109 13 -442 -127 -230 -246
109 14 -42 276 -148 -6
109 15 -5 71 -238 648
110 0 46 -24 -419 321
110 1 -203 -345 -20 197
110 2 -77 -231 -272 31
110 3 164 425 104 -20
110 4 -140 499 -426 -42
110 5 -184 261 -18 -409
110 6 -444 342 332 -106
110 7 -71 480 285 158
110 8 -261 90 596 -177
110 9 -218 316 -198 308
110 10 193 -46 168 -68
110 11 -214 -525 271 -288
110 12 -250 -34 -562 -31
110 13 156 -482 263 333
110 14 59 443 363 38
110 15 -227 120 -291 -345
111 0 -124 350 -136 -39
111 1 87 330 -106 -123
111 2 532 222 583 194
111 3 -325 -213 -99 158
111 4 245 -42 -26 -521
111 5 188 204 35 3
111 6 -630 -438 -170 24
111 7 242 26 48 183
111 8 191 -410 -189 236
111 9 177 -174 455 221
111 10 -531 -414 -505 -151
111 11 513 -54 -414 143
111 12 -66 293 259 -181
111 13 -518 406 -786 107
111 14 -96 116 597 514
111 15 -423 -355 -51 629
112 0 148 127 411 108
112 1 -183 -90 -8 538
112 2 511 505 -335 -263
112 3 -36 22 113 -56
112 4 -262 19 34 -203
112 5 63 -437 150 -497
112 6 206 448 271 47
112 7 -71 68 -101 63
112 8 120 -256 -31 316
112 9 226 -147 93 -156
112 10 208 -15 -104 469
112 11 217 -32 -354 191
112 12 177 440 298 -180
112 13 522 -202 329 -169
112 14 -297 29 -81 350
112 15 104 -39 -96 -59
113 0 -149 -49 -122 220
113 1 402 -274 -52 304
113 2 144 459 231 -347
113 3 -3 -163 167 -495
113 4 45 -310 -212 -103
113 5 -95 136 -55 1
113 6 -190 686 -276 233
113 7 18 312 434 336
113 8 208 126 202 -363
113 9 -241 -41 -172 134
113 10 -94 11 -374 50
113 11 -81 -217 -245 80
113 12 122 -81 265 -316
113 13 -283 161 -1 29
113 14 -431 210 -342 43
113 15 144 -80 -51 -11
114 0 -183 -165 18 328
114 1 137 616 -72 -96
114 2 -73 190 260 -497
114 3 8 268 -90 141
114 4 -65 282 213 38
114 5 54 227 -274 -126
114 6 140 599 272 68
114 7 19 -234 -300 -225
114 8 197 -18 356 -95
114 9 35 101 -72 -268
114 10 -73 88 181 25
114 11 -414 189 -342 423
114 12 168 -222 -139 42
114 13 502 -169 175 -83
114 14 -218 -289 -376 -301
114 15 -161 -147 -545 -41
115 0 -107 -139 -377 145
115 1 -268 356 670 -366
115 2 339 350 9 -214
115 3 -338 229 -56 -385
115 4 -344 85 12 -287
115 5 -171 308 181 -205
115 6 -9 464 131 -51
115 7 -147 181 221 34
115 8 504 -524 267 258
115 9 -309 -157 108 65
115 10 69 -239 -383 211
115 11 -13 -98 -280 390
115 12 195 -241 146 -124
115 13 -468 70 -252 -41
115 14 -58 -196 -130 -132
115 15 -376 136 -703 140
116 0 -54 -148 205 -80
116 1 -57 228 -686 -441
116 2 -131 -223 -229 -58
116 3 108 22 -268 -405
116 4 -554 -556 -250 44
116 5 382 -201 40 -434
116 6 -352 -428 252 185
116 7 257 38 -456 -195
116 8 -640 -544 -363 704
116 9 -327 154 -175 401
116 10 329 191 139 -10
116 11 561 252 164 126
116 12 272 264 303 -156
116 13 547 220 -64 141
116 14 170 403 393 -113
116 15 314 10 772 -302
117 0 182 180 513 -108
117 1 40 -42 -281 440
117 2 -274 78 290 -406
117 3 279 176 482 -320
117 4 240 -294 8 192
117 5 415 -468 -218 154
117 6 -378 330 323 252
117 7 13 -332 -71 142
117 8 342 -5 -88 258
117 9 289 -134 -34 89
117 10 29 220 -82 216
117 11 82 -109 21 -380
117 12 240 -273 -105 246
117 13 137 -95 -105 132
117 14 84 430 -9 -292
117 15 336 -90 81 98
118 0 165 -123 -285 -32
118 1 -3 45 114 427
118 2 -96 46 364 -36
118 3 391 199 513 -229
118 4 53 18 -192 -6
118 5 -297 94 91 111
118 6 -269 315 297 -439
118 7 -57 253 -82 264
118 8 246 155 476 -296
118 9 -237 -106 -307 60
118 10 -568 126 16 -56
118 11 30 -527 -332 205
118 12 244 82 -264 -326
118 13 -54 -640 54 58
118 14 -114 173 500 -120
118 15 -568 -235 -310 -82
119 0 119 71 385 -236
119 1 25 324 -64 -82
119 2 104 68 -238 -112
119 3 -20 -145 192 -57
119 4 -33 -142 243 913
119 5 668 -251 20 -155
119 6 700 2 -59 152
119 7 426 33 -161 -201
119 8 42 41 86 -343
119 9 -233 -248 73 -116
119 10 -324 98 124 159
119 11 -328 146 105 510
119 12 149 -456 241 -13
119 13 45 -409 -123 -379
119 14 -112 -317 -180 -269
119 15 316 243 -178 507
120 0 -425 -75 -52 150
120 1 -511 424 -211 -388
120 2 -298 -55 -76 41
120 3 -197 61 -278 116
120 4 277 -290 163 216
120 5 -33 -192 -190 -154
120 6 46 -523 -239 160
120 7 239 88 -415 1
120 8 -223 148 -817 220
120 9 504 209 -46 -273
120 10 392 171 400 -133
120 11 -11 219 -167 -558
120 12 -244 138 56 199
120 13 276 300 66 49
120 14 -50 12 200 164
120 15 53 -32 -96 -116
121 0 -377 32 -473 -175
121 1 156 -223 -401 -239
121 2 -278 67 -466 -249
121 3 -26 284 374 251
121 4 -92 324 -98 -232
121 5 154 -45 -122 287
121 6 111 132 -4 36
121 7 -161 413 -111 160
121 8 -272 -112 181 -303
121 9 256 -256 216 142
121 10 -42 -326 318 73
121 11 -3 355 157 102
121 12 -223 -655 201 5
121 13 -138 -250 -131 -17
121 14 -572 -287 -386 218
121 15 -380 -146 -768 68
122 0 195 -234 -3 -142
122 1 -155 -119 85 -168
122 2 -265 31 169 309
122 3 51 23 71 -347
122 4 171 81 -27 104
122 5 -83 272 123 322
122 6 341 230 -261 -43
122 7 159 73 213 -189
122 8 -9 158 236 -353
122 9 -76 -166 166 -248
122 10 -143 -94 19 71
122 11 144 -150 214 -69
122 12 -35 -351 282 38
122 13 -429 139 79 -47
122 14 -90 -438 -165 -127
122 15 216 -17 -426 -50
123 0 -386 -222 -69 74
123 1 433 134 -49 -279
123 2 63 127 -400 -529
123 3 -36 589 -117 431
123 4 -66 66 376 -498
123 5 -112 -268 -337 49
123 6 270 31 -18 -242
123 7 -76 -81 -331 -323
123 8 -86 -435 -117 -16
123 9 343 43 -104 -55
123 10 80 13 115 189
123 11 -432 314 -420 66
123 12 -95 291 -40 -221
123 13 277 163 258 317
123 14 -12 -278 -177 -37
123 15 -436 -184 -115 181
124 0 11 20 -124 39
124 1 -226 216 161 407
124 2 146 -278 255 -101
124 3 -104 -164 -499 -92
124 4 -563 310 14 -49
124 5 64 578 -234 14
124 6 6 579 324 115
124 7 -17 -254 173 -311
124 8 25 -7 371 -109
124 9 -6 -54 -51 204
124 10 -85 240 85 271
124 11 -205 -84 -44 543
124 12 321 -67 -117 271
124 13 -108 -353 -248 -354
124 14 216 100 291 -306
124 15 34 -619 -316 -469
125 0 -594 -82 -278 610
125 1 -193 87 38 -138
125 2 -181 -5 -233 -189
125 3 -240 201 -115 189
125 4 148 122 -599 30
125 5 -69 -48 51 -292
125 6 57 247 -71 -214
125 7 -336 644 -105 160
125 8 -59 161 -290 75
125 9 2 257 -293 -233
125 10 339 56 6 70
125 11 153 -230 -110 -385
125 12 -80 272 59 -174
125 13 323 334 -8 338
125 14 -106 176 -157 169
125 15 -269 253 -281 -350
126 0 7 -45 -148 -167
126 1 -403 274 201 -2
126 2 -305 -435 255 386
126 3 463 101 -322 -261
126 4 10 -123 -111 -148
126 5 -280 341 -9 105
126 6 -44 -217 275 -18
126 7 147 -544 204 100
126 8 167 43 -302 228
126 9 -25 -126 -468 -27
126 10 427 -11 248 -257
126 11 -122 -434 155 -237
126 12 -195 82 -412 288
126 13 -287 -77 306 1
126 14 43 369 378 -480
126 15 -188 136 -227 306
127 0 464 272 -314 180
127 1 -281 389 278 19
127 2 -252 -143 81 414
127 3 -369 238 270 262
127 4 -175 247 290 437
127 5 96 40 135 -44
127 6 316 96 92 72
127 7 86 210 -41 -363
127 8 -68 218 313 -113
127 9 -406 -284 -20 -208
127 10 -283 91 254 255
127 11 -182 22 89 392
127 12 96 140 551 1
127 13 -152 -172 -43 11
127 14 -167 -522 179 -226
127 15 27 -119 -263 -4
128 0 54 362 -336 229
128 1 -209 -18 446 31
128 2 89 -88 38 -9
128 3 -217 207 52 -75
128 4 692 -24 -376 327
128 5 9 -308 188 115
128 6 109 -4 -330 -64
128 7 -325 160 -126 50
128 8 -273 -59 68 -107
128 9 -376 -46 92 -453
128 10 -307 395 -34 367
128 11 -48 -487 278 -351
128 12 -270 -102 15 33
128 13 -270 556 -227 679
128 14 129 43 135 116
128 15 -125 333 325 552
129 0 -492 214 -471 318
129 1 -119 157 338 55
129 2 68 648 193 -298
129 3 -396 -59 -418 97
129 4 -8 183 103 139
129 5 510 62 198 -302
129 6 -92 -448 -184 561
129 7 -504 -378 -597 -184
129 8 74 -19 -49 217
129 9 -686 285 -183 380
129 10 249 180 -293 -48
129 11 -445 105 344 -238
129 12 71 -203 -49 -62
129 13 -118 371 -412 -206
129 14 -132 195 -627 -7
129 15 142 -15 135 426
130 0 161 58 -140 -218
130 1 195 -443 6 460
130 2 -97 -219 -388 -14
130 3 89 62 472 -4
130 4 74 235 265 -559
130 5 -342 -399 -245 218
130 6 -231 106 12 -96
130 7 -104 2 161 104
130 8 -88 -111 -73 -133
130 9 316 -400 90 60
130 10 164 274 348 11
130 11 -55 360 75 -40
130 12 -195 43 -25 335
130 13 -304 -294 -90 215
130 14 -53 100 17 16
130 15 -85 -241 153 -131
131 0 102 -32 120 -314
131 1 -88 388 21 -90
131 2 290 -51 345 132
131 3 176 -217 -207 17
131 4 497 -369 -175 289
131 5 -92 -458 157 -257
131 6 79 -286 282 -139
131 7 95 -149 80 155
131 8 211 -69 -193 65
131 9 -198 28 -47 -520
131 10 -295 -414 -8 -164
131 11 30 -513 -451 -372
131 12 -529 218 -52 -313
131 13 363 370 91 285
131 14 -68 200 65 339
131 15 -87 104 373 750
132 0 -54 -358 -44 141
132 1 -524 -51 -447 -368
132 2 -536 -11 173 -77
132 3 -247 -17 104 -154
132 4 -89 -2 179 115
132 5 222 24 149 -144
132 6 -287 -100 -55 -62
132 7 -106 -271 -130 -436
132 8 20 -134 -439 368
132 9 448 338 288 -288
132 10 -82 270 -277 131
132 11 280 315 313 -434
132 12 -88 37 -136 536
132 13 181 269 48 -221
132 14 137 -153 -84 -62
132 15 555 414 137 -480
133 0 163 -53 149 39
133 1 -48 -61 -192 -100
133 2 127 -218 -400 -386
133 3 192 536 207 -347
133 4 129 167 -29 330
133 5 395 276 21 -45
133 6 259 99 361 290
133 7 143 -104 -30 -224
133 8 -119 -167 484 -332
133 9 -232 -101 -230 -206
133 10 -161 384 289 -50
133 11 -199 7 645 162
133 12 -409 -739 -568 237
133 13 266 -581 -49 -28
133 14 -75 407 207 12
133 15 168 308 -214 429
134 0 66 -218 -186 377
134 1 -79 327 -303 -527
134 2 -152 -166 283 86
134 3 256 -128 91 -203
134 4 41 -173 293 -274
134 5 -205 493 -388 -455
134 6 9 33 -179 -452
134 7 389 74 202 3
134 8 -158 -504 -436 -351
134 9 465 553 -152 136
134 10 -140 91 31 24
134 11 -331 366 -24 372
134 12 -63 630 -15 474
134 13 -352 -276 659 -385
134 14 -581 9 353 102
134 15 94 401 30 198
135 0 -491 31 -539 -416
135 1 -215 -418 -164 -322
135 2 -118 129 -60 -10
135 3 -333 -411 -104 149
135 4 -383 12 29 220
135 5 -71 -263 261 15
135 6 -196 -613 36 270
135 7 -6 -362 -145 -244
135 8 150 -198 -462 423
135 9 -293 266 463 228
135 10 -256 -369 -203 -250
135 11 -42 433 12 71
135 12 -140 -441 -542 -264
135 13 364 365 -167 -98
135 14 30 -25 -651 368
135 15 -152 202 265 -23
136 0 351 168 326 617
136 1 -247 474 405 48
136 2 134 425 186 -235
136 3 211 113 -187 -270
136 4 -1 27 -228 -100
136 5 2 -22 343 -102
136 6 199 416 560 -66
136 7 -300 37 -184 191
136 8 262 -125 2 407
136 9 -185 150 28 -78
136 10 396 30 129 105
136 11 322 -44 -136 -21
136 12 121 91 240 -101
136 13 316 341 177 111
136 14 4 300 -166 49
136 15 -276 91 -100 110
137 0 278 361 -73 -97
137 1 122 66 423 -445
137 2 -153 54 399 283
137 3 554 353 451 293
137 4 84 -217 -22 -468
137 5 -293 160 263 466
137 6 -86 -585 -361 -19
137 7 -436 -77 -53 118
137 8 237 -295 92 420
137 9 22 -408 -339 379
137 10 -47 -286 160 424
137 11 -438 -81 -277 -49
137 12 603 186 9 -49
137 13 -337 479 315 -113
137 14 -214 -300 -68 -324
137 15 -185 205 188 620
138 0 -5 754 -352 195
138 1 117 82 -94 45
138 2 301 -65 -207 326
138 3 367 213 147 208
138 4 -173 -132 -95 81
138 5 -183 6 -157 433
138 6 -116 -70 79 288
138 7 -147 11 -113 656
138 8 -388 362 337 -26
138 9 -97 -87 42 154
138 10 -278 -190 112 175
138 11 -136 124 -32 324
138 12 63 -210 -113 -92
138 13 -212 -204 128 -177
138 14 -291 33 136 0
138 15 -222 158 151 425
139 0 122 -315 -513 158
139 1 -543 417 116 -203
139 2 -372 6 -130 -291
139 3 -661 222 539 42
139 4 -256 174 540 405
139 5 70 -329 32 -404
139 6 -241 9 493 -3
139 7 175 494 168 -531
139 8 503 -97 -198 99
139 9 -12 -177 154 -78
139 10 -298 52 309 -182
139 11 -357 489 -420 -154
139 12 -353 -54 58 72
139 13 191 -218 -524 -14
139 14 106 138 169 62
139 15 -118 -174 -315 -244
140 0 276 32 -193 30
140 1 13 -15 198 -261
140 2 -357 105 832 381
140 3 -96 -162 455 -68
140 4 178 -289 -122 264
140 5 -382 237 303 211
140 6 -320 -458 -377 -166
140 7 228 109 334 31
140 8 440 180 -126 285
140 9 -280 38 -51 94
140 10 -589 -265 -273 -273
140 11 74 -369 -164 -36
140 12 398 159 -136 -499
140 13 -189 409 29 21
140 14 -16 75 193 -2
140 15 -148 337 197 111
141 0 273 108 56 365
141 1 23 -24 -11 -39
141 2 167 432 -312 63
141 3 307 333 -266 -132
141 4 -231 71 636 -324
141 5 -236 340 238 338
141 6 158 -345 -66 148
141 7 -43 -225 52 -6
141 8 -109 100 153 33
141 9 276 14 -37 79
141 10 209 211 193 -101
141 11 -178 279 161 -237
141 12 -464 -20 -184 172
141 13 -189 29 289 -297
141 14 90 99 103 93
141 15 177 63 84 272
142 0 254 10 -398 -376
142 1 -213 -101 485 -17
142 2 -38 -385 -98 -62
142 3 -45 -318 21 233
142 4 44 136 -211 -365
142 5 305 -241 104 -446
142 6 -350 -222 538 -209
142 7 -475 -407 -137 138
142 8 -100 -562 -309 161
142 9 -336 141 183 405
142 10 490 -150 -111 -261
142 11 -100 174 529 35
142 12 -186 195 -30 522
142 13 -342 -276 46 148
142 14 63 194 47 -176
142 15 -557 312 349 306
143 0 -280 421 -112 180
143 1 109 -67 350 264
143 2 -9 -57 -23 70
143 3 -462 23 77 146
143 4 191 346 -155 5
143 5 5 65 -122 -147
143 6 -30 112 -518 27
143 7 260 395 200 -208
143 8 130 -250 -18 50
143 9 -197 -318 -102 275
143 10 81 192 -6 151
143 11 -186 -251 -85 257
143 12 254 146 101 -7
143 13 -303 138 -478 537
143 14 142 -17 85 -4
143 15 -149 -151 -319 79
144 0 -98 -25 9 -146
144 1 -302 15 101 -63
144 2 205 -53 79 -365
144 3 195 165 -260 -225
144 4 66 -385 -88 183
144 5 -136 159 -37 154
144 6 130 -113 457 200
144 7 -2 -320 100 -137
144 8 281 -173 -111 94
144 9 52 114 -268 -63
144 10 -197 -97 83 -68
144 11 -297 -159 -256 -199
144 12 -317 -214 -667 -51
144 13 434 -31 160 -101
144 14 153 645 246 341
144 15 -127 -107 52 340
145 0 -2 147 34 218
145 1 118 -306 180 417
145 2 -189 100 -107 -607
145 3 -200 -58 256 333
145 4 -139 118 -275 -16
145 5 596 144 375 262
145 6 -52 33 -80 96
145 7 -585 -2 226 -130
145 8 308 142 -121 197
145 9 176 -490 -181 232
145 10 82 332 -141 87
145 11 -203 -20 292 -175
145 12 198 -43 -48 237
145 13 -95 91 -417 -274
145 14 225 445 -40 -349
145 15 -96 245 35 50
146 0 -68 231 210 -630
146 1 186 -169 90 -10
146 2 -446 -453 168 164
146 3 204 -289 408 482
146 4 219 -120 -493 351
146 5 331 -71 -207 233
146 6 -13 -28 -192 -56
146 7 -13 265 14 400
146 8 69 237 20 -167
146 9 124 -231 -88 494
146 10 189 -451 113 24
146 11 -155 -276 36 82
146 12 659 -340 169 130
146 13 -203 -388 -11 -10
146 14 -5 -354 -97 -421
146 15 -232 -78 -419 -147
147 0 35 -215 -34 -137
147 1 -332 -71 261 -102
147 2 -179 -169 167 -79
147 3 -581 -83 190 -28
147 4 125 30 26 107
147 5 144 -62 -150 -196
147 6 -183 -30 -151 105
147 7 574 236 294 -53
147 8 267 26 -547 -32
147 9 267 0 393 133
147 10 185 -30 41 -181
147 11 25 -68 92 -131
147 12 157 -183 40 -122
147 13 -322 77 -311 199
147 14 48 98 360 -95
147 15 -364 -96 -535 -258
148 0 179 256 335 357
148 1 499 350 -120 -62
148 2 372 169 256 236
148 3 488 181 -149 371
148 4 439 54 -175 -302
148 5 75 174 173 -118
148 6 -43 -364 237 -114
148 7 -14 192 -71 214
148 8 66 37 265 -139
148 9 -255 101 -381 89
148 10 -58 -408 41 -363
148 11 84 -238 -319 -169
148 12 -360 558 86 -376
148 13 272 200 82 254
148 14 -162 292 186 398
148 15 -237 -119 260 738
149 0 560 364 -18 -20
149 1 -209 114 -61 478
149 2 277 -32 13 357
149 3 156 -23 -325 82
149 4 166 18 246 69
149 5 15 -38 -73 339
149 6 286 70 134 18
149 7 376 -380 146 227
149 8 -528 413 46 -392
149 9 380 -105 524 -362
149 10 -241 -11 226 6
149 11 54 -265 204 -58
149 12 -588 104 203 80
149 13 -416 -130 350 -9
149 14 -87 -7 704 73
149 15 -267 -168 -85 558
150 0 130 -447 366 127
150 1 -534 138 227 -163
150 2 -97 307 -319 -94
150 3 174 72 151 -557
150 4 85 109 236 167
150 5 274 -489 -133 -249
150 6 902 -24 249 -393
150 7 63 395 -571 -504
150 8 -25 -384 -431 -339
150 9 26 301 107 166
150 10 71 214 458 390
150 11 100 621 91 -128
150 12 238 37 469 -70
150 13 -90 -129 -29 -423
150 14 -113 119 -226 332
150 15 265 -327 -133 -58
151 0 275 -31 -305 -101
151 1 163 155 161 -363
151 2 -178 229 98 36
151 3 -169 187 112 -70
151 4 -41 30 320 112
151 5 -81 -67 399 -36
151 6 -148 -427 -98 -45
151 7 -185 -95 246 144
151 8 193 -129 270 334
151 9 -340 -61 -51 -77
151 10 12 -158 -125 -171
151 11 -91 -316 382 -304
151 12 -358 -366 -24 -120
151 13 -312 222 -94 170
151 14 -40 -73 -236 -140
151 15 85 502 38 504
152 0 -341 -149 -135 -257
152 1 13 -253 214 72
152 2 -6 43 -153 -107
152 3 -891 -195 82 348
152 4 -4 483 -178 124
152 5 342 -122 -238 -437
152 6 -146 67 -257 175
152 7 -6 286 -2 -153
152 8 9 34 121 62
152 9 -163 -14 308 221
152 10 248 -335 -268 -129
152 11 63 -3 279 12
152 12 346 -309 243 -168
152 13 -86 -174 -569 22
152 14 55 -200 -336 102
152 15 31 -182 -482 -490
153 0 7 262 442 -227
153 1 170 -272 -211 -670
153 2 223 -443 -265 360
153 3 292 158 308 279
153 4 150 139 -33 -96
153 5 301 144 160 100
153 6 122 -187 6 -45
153 7 46 372 -4 -174
153 8 195 -497 182 -328
153 9 68 29 118 189
153 10 -240 -262 -153 349
153 11 171 401 -36 319
153 12 -78 -161 -86 365
153 13 33 -29 -212 176
153 14 84 -643 -165 315
153 15 226 87 -26 129
154 0 101 -134 53 -434
154 1 351 141 -496 -294
154 2 -198 -68 38 -165
154 3 72 161 180 -130
154 4 -180 -505 215 97
154 5 -364 -239 -177 27
154 6 -337 -547 -358 -109
154 7 -6 -211 24 269
154 8 -360 -234 137 729
154 9 324 -118 -283 -130
154 10 -114 38 137 57
154 11 20 -314 112 -161
154 12 216 -149 -199 -137
154 13 274 -64 239 -73
154 14 -11 145 253 -125
154 15 429 368 523 39
155 0 -240 -149 -383 -221
155 1 42 142 -215 -431
155 2 -100 -350 94 -94
155 3 -260 165 98 242
155 4 -13 -235 20 -64
155 5 210 -230 -192 -26
155 6 306 -104 -45 230
155 7 162 -345 -171 -138
155 8 -156 -101 -564 -173
155 9 -44 -62 21 -458
155 10 -204 -28 50 249
155 11 -140 206 189 350
155 12 3 -16 226 -296
155 13 -40 357 154 28
155 14 -791 -318 -186 -201
155 15 -265 189 -60 403
156 0 214 -30 -29 470
156 1 74 -169 192 -210
156 2 -83 164 26 -191
156 3 -302 544 470 118
156 4 94 -269 65 -107
156 5 20 32 -272 -554
156 6 -218 476 230 383
156 7 -37 228 -335 188
156 8 -40 81 65 -159
156 9 -337 696 -284 164
156 10 534 -47 -344 20
156 11 -110 248 139 163
156 12 393 407 342 -196
156 13 332 -322 797 273
156 14 -563 -258 -122 63
156 15 -81 105 -89 -552
157 0 -208 -210 -7 678
157 1 -378 435 -179 -162
157 2 32 86 140 -68
157 3 43 -127 -160 -570
157 4 191 -94 -507 -250
157 5 412 603 -30 -477
157 6 107 575 -305 -185
157 7 263 165 -158 -520
157 8 -394 -566 -286 -160
157 9 -101 -122 -45 -133
157 10 -104 454 -225 188
157 11 211 216 -102 475
157 12 205 750 573 487
157 13 -262 225 62 -152
157 14 -200 39 416 -185
157 15 158 287 -21 192
158 0 153 66 66 -211
158 1 -171 13 -85 -264
158 2 -167 -52 116 114
158 3 -31 -506 117 -85
158 4 -55 -311 140 254
158 5 151 -76 398 -671
158 6 -386 -132 -69 -199
158 7 362 427 268 403
158 8 324 -394 -417 9
158 9 62 343 59 382
158 10 351 -29 -223 -131
158 11 64 -215 -100 47
158 12 -207 196 110 373
158 13 -89 -227 168 298
158 14 -49 -289 151 57
158 15 -43 350 -94 -117
159 0 255 -44 -89 497
159 1 -195 -81 306 -243
159 2 -118 -25 -19 42
159 3 -152 202 -319 1
159 4 7 158 136 -189
159 5 -179 880 213 162
159 6 -184 12 87 206
159 7 -122 376 466 -63
159 8 138 252 248 -199
159 9 113 222 -176 244
159 10 480 30 111 -418
159 11 -103 77 158 -448
159 12 -518 -68 -98 424
159 13 -175 20 -30 55
159 14 377 196 305 207
159 15 25 -213 -288 -459
160 0 197 -55 174 21
160 1 -26 332 209 178
160 2 -92 47 -157 41
160 3 -118 -178 112 34
160 4 -308 17 219 495
160 5 101 -285 -17 -272
160 6 395 -97 140 -44
160 7 235 55 143 -312
160 8 216 128 -124 186
160 9 -276 -285 -193 59
160 10 16 -25 279 -107
160 11 -345 141 -156 218
160 12 234 188 196 -215
160 13 159 -186 -61 -343
160 14 109 200 -112 -281
160 15 202 95 128 112
161 0 -190 385 302 364
161 1 159 493 -129 -110
161 2 399 -143 245 -1
161 3 78 -130 -685 570
161 4 238 364 -231 -24
161 5 511 278 65 -106
161 6 270 -144 88 -70
161 7 -126 113 -312 168
161 8 -138 12 14 -273
161 9 152 360 26 -24
161 10 22 15 133 155
161 11 153 -173 74 99
161 12 -176 64 57 41
161 13 181 274 -336 116
161 14 -77 -42 86 296
161 15 -243 -265 -161 331
162 0 111 259 117 182
162 1 -13 -173 148 284
162 2 -10 254 -280 -114
162 3 -252 225 212 -369
162 4 181 -299 218 229
162 5 -446 15 -513 357
162 6 262 33 -146 314
162 7 27 -384 42 -389
162 8 -211 -10 93 434
162 9 -9 -225 -194 -168
162 10 -154 125 14 -119
162 11 -164 456 72 58
162 12 118 36 -91 164
162 13 183 -210 245 -285
162 14 234 538 21 369
162 15 614 95 482 81
163 0 -72 351 -383 167
163 1 -72 70 -165 27
163 2 -311 -201 -184 270
163 3 331 85 162 -142
163 4 -9 121 -117 100
163 5 140 69 -169 187
163 6 -538 324 464 162
163 7 119 117 329 206
163 8 43 140 199 -171
163 9 -226 -121 140 439
163 10 89 -304 1 -384
163 11 -159 239 -49 -195
163 12 -529 -287 -98 519
163 13 -471 -222 -235 252
163 14 235 249 -14 -296
163 15 -97 46 -179 255
164 0 525 73 458 -111
164 1 34 349 328 277
164 2 240 205 373 -247
164 3 186 -382 -71 -1
164 4 422 68 67 377
164 5 200 -213 287 -238
164 6 -324 173 354 116
164 7 -248 143 95 276
164 8 421 153 569 -110
164 9 -176 -33 133 3
164 10 128 -44 199 -235
164 11 -235 -293 -358 -441
164 12 -280 -373 -27 299
164 13 318 -47 -331 187
164 14 440 81 -170 25
164 15 182 -299 190 109
165 0 -97 -153 -70 -468
165 1 207 -180 -180 106
165 2 136 160 28 -211
165 3 -223 122 144 -221
165 4 157 -80 243 140
165 5 125 -262 -238 -64
165 6 73 -10 66 162
165 7 213 -749 -212 -295
165 8 -11 -270 133 1
165 9 -319 15 126 -314
165 10 -452 -50 -438 -119
165 11 -23 7 297 266
165 12 -124 -287 -260 -193
165 13 87 -261 76 26
165 14 -178 -30 -220 85
165 15 153 164 111 477
166 0 422 -98 508 90
166 1 -137 166 112 24
166 2 -104 102 312 -346
166 3 -341 -185 30 0
166 4 396 -9 52 209
166 5 712 27 19 -286
166 6 0 -9 231 -120
166 7 223 -214 -72 -223
166 8 177 -226 -350 53
166 9 201 267 336 81
166 10 110 84 -269 -302
166 11 250 57 411 -128
166 12 -29 104 185 301
166 13 -34 -110 -125 36
166 14 272 284 358 56
166 15 -80 126 -61 158
167 0 36 526 422 -73
167 1 7 401 69 518
167 2 -237 77 276 54
167 3 -79 -29 -207 227
167 4 159 -142 365 184
167 5 91 -156 18 349
167 6 337 -70 194 -21
167 7 8 -339 -139 164
167 8 465 176 -363 304
167 9 385 -207 -330 -192
167 10 254 169 61 47
167 11 287 -274 -107 -66
167 12 -98 166 272 235
167 13 43 -146 -117 159
167 14 69 -12 119 68
167 15 -35 -431 -397 143
168 0 68 -126 -245 -276
168 1 415 -423 -99 -420
168 2 132 -417 -63 -75
168 3 -505 363 37 353
168 4 -32 -253 40 -230
168 5 297 -49 -207 230
168 6 -160 -316 150 571
168 7 -316 -141 -228 -100
168 8 -374 155 83 -278
168 9 -394 267 -29 5
168 10 -55 -114 -267 14
168 11 189 379 592 -22
168 12 -30 -191 289 -385
168 13 -35 250 -253 191
168 14 -234 -126 -60 179
168 15 58 -357 526 -269
169 0 -289 -455 38 47
169 1 -69 -64 186 -181
169 2 -258 287 -348 0
169 3 2 191 274 210
169 4 21 72 431 20
169 5 11 -102 498 -266
169 6 190 -563 -178 -498
169 7 -277 332 -406 -343
169 8 537 -49 -252 -65
169 9 -50 80 -564 14
169 10 111 297 -214 -180
169 11 -124 135 -237 -314
169 12 -118 511 -145 59
169 13 172 -308 -16 -107
169 14 256 -364 -150 10
169 15 42 193 -76 -231
170 0 149 -177 -115 -400
170 1 299 18 -323 209
170 2 62 238 153 -296
170 3 347 -606 -316 -182
170 4 -191 158 520 -29
170 5 -253 -387 -52 62
170 6 48 118 363 -264
170 7 61 -437 176 238
170 8 56 -152 45 -296
170 9 208 326 506 6
170 10 -230 -129 292 -217
170 11 -226 191 -100 60
170 12 -612 -495 -310 33
170 13 70 -96 147 -120
170 14 -155 62 -574 231
170 15 -86 -225 175 250
171 0 -149 -152 -224 -119
171 1 -349 -217 -416 -96
171 2 -88 -150 250 43
171 3 190 -432 -297 -125
171 4 100 11 -596 -192
171 5 235 256 86 -279
171 6 -297 74 65 224
171 7 -162 1 -38 14
171 8 -434 -112 -103 -172
171 9 -21 232 160 96
171 10 147 -186 92 -12
171 11 162 -14 186 -255
171 12 -202 -42 82 285
171 13 160 255 130 -123
171 14 -353 129 -115 263
171 15 171 -124 135 -163
172 0 -97 165 80 461
172 1 152 130 -72 83
172 2 17 115 -6 1
172 3 80 186 342 -79
172 4 93 264 29 -37
172 5 158 115 -448 -125
172 6 -118 -246 -205 84
172 7 59 259 -145 -59
172 8 -115 2 92 2
172 9 -7 14 -258 497
172 10 -86 162 229 13
172 11 -235 344 178 19
172 12 463 39 -81 -26
172 13 -230 -228 -364 -403
172 14 -140 592 111 53
172 15 329 -62 128 166
173 0 -37 180 -47 -77
173 1 513 -193 168 -35
173 2 -204 103 60 230
173 3 -175 276 554 -5
173 4 11 362 302 -516
173 5 -254 307 104 260
173 6 320 -248 -679 -193
173 7 58 -77 -51 -299
173 8 244 -496 115 136
173 9 -208 -536 -383 46
173 10 -160 297 -81 206
173 11 129 110 357 798
173 12 520 69 170 -81
173 13 -499 -113 -155 62
173 14 -447 -488 -251 -73
173 15 9 143 -340 258
174 0 215 200 -11 -39
174 1 -219 45 59 -328
174 2 76 21 -135 194
174 3 114 251 264 -226
174 4 -291 -347 88 245
174 5 466 -45 281 -389
174 6 -8 211 27 260
174 7 -199 366 149 -311
174 8 148 -496 364 -38
174 9 -476 -189 -321 302
174 10 -70 -91 -369 790
174 11 -340 -40 -203 39
174 12 107 246 570 318
174 13 -259 79 16 -44
174 14 -80 -475 -136 -228
174 15 775 112 210 250
175 0 -198 369 -1 246
175 1 -293 -157 -341 -141
175 2 -156 445 213 -42
175 3 393 83 216 -398
175 4 486 -108 -443 280
175 5 382 -108 56 248
175 6 -116 -141 151 -50
175 7 184 42 -433 91
175 8 -91 -251 -225 -6
175 9 -59 442 455 391
175 10 -472 -225 -224 -67
175 11 375 81 121 -291
175 12 -107 -344 -260 -86
175 13 -46 208 -35 161
175 14 -25 465 27 519
175 15 -256 185 -76 616
176 0 3 40 0 302
176 1 138 -370 90 80
176 2 -47 74 -116 -140
176 3 -293 82 20 284
176 4 -190 131 -364 -281
176 5 106 315 420 86
176 6 13 25 -278 276
176 7 -316 156 345 -230
176 8 58 150 -12 276
176 9 -76 -391 -199 -45
176 10 261 40 -85 70
176 11 43 -92 162 -95
176 12 126 208 178 -168
176 13 166 534 -53 5
176 14 -41 100 -174 -80
176 15 53 212 71 -183
177 0 11 76 50 -176
177 1 -256 -257 396 189
177 2 189 334 192 70
177 3 186 -41 91 -90
177 4 453 650 -73 10
177 5 384 348 60 -7
177 6 80 135 204 249
177 7 138 -226 -213 -620
177 8 343 -261 552 -514
177 9 -504 -75 369 426
177 10 -294 -319 -88 -232
177 11 -398 209 -48 125
177 12 -77 -469 -362 237
177 13 -130 -279 -255 -79
177 14 189 -116 -336 220
177 15 -112 -407 -498 487
178 0 587 33 687 318
178 1 -144 147 155 124
178 2 246 453 -31 -84
178 3 197 24 -55 -238
178 4 -33 -220 153 -27
178 5 -54 198 668 -82
178 6 360 129 48 -104
178 7 142 329 341 -109
178 8 398 -132 13 183
178 9 234 -305 -156 -207
178 10 166 145 98 102
178 11 204 -241 -432 -75
178 12 -193 443 319 2
178 13 342 178 292 -19
178 14 156 38 305 234
178 15 145 60 -64 105
179 0 94 -149 -41 -232
179 1 -110 66 394 -335
179 2 172 -100 476 -446
179 3 -281 -266 37 85
179 4 557 -35 -213 -442
179 5 -8 119 201 187
179 6 -30 29 243 105
179 7 -598 -182 18 -61
179 8 464 -419 -198 3
179 9 97 -142 215 -422
179 10 -101 -139 3 -56
179 11 188 313 -102 -61
179 12 -248 -323 62 319
179 13 118 499 -407 58
179 14 -199 5 -352 513
179 15 -273 -200 37 184
180 0 11 561 77 -104
180 1 -504 -61 554 10
180 2 55 -214 -21 656
180 3 -43 -150 191 109
180 4 -55 86 101 358
180 5 -322 -441 22 284
180 6 -53 -457 -1 -160
180 7 -174 -47 -289 317
180 8 308 175 -301 494
180 9 60 224 345 183
180 10 -66 -9 -129 315
180 11 294 134 22 -13
180 12 539 -150 -368 113
180 13 -258 -46 -318 -81
180 14 526 -179 -11 49
180 15 -6 162 163 -291
181 0 279 -134 112 -34
181 1 -425 146 304 -476
181 2 -277 -413 307 206
181 3 210 28 327 118
181 4 183 76 -348 66
181 5 -172 146 -275 -233
181 6 331 -302 81 -241
181 7 -63 -173 142 -156
181 8 48 -240 -299 339
181 9 205 155 -168 -3
181 10 53 -426 372 159
181 11 -334 20 286 -30
181 12 543 114 -298 82
181 13 113 -24 570 -545
181 14 -325 308 -4 -40
181 15 84 587 -1 248
182 0 319 -145 75 -158
182 1 227 99 -111 119
182 2 171 210 -119 -267
182 3 -36 68 -74 -61
182 4 -298 46 303 8
182 5 31 -32 274 46
182 6 -334 402 -112 -205
182 7 92 -199 206 4
182 8 -96 -111 610 158
182 9 179 -300 473 -238
182 10 -218 177 -303 56
182 11 -10 -346 -165 137
182 12 -151 -156 -50 148
182 13 -44 -88 38 239
182 14 540 -497 250 -545
182 15 -65 246 -27 -25
183 0 -251 306 -34 190
183 1 2 181 209 166
183 2 372 -459 -415 269
183 3 -227 -82 -319 312
183 4 -126 378 -105 220
183 5 -360 61 -421 -234
183 6 25 254 316 -76
183 7 80 231 462 -118
183 8 100 60 276 76
183 9 -114 -10 -119 -32
183 10 -8 -304 71 -155
183 11 -255 56 -397 204
183 12 -279 194 -366 168
183 13 273 -302 -280 114
183 14 520 287 56 267
183 15 116 -85 52 -153
184 0 -396 231 9 -343
184 1 17 -708 -149 182
184 2 -115 -109 223 125
184 3 147 -208 78 -127
184 4 -213 53 208 -145
184 5 -281 400 77 618
184 6 207 -391 -341 357
184 7 301 -458 -50 -522
184 8 425 -156 -381 -97
184 9 45 -118 -161 308
184 10 -424 367 84 144
184 11 -132 396 -25 592
184 12 348 -288 -744 -19
184 13 125 47 -131 -251
184 14 -109 -27 -276 274
184 15 95 -400 -12 -181
185 0 13 -206 308 146
185 1 90 -110 64 -467
185 2 9 -232 -218 -392
185 3 61 370 -95 4
185 4 86 -355 -156 -394
185 5 98 492 -50 416
185 6 -125 140 279 379
185 7 -175 4 159 173
185 8 134 140 -137 -27
185 9 364 3 -142 13
185 10 599 -55 -15 -319
185 11 155 362 103 -270
185 12 -171 -287 -81 284
185 13 89 107 55 30
185 14 203 217 142 -95
185 15 -192 0 -172 -311
186 0 -68 -340 89 40
186 1 56 396 -220 50
186 2 -125 -115 -354 -195
186 3 163 -2 254 456
186 4 161 355 87 -139
186 5 448 -411 85 -198
186 6 -17 -26 468 -488
186 7 -444 -35 -603 -4
186 8 -27 102 -90 -160
186 9 196 -133 64 -372
186 10 33 184 115 -285
186 11 193 488 -15 -79
186 12 -294 236 127 420
186 13 260 -469 -226 -152
186 14 79 -214 -89 -245
186 15 -253 148 27 -12
187 0 10 162 392 -223
187 1 162 -45 -313 22
187 2 64 -7 108 -30
187 3 -143 -119 71 -185
187 4 227 -508 285 -99
187 5 -232 -372 -145 345
187 6 -183 -222 -283 236
187 7 -108 -331 -455 686
187 8 -180 216 -389 331
187 9 521 157 137 -479
187 10 225 453 -87 110
187 11 797 190 303 -40
187 12 202 -283 150 139
187 13 101 52 -45 54
187 14 -204 -209 -20 221
187 15 314 -20 331 -444
188 0 -42 -115 -105 362
188 1 -113 395 24 -113
188 2 481 157 11 -67
188 3 -2 384 -308 -42
188 4 9 110 133 -303
188 5 38 -245 -412 -177
188 6 -204 62 301 33
188 7 -380 -199 3 136
188 8 -134 32 164 152
188 9 229 294 159 -183
188 10 -48 -269 -200 307
188 11 -81 0 -41 -644
188 12 -211 117 -1 -106
188 13 -258 352 -177 -251
188 14 -12 408 22 70
188 15 310 -29 255 358
189 0 249 136 583 -158
189 1 168 225 -136 -90
189 2 150 39 381 54
189 3 216 -69 -173 585
189 4 303 409 11 -177
189 5 247 278 -103 26
189 6 -3 -428 -122 -151
189 7 564 -240 73 -43
189 8 10 -112 26 116
189 9 676 -42 479 231
189 10 -51 -505 280 -294
189 11 -122 -237 -97 -13
189 12 95 -41 -318 -89
189 13 159 27 127 -48
189 14 144 6 428 55
189 15 -469 -75 -449 538
190 0 50 -182 -46 -447
190 1 -208 364 -187 75
190 2 -224 -377 414 634
190 3 -181 -213 -90 -151
190 4 -138 265 368 300
190 5 125 -46 95 -484
190 6 -127 -468 -21 -336
190 7 487 -119 197 -445
190 8 317 -243 -53 105
190 9 -255 -113 -241 -58
190 10 -351 93 -95 -9
190 11 156 -518 112 25
190 12 -135 273 -28 62
190 13 -305 -222 -540 55
190 14 148 -101 383 -169
190 15 466 -174 -76 107
191 0 103 -45 -33 44
191 1 -104 486 70 138
191 2 -108 301 209 -147
191 3 112 -151 157 16
191 4 -323 20 153 298
191 5 -52 -278 219 -66
191 6 -178 -183 151 -168
191 7 -96 56 -393 38
191 8 166 124 106 398
191 9 -138 -135 43 118
191 10 -238 163 284 -55
191 11 -86 46 -434 152
191 12 460 -45 -70 -258
191 13 355 -113 -201 -259
191 14 194 33 17 -289
191 15 -196 -95 124 -150
192 0 -59 -150 109 -3
192 1 104 -650 200 8
192 2 -90 -274 -281 -94
192 3 -404 54 44 83
192 4 412 -164 -379 -232
192 5 23 278 19 461
192 6 129 -46 -215 141
192 7 -122 24 -164 -547
192 8 -273 61 -231 -183
192 9 -181 -163 -33 -135
192 10 46 292 -185 -351
192 11 395 432 247 37
192 12 -6 250 155 99
192 13 142 201 -144 339
192 14 462 44 216 275
192 15 -136 -196 400 -508
193 0 330 385 2 -79
193 1 251 -142 -37 121
193 2 58 -70 386 -99
193 3 35 300 172 316
193 4 68 -115 216 -119
193 5 142 -187 -66 -60
193 6 -409 -332 92 395
193 7 64 -365 185 543
193 8 147 126 -103 135
193 9 181 249 -85 221
193 10 205 -82 -25 122
193 11 -283 -472 415 -308
193 12 -19 -135 -321 -264
193 13 -120 95 242 244
193 14 -444 309 186 -107
193 15 -191 123 54 470
194 0 401 -122 -100 -100
194 1 -188 -128 -150 -198
194 2 -118 166 235 -19
194 3 55 17 167 -533
194 4 143 -90 79 -28
194 5 -115 205 126 58
194 6 -43 67 -62 158
194 7 454 -66 -140 -227
194 8 -322 -322 127 -174
194 9 -194 56 402 -22
194 10 -258 164 234 -121
194 11 165 175 184 304
194 12 -69 -316 69 -20
194 13 34 33 270 182
194 14 -233 -142 191 211
194 15 -109 -95 -35 38
195 0 131 -38 -1 -195
195 1 85 94 113 -48
195 2 -624 -84 213 -349
195 3 -62 98 388 287
195 4 4 189 144 199
195 5 -66 -261 61 134
195 6 151 -258 -335 -416
195 7 7 21 46 -189
195 8 185 -249 -180 359
195 9 398 -255 -49 52
195 10 -89 241 498 244
195 11 -419 -292 67 -53
195 12 395 -204 -237 -38
195 13 107 101 52 160
195 14 73 -79 -22 -386
195 15 -275 201 -240 81
196 0 346 27 425 31
196 1 284 17 -154 268
196 2 487 12 -398 -1
196 3 345 155 161 -296
196 4 220 150 121 -187
196 5 -78 -32 -54 -36
196 6 281 292 162 -36
196 7 157 -55 145 237
196 8 -142 -35 411 -311
196 9 64 -303 -27 -441
196 10 -21 167 192 -64
196 11 185 32 198 268
196 12 -390 -138 -18 134
196 13 14 -478 126 -49
196 14 -239 127 101 160
196 15 188 191 -10 426
197 0 102 -84 -163 -127
197 1 239 -494 239 198
197 2 -98 -117 -15 -195
197 3 -479 -340 -52 225
197 4 -49 -124 202 -23
197 5 -3 -284 -209 160
197 6 185 -44 -151 60
197 7 75 -109 178 -23
197 8 -86 223 -575 -331
197 9 67 286 265 172
197 10 120 122 -36 -97
197 11 -158 282 321 41
197 12 44 88 186 -260
197 13 -284 205 48 88
197 14 -63 83 -147 59
197 15 -259 -194 311 -289
198 0 131 -190 206 7
198 1 427 224 87 -268
198 2 -201 -34 89 -166
198 3 210 11 10 421
198 4 -26 61 228 -121
198 5 35 11 487 -207
198 6 88 -381 147 -342
198 7 -198 -38 -231 -53
198 8 381 -173 -84 59
198 9 -226 128 -455 9
198 10 266 177 117 -301
198 11 -148 -2 -67 148
198 12 -93 298 -145 -48
198 13 471 -8 208 258
198 14 42 -277 -244 -221
198 15 -331 227 168 58
199 0 350 -153 600 440
199 1 -125 -325 296 -209
199 2 53 299 95 -161
199 3 -62 505 216 -319
199 4 300 20 119 -399
199 5 -205 389 461 441
199 6 415 24 13 326
199 7 -41 -43 367 -150
199 8 734 139 -263 130
199 9 331 -120 -122 -514
199 10 308 158 7 14
199 11 417 99 267 -397
199 12 -175 -254 -147 -145
199 13 146 586 98 -13
199 14 -189 233 -227 355
199 15 149 210 -383 -16
200 0 -315 139 -176 151
200 1 289 292 1 -55
200 2 110 -253 -105 23
200 3 169 202 -109 -264
200 4 251 108 -108 -310
200 5 -509 -6 -312 -235
200 6 -59 350 -247 10
200 7 -214 -107 -122 166
200 8 -273 -394 334 100
200 9 -323 -129 -492 -415
200 10 271 395 211 238
200 11 -149 -102 8 306
200 12 -51 4 -96 340
200 13 79 54 109 463
200 14 -282 -155 -362 -137
200 15 304 210 203 168
201 0 -99 -112 201 -23
201 1 -229 189 387 61
201 2 319 -284 -165 432
201 3 343 346 143 -196
201 4 301 72 46 -334
201 5 44 -484 -6 -228
201 6 42 -55 177 -77
201 7 -267 301 -175 93
201 8 404 -22 -124 -276
201 9 -186 -219 -441 -154
201 10 275 205 46 475
201 11 81 -113 -252 -474
201 12 -38 338 208 74
201 13 -441 122 -490 186
201 14 -26 -63 -13 -176
201 15 286 -308 55 164
202 0 328 91 320 255
202 1 -312 144 131 -416
202 2 -18 -276 563 262
202 3 194 6 -268 -343
202 4 562 223 -158 -202
202 5 -284 253 -49 -226
202 6 47 -27 -400 -424
202 7 336 -64 -30 25
202 8 -272 -624 -198 80
202 9 347 607 331 -160
202 10 110 348 203 402
202 11 261 -421 415 -39
202 12 131 70 -275 326
202 13 -165 499 368 537
202 14 17 -125 362 168
202 15 4 321 -9 113
203 0 401 390 52 50
203 1 -133 20 220 -278
203 2 146 -380 -258 392
203 3 241 -67 -174 54
203 4 -51 52 -17 -198
203 5 76 531 467 -225
203 6 -93 -541 303 -30
203 7 -8 191 120 322
203 8 -43 -346 -28 14
203 9 -241 131 -284 464
203 10 565 56 178 -372
203 11 193 33 508 214
203 12 -465 122 -120 532
203 13 -208 -437 47 149
203 14 88 192 532 236
203 15 -255 255 55 231
204 0 214 -343 145 -98
204 1 38 166 -57 -5
204 2 206 -252 -18 263
204 3 481 -324 315 157
204 4 366 196 -268 -198
204 5 -76 -5 213 -207
204 6 -168 331 455 -201
204 7 135 409 96 246
204 8 228 323 187 -688
204 9 -131 -259 175 -337
204 10 -85 -312 274 -580
204 11 123 240 -597 152
204 12 -421 142 85 108
204 13 267 -327 15 49
204 14 -162 -288 -28 9
204 15 -430 -85 -141 -47
205 0 -146 210 -432 -180
205 1 -23 -176 -51 231
205 2 -603 106 358 -75
205 3 34 64 203 -300
205 4 431 -130 -202 -104
205 5 80 -18 -192 149
205 6 -339 210 -69 102
205 7 117 -29 -26 78
205 8 -57 -257 -110 -124
205 9 -186 -67 -95 397
205 10 150 -42 -11 -136
205 11 -44 -267 136 -251
205 12 -147 -143 233 207
205 13 -475 6 24 579
205 14 -251 153 5 -8
205 15 -262 -333 -365 265
206 0 3 62 -153 29
206 1 -155 -249 167 218
206 2 -72 180 374 -238
206 3 -111 -399 -49 -216
206 4 126 -197 -278 -71
206 5 25 529 350 80
206 6 -135 -137 -13 32
206 7 -245 56 -328 -260
206 8 34 -274 -65 -47
206 9 -376 99 -240 355
206 10 -202 376 -110 -255
206 11 224 139 -18 334
206 12 178 203 -9 161
206 13 210 -145 -155 -60
206 14 100 281 263 498
206 15 -208 -407 268 -316
207 0 -385 531 -437 387
207 1 68 428 -179 -617
207 2 -517 -189 136 241
207 3 194 -59 52 35
207 4 155 -39 -210 40
207 5 -100 304 -390 162
207 6 -352 -135 -165 -68
207 7 -222 331 -29 410
207 8 -224 -235 -66 203
207 9 25 259 -150 554
207 10 186 -267 152 -93
207 11 -119 410 69 -23
207 12 30 -208 105 626
207 13 -455 99 -154 45
207 14 -119 85 -257 29
207 15 97 239 -24 190
208 0 421 -292 315 -201
208 1 -101 113 167 -130
208 2 422 -56 193 113
208 3 175 192 -158 -251
208 4 -110 -96 84 -365
208 5 222 176 -15 311
208 6 -197 190 740 365
208 7 -139 -698 192 -100
208 8 339 165 280 79
208 9 -91 -146 320 -189
208 10 -37 -471 -422 -176
208 11 314 228 52 -194
208 12 -132 -244 1 24
208 13 -246 139 -197 -373
208 14 261 145 27 -271
208 15 163 -143 102 183
209 0 -304 283 70 -60
209 1 -252 -165 -398 171
209 2 212 -170 -748 431
209 3 1 -75 -69 -327
209 4 -298 214 134 157
209 5 -349 -677 27 88
209 6 415 138 105 -132
209 7 297 236 176 -91
209 8 -45 -162 -311 140
209 9 160 -236 342 -462
209 10 -201 115 224 431
209 11 540 274 -184 138
209 12 -495 -118 -13 0
209 13 152 169 -332 227
209 14 64 -74 -296 483
209 15 390 14 47 -70
210 0 121 -121 329 341
210 1 163 453 620 -332
210 2 633 0 -145 -299
210 3 -626 353 -278 36
210 4 406 -78 217 -7
210 5 -295 -96 -529 -371
210 6 464 86 -31 366
210 7 136 330 147 180
210 8 46 79 4 -86
210 9 -8 216 -186 -441
210 10 516 -77 337 -30
210 11 -207 55 -30 -96
210 12 -46 -131 266 -441
210 13 185 234 -85 188
210 14 -239 264 -45 446
210 15 72 -198 -116 59
211 0 -127 -148 -337 33
211 1 240 -557 -581 830
211 2 -197 375 -238 -371
211 3 -399 -374 -107 253
211 4 -196 271 450 -92
211 5 -117 -335 -11 -116
211 6 -354 -332 -549 74
211 7 -94 -540 235 -241
211 8 -441 334 -250 262
211 9 515 -122 175 -234
211 10 -69 492 30 -279
211 11 -350 30 340 -534
211 12 -498 289 -364 113
211 13 232 87 116 -249
211 14 47 446 -110 73
211 15 464 219 690 -117
212 0 -244 -436 -55 -331
212 1 342 -86 21 -275
212 2 189 -322 -77 -94
212 3 60 -410 -139 348
212 4 347 -236 -723 170
212 5 172 -196 70 -424
212 6 -157 151 -32 -275
212 7 -273 30 44 -76
212 8 -199 -42 165 -232
212 9 -551 62 -27 -273
212 10 -146 -439 -465 -330
212 11 -206 -235 -320 -58
212 12 -151 363 -10 -92
212 13 404 226 189 286
212 14 298 -248 -305 -219
212 15 -98 498 679 128
213 0 -545 160 -340 -335
213 1 -167 69 -117 -74
213 2 236 -277 8 378
213 3 -92 -351 -189 339
213 4 -211 327 -61 -141
213 5 -303 150 -162 249
213 6 -69 -189 -348 -6
213 7 -313 -164 156 223
213 8 19 159 74 163
213 9 469 -299 219 -277
213 10 -320 -300 -34 293
213 11 5 38 -162 130
213 12 99 -335 -293 270
213 13 -261 16 -432 -590
213 14 -123 -358 -263 71
213 15 217 20 -239 -62
214 0 -115 -156 -28 -259
214 1 -9 -50 264 46
214 2 -101 -95 -187 -93
214 3 -294 -354 -576 47
214 4 -163 -212 137 345
214 5 -395 -302 -232 238
214 6 670 -11 -315 -240
214 7 105 28 278 191
214 8 -213 295 -438 -60
214 9 388 204 132 -190
214 10 285 -17 303 107
214 11 -148 -261 71 -183
214 12 -35 -184 131 -283
214 13 -134 232 237 -18
214 14 147 -42 -151 21
214 15 -95 -105 -92 -301
215 0 -332 147 66 75
215 1 433 -388 -612 13
215 2 347 -7 -678 219
215 3 -50 228 64 49
215 4 -145 177 51 -47
215 5 297 69 -237 130
215 6 -87 76 -426 392
215 7 288 163 -267 182
215 8 -685 362 402 -443
215 9 -32 -41 268 11
215 10 -66 171 -230 17
215 11 304 356 412 347
215 12 5 -326 111 -67
215 13 -188 -318 -206 -37
215 14 -124 -420 -23 -50
215 15 307 58 -33 -213
216 0 -69 -107 127 -50
216 1 171 -342 -268 425
216 2 -165 120 -48 -217
216 3 41 -300 191 -234
216 4 34 -298 -44 40
216 5 228 52 -76 -63
216 6 -14 63 -128 29
216 7 85 -130 -261 -119
216 8 -182 13 -240 -204
216 9 -107 29 -260 209
216 10 -10 428 -185 -221
216 11 112 256 180 283
216 12 222 317 130 143
216 13 86 -452 154 -215
216 14 -94 215 102 20
216 15 176 -62 340 -256
217 0 -228 49 -20 -144
217 1 -313 156 119 189
217 2 78 50 -11 284
217 3 362 -45 -280 -173
217 4 258 65 -323 -217
217 5 -111 -91 -41 -221
217 6 77 315 268 -141
217 7 -75 -214 -630 201
217 8 -230 -159 49 -64
217 9 -283 153 -13 -117
217 10 367 -83 -40 -16
217 11 333 -160 -133 154
217 12 8 203 143 178
217 13 112 -281 384 266
217 14 -131 -346 -92 32
217 15 -301 -181 -296 -19
218 0 -206 -412 305 -49
218 1 -162 -570 -50 -126
218 2 -72 -391 198 90
218 3 -232 29 81 -265
218 4 406 -248 -6 -496
218 5 218 244 -37 -110
218 6 -111 -152 -326 178
218 7 311 -257 -508 -67
218 8 37 -9 -916 -435
218 9 158 521 -102 -149
218 10 419 787 -445 -43
218 11 690 249 649 115
218 12 300 320 -52 173
218 13 -213 1 55 249
218 14 -259 -244 331 0
218 15 -58 -61 -11 -721
219 0 -104 357 367 -260
219 1 -139 -252 -222 -189
219 2 84 -22 -46 98
219 3 -310 -131 -89 115
219 4 -147 -79 97 519
219 5 140 19 32 -389
219 6 -141 -265 -214 567
219 7 394 59 6 -142
219 8 71 -197 47 369
219 9 -29 255 66 266
219 10 204 -139 -78 142
219 11 -76 -50 23 113
219 12 191 -316 -275 74
219 13 634 -48 44 121
219 14 133 -235 -178 348
219 15 565 10 -5 -329
220 0 20 173 -95 63
220 1 336 248 119 -96
220 2 -409 -272 484 15
220 3 -148 -618 53 35
220 4 453 84 -16 34
220 5 -239 -143 -285 110
220 6 154 363 -157 -254
220 7 200 -249 35 -85
220 8 50 -260 -436 -166
220 9 -183 109 316 -214
220 10 -88 143 176 -226
220 11 -46 476 -24 624
220 12 40 22 239 341
220 13 -107 377 36 468
220 14 -169 -315 -600 -83
220 15 -240 120 233 116
221 0 13 -121 77 -137
221 1 152 -178 -101 14
221 2 428 362 -414 -211
221 3 157 -360 -397 -211
221 4 -444 -121 188 -308
221 5 -357 82 476 -276
221 6 173 -122 82 87
221 7 -106 -28 354 -273
221 8 122 -534 70 261
221 9 -183 -242 -202 20
221 10 165 -98 121 -140
221 11 -178 235 -456 192
221 12 -523 234 -78 8
221 13 567 170 224 -172
221 14 22 158 -400 493
221 15 307 20 500 159
222 0 315 -269 632 -295
222 1 265 484 -271 -201
222 2 384 -298 175 47
222 3 172 211 -327 292
222 4 -253 48 733 -30
222 5 294 148 -16 -128
222 6 122 -406 200 169
222 7 330 -394 208 -236
222 8 354 79 191 -110
222 9 400 -126 -233 -252
222 10 -81 37 172 96
222 11 -288 -138 -110 -34
222 12 -204 -13 -233 -13
222 13 191 -98 -174 -329
222 14 88 -166 308 -313
222 15 444 -274 -2 256
223 0 -14 345 -541 78
223 1 -46 -4 423 -13
223 2 -361 333 349 -382
223 3 -49 -21 -252 -84
223 4 120 -208 3 272
223 5 -188 435 46 544
223 6 114 206 -182 -66
223 7 -141 -132 148 -91
223 8 12 -214 201 -68
223 9 -98 115 42 375
223 10 -233 -26 -45 -31
223 11 -597 -260 -112 22
223 12 -138 -321 -150 203
223 13 -333 147 264 242
223 14 266 19 6 12
223 15 -474 -96 -259 358
224 0 -190 562 96 135
224 1 8 -65 -405 118
224 2 -242 25 250 0
224 3 -117 55 161 327
224 4 115 424 -287 220
224 5 174 -40 4 -52
224 6 73 -195 -403 -78
224 7 -63 111 -315 69
224 8 -258 -192 58 381
224 9 291 134 37 23
224 10 -205 155 194 537
224 11 231 -373 414 134
224 12 437 -213 -163 -47
224 13 357 79 -55 126
224 14 -345 -59 -88 332
224 15 123 136 -263 20
225 0 229 -461 200 -218
225 1 -48 151 49 -463
225 2 206 -163 -126 484
225 3 215 -87 -133 85
225 4 -42 11 -95 -98
225 5 283 557 417 113
225 6 -28 -348 -12 98
225 7 -40 95 -267 -110
225 8 -210 407 436 -347
225 9 -346 -263 75 -88
225 10 35 -160 -71 -490
225 11 332 263 76 113
225 12 16 -68 290 98
225 13 -136 -193 -205 -425
225 14 296 -577 244 -351
225 15 45 -33 31 -250
226 0 -146 -118 166 216
226 1 41 488 -88 -361
226 2 61 302 -811 -154
226 3 -32 520 72 154
226 4 -343 449 344 -227
226 5 378 -177 -364 -338
226 6 160 220 291 -69
226 7 284 -431 -372 -175
226 8 -233 -357 78 462
226 9 180 -153 483 28
226 10 510 -343 -96 -235
226 11 -88 693 186 390
226 12 64 -117 82 242
226 13 -35 -463 282 -228
226 14 88 -324 -260 -596
226 15 -218 680 -586 412
227 0 -41 307 -209 -643
227 1 26 -305 169 450
227 2 297 -223 -242 -440
227 3 -99 -202 -209 388
227 4 -47 -136 -357 -42
227 5 54 -34 179 444
227 6 156 105 -199 76
227 7 -546 -96 103 274
227 8 -341 -52 280 -15
227 9 359 -654 64 -189
227 10 -116 111 187 433
227 11 -180 -522 -9 115
227 12 -60 -361 -9 202
227 13 12 -132 -106 12
227 14 77 -134 274 29
227 15 -380 -240 -84 126
228 0 -712 -138 57 223
228 1 151 21 -246 -134
228 2 105 167 -163 114
228 3 -158 210 238 161
228 4 323 296 34 -382
228 5 -16 -172 -296 -277
228 6 -166 -474 -891 -77
228 7 125 331 -448 9
228 8 -144 -42 -317 74
228 9 366 -88 -115 -51
228 10 59 279 -9 166
228 11 81 136 -84 -186
228 12 422 251 -35 -168
228 13 -149 197 -404 -53
228 14 -262 -158 -54 56
228 15 210 81 -119 -33
229 0 34 -27 452 -186
229 1 197 -102 -223 -206
229 2 -183 -219 321 37
229 3 -90 345 617 148
229 4 383 194 -183 -322
229 5 267 180 -144 -293
229 6 -780 41 53 129
229 7 175 -340 -282 -84
229 8 272 -360 221 463
229 9 0 -16 27 32
229 10 160 -119 -508 -261
229 11 438 3 227 193
229 12 479 -12 -304 311
229 13 323 -338 -28 388
229 14 96 -280 103 -242
229 15 41 309 -216 -222
230 0 249 -68 -137 192
230 1 46 -382 -122 328
230 2 -33 262 95 -205
230 3 -144 -636 287 46
230 4 331 168 -613 187
230 5 424 -174 -71 -471
230 6 -130 420 -109 -130
230 7 345 550 63 72
230 8 -550 78 -83 -596
230 9 -219 270 702 407
230 10 -174 -242 52 -340
230 11 -19 108 107 147
230 12 96 185 463 -275
230 13 -14 -41 198 95
230 14 -303 238 37 289
230 15 -446 34 117 -22
231 0 -187 -62 -383 -130
231 1 -141 -130 77 217
231 2 -230 212 -148 247
231 3 116 243 -375 -123
231 4 -159 437 110 -98
231 5 -169 -3 -72 37
231 6 82 -160 -367 -235
231 7 12 117 64 -13
231 8 -358 15 324 -49
231 9 69 15 -40 353
231 10 245 -60 228 216
231 11 -251 -649 268 -560
231 12 -122 -176 -41 -141
231 13 -588 -1 24 121
231 14 120 -27 65 -166
231 15 35 -285 -491 69
232 0 -274 222 92 -49
232 1 315 41 -395 24
232 2 70 229 359 -156
232 3 178 126 100 219
232 4 -88 -120 186 -63
232 5 -509 36 -93 203
232 6 -391 -288 -441 22
232 7 -79 -7 73 619
232 8 216 188 177 436
232 9 702 87 -222 -64
232 10 -200 -42 43 244
232 11 -97 -492 -359 -191
232 12 304 -251 -601 -276
232 13 356 23 129 -150
232 14 -241 15 -2 167
232 15 112 41 -148 -101
233 0 -363 262 135 243
233 1 -110 -45 82 -13
233 2 344 52 -586 -192
233 3 411 -115 -332 -207
233 4 -508 -53 -360 233
233 5 148 175 238 -76
233 6 356 340 -116 -112
233 7 88 522 137 170
233 8 -36 -237 36 -112
233 9 -1 -45 -78 470
233 10 175 190 94 445
233 11 -265 -138 -296 409
233 12 208 -138 -208 48
233 13 2 -82 32 -98
233 14 260 46 6 -203
233 15 -165 243 -242 33
234 0 566 -208 147 -339
234 1 11 95 -250 -282
234 2 -390 -147 -68 86
234 3 433 -62 33 177
234 4 -75 -108 -72 205
234 5 172 -183 -134 306
234 6 323 103 128 -639
234 7 -442 -45 97 -195
234 8 -624 -131 441 6
234 9 437 -19 304 -11
234 10 -316 -510 131 363
234 11 -99 -4 112 -364
234 12 -2 91 489 376
234 13 -132 -51 515 -404
234 14 315 -329 17 -214
234 15 415 156 367 88
235 0 -457 -341 391 -367
235 1 234 -547 -761 34
235 2 -374 -173 -289 -282
235 3 344 -261 6 16
235 4 -140 161 -303 -99
235 5 547 -313 416 -60
235 6 198 105 50 -288
235 7 222 313 69 -89
235 8 247 -224 -561 -354
235 9 329 -4 30 112
235 10 222 138 86 99
235 11 415 -109 92 -136
235 12 -301 -192 -73 -55
235 13 341 170 -153 365
235 14 -132 -135 -450 -13
235 15 -126 -48 -380 -257
236 0 449 81 -95 -106
236 1 -253 -42 -39 -22
236 2 -331 150 140 -24
236 3 293 -27 334 56
236 4 -340 -210 249 169
236 5 130 51 413 195
236 6 82 -186 27 167
236 7 8 -300 -201 -23
236 8 -33 127 -115 76
236 9 70 -149 110 106
236 10 -83 189 248 131
236 11 -281 182 118 248
236 12 267 -91 2 98
236 13 78 -136 543 -406
236 14 -276 -311 42 -418
236 15 -156 257 14 71
237 0 -329 -594 434 167
237 1 -46 729 -119 -315
237 2 80 153 183 -660
237 3 278 369 -257 87
237 4 249 -343 -569 -533
237 5 656 244 -59 -98
237 6 -210 336 268 -30
237 7 -445 243 -479 -24
237 8 32 -108 19 110
237 9 409 -335 -338 -84
237 10 405 -149 -39 42
237 11 225 -112 -673 -511
237 12 292 325 589 79
237 13 283 285 -240 -130
237 14 117 84 339 -409
237 15 -250 -457 -382 -70
238 0 -157 -24 -41 644
238 1 -64 573 -48 115
238 2 -27 157 134 -20
238 3 144 330 -397 69
238 4 51 120 -154 -260
238 5 18 264 -130 -286
238 6 8 38 48 254
238 7 -10 -180 -214 418
238 8 -243 492 -141 160
238 9 61 109 -438 -244
238 10 724 139 319 -205
238 11 -36 -313 243 -280
238 12 -2 222 85 -179
238 13 83 115 352 -104
238 14 -530 376 115 -355
238 15 -180 162 -364 174
239 0 -315 51 129 255
239 1 -28 155 119 -127
239 2 125 13 -282 175
239 3 -279 -202 -338 -73
239 4 -93 -66 -294 218
239 5 184 -5 -84 -647
239 6 256 -79 -423 19
239 7 328 100 -242 -539
239 8 -390 -408 -255 309
239 9 -603 35 -187 182
239 10 263 143 -161 36
239 11 -84 118 -48 452
239 12 429 657 325 -96
239 13 211 253 76 137
239 14 225 -51 -54 -130
239 15 295 311 449 23
240 0 166 -210 304 129
240 1 19 -315 -456 -33
240 2 -592 313 -33 -125
240 3 164 226 263 -275
240 4 -66 107 186 -46
240 5 -98 239 238 -121
240 6 103 -126 -647 -79
240 7 254 401 -392 -453
240 8 -434 -289 163 63
240 9 199 36 -265 218
240 10 218 668 514 238
240 11 61 0 201 38
240 12 413 92 142 81
240 13 490 -92 469 136
240 14 -111 -357 71 60
240 15 432 -168 -96 -679
241 0 97 57 -295 -302
241 1 -313 20 93 -553
241 2 114 -301 -301 578
241 3 30 567 140 -212
241 4 -104 -598 -365 21
241 5 -398 510 -18 350
241 6 113 -579 195 -88
241 7 151 420 164 167
241 8 -289 -74 202 254
241 9 -202 -251 -460 115
241 10 -279 -681 -89 -245
241 11 511 -307 6 45
241 12 -65 128 136 -420
241 13 -263 -467 126 -170
241 14 13 339 1079 491
241 15 -289 13 -229 187
242 0 -232 -140 166 73
242 1 360 52 -9 -277
242 2 104 -493 -305 32
242 3 -130 163 -385 417
242 4 -41 184 -39 -278
242 5 -18 398 -316 -101
242 6 157 -160 -170 -4
242 7 -100 222 199 79
242 8 -196 113 64 -162
242 9 241 99 -468 38
242 10 546 -24 185 -92
242 11 -112 -26 275 -60
242 12 -62 91 -18 114
242 13 -21 -117 -81 -18
242 14 39 27 93 -37
242 15 133 -88 -123 -294
243 0 -194 -414 -222 319
243 1 -216 106 203 587
243 2 -89 348 -163 306
243 3 -161 -265 -341 -165
243 4 -405 686 539 -230
243 5 -133 -452 -165 -418
243 6 506 -207 -70 -508
243 7 83 195 84 -488
243 8 129 116 -519 -191
243 9 13 119 -101 244
243 10 157 215 330 141
243 11 -178 163 -9 -369
243 12 -50 660 332 -379
243 13 -559 138 -383 -453
243 14 -89 410 -275 70
243 15 303 -538 -25 -125
244 0 362 344 66 186
244 1 -324 -313 525 -287
244 2 -427 12 290 -319
244 3 -428 -57 173 184
244 4 501 34 71 511
244 5 434 447 63 -46
244 6 230 119 66 69
244 7 -227 204 81 -637
244 8 307 -511 40 -284
244 9 -91 553 33 516
244 10 -24 -1 -192 108
244 11 -508 286 306 -101
244 12 -114 -100 10 790
244 13 26 -97 130 200
244 14 350 -95 -135 539
244 15 202 -76 -87 -63
245 0 -21 -221 9 -116
245 1 421 302 -475 -451
245 2 111 -82 -290 89
245 3 118 -21 -435 -25
245 4 -671 85 236 -50
245 5 -74 105 -7 208
245 6 57 -387 374 -121
245 7 -35 -48 -182 220
245 8 -362 100 305 168
245 9 -134 250 87 114
245 10 -11 -213 190 -364
245 11 503 369 304 296
245 12 -134 -464 -8 -352
245 13 158 -177 -268 -307
245 14 104 54 -105 61
245 15 13 -110 172 -263
246 0 -70 20 31 15
246 1 297 168 349 185
246 2 267 -42 -76 -136
246 3 -400 -317 -180 262
246 4 195 142 173 280
246 5 -116 -298 -236 -69
246 6 296 -3 -11 -154
246 7 42 57 162 77
246 8 178 213 -101 -211
246 9 -93 89 90 -196
246 10 -92 -27 46 -262
246 11 -205 60 -97 105
246 12 -176 -45 -31 -213
246 13 -7 -23 -328 80
246 14 167 148 -207 190
246 15 -152 -72 130 117
247 0 208 302 92 730
247 1 -12 79 -256 89
247 2 -498 284 246 41
247 3 77 -38 223 -101
247 4 275 131 -477 263
247 5 582 387 64 -176
247 6 -97 490 -208 41
247 7 5 280 -141 -386
247 8 -435 -49 285 -61
247 9 -357 43 16 302
247 10 -33 125 -139 22
247 11 30 129 232 71
247 12 260 377 607 412
247 13 -6 155 202 91
247 14 -2 -17 -55 -177
247 15 380 249 132 36
248 0 4 -420 -30 -733
248 1 175 18 351 136
248 2 408 -154 -227 -251
248 3 59 -306 160 214
248 4 222 -254 -59 -7
248 5 -56 -440 153 34
248 6 -287 -73 -239 48
248 7 -404 61 16 326
248 8 61 304 318 -225
248 9 -4 -726 62 -382
248 10 -40 32 91 -131
248 11 -384 -183 -520 -237
248 12 -29 -264 -5 69
248 13 -30 -108 -360 -85
248 14 307 -365 -28 -481
248 15 -116 -53 324 22
249 0 -206 -19 -14 127
249 1 -153 291 -148 -86
249 2 -103 -512 252 26
249 3 57 59 -17 42
249 4 204 239 -247 21
249 5 117 72 -124 -92
249 6 70 109 112 260
249 7 -32 33 305 -135
249 8 267 101 -168 -123
249 9 74 -260 -314 -412
249 10 3 105 439 227
249 11 -203 -99 18 -207
249 12 -190 -211 -164 182
249 13 114 380 -383 0
249 14 -365 272 -212 -114
249 15 297 -49 -166 205
250 0 111 -87 117 101
250 1 -189 244 -127 394
250 2 -120 -109 7 164
250 3 -295 -147 62 170
250 4 -138 424 -275 -16
250 5 253 -364 66 -744
250 6 24 146 310 -316
250 7 -60 288 -74 173
250 8 -66 51 -170 280
250 9 -26 29 -104 -187
250 10 389 -32 114 90
250 11 585 -386 317 -30
250 12 154 442 497 -190
250 13 213 -256 -113 38
250 14 -371 159 93 60
250 15 9 8 -283 -338
251 0 -589 -108 -202 -408
251 1 -111 -94 -121 -63
251 2 -241 -140 -344 -461
251 3 11 40 187 52
251 4 172 -312 -27 57
251 5 -30 -476 -92 33
251 6 -312 -32 -86 -19
251 7 347 -146 16 -292
251 8 256 -442 -604 222
251 9 282 -443 125 -26
251 10 -43 85 47 -201
251 11 -472 128 -709 -150
251 12 -317 -18 -513 259
251 13 292 138 -58 545
251 14 431 27 55 -273
251 15 -478 165 -37 290
252 0 -192 -78 136 -122
252 1 201 318 -241 163
252 2 20 79 -135 -222
252 3 3 -90 -222 109
252 4 -174 37 204 53
252 5 59 181 218 -191
252 6 -314 -195 -185 216
252 7 -222 313 -383 -2
252 8 -112 82 507 93
252 9 -85 -341 -501 65
252 10 283 494 381 -155
252 11 -68 -40 -321 29
252 12 17 -110 79 277
252 13 533 -355 -442 1
252 14 265 -222 80 -92
252 15 334 -554 56 -539
253 0 10 171 -223 -24
253 1 136 81 -78 -89
253 2 -196 285 -239 17
253 3 -10 -374 -174 176
253 4 -154 -38 352 86
253 5 60 429 199 57
253 6 162 -367 -290 -252
253 7 -162 217 203 363
253 8 -134 -2 30 -135
253 9 307 28 -146 381
253 10 237 -118 12 -358
253 11 -164 92 260 6
253 12 -433 -50 240 512
253 13 -488 -536 116 -458
253 14 -89 -105 41 200
253 15 32 196 -267 194
254 0 -24 8 -634 -265
254 1 -211 180 269 -123
254 2 -287 -493 198 234
254 3 -740 200 134 193
254 4 208 9 51 18
254 5 -154 387 -198 323
254 6 -77 25 67 213
254 7 -422 -110 70 -418
254 8 4 81 317 -7
254 9 -287 -461 -299 -501
254 10 -335 -57 -131 -83
254 11 105 114 147 89
254 12 -219 -56 381 428
254 13 -292 -183 -515 25
254 14 1 -291 196 133
254 15 197 -410 -155 -235
255 0 -526 -71 -518 -81
255 1 70 -47 -107 -43
255 2 -234 -226 -218 -121
255 3 -402 16 -288 176
255 4 -735 82 114 -26
255 5 -65 320 53 215
255 6 -147 99 198 -187
255 7 -382 46 -83 -210
255 8 103 -67 121 152
255 9 -128 91 -271 208
255 10 -118 162 -358 16
255 11 202 144 -30 384
255 12 29 -12 -102 126
255 13 10 -331 -435 -34
255 14 382 -214 -6 -78
255 15 -126 -314 -182 -783
256 0 176 2 13 369
256 1 310 280 -125 -226
256 2 106 325 90 -6
256 3 128 85 89 362
256 4 217 362 148 107
256 5 -251 425 167 29
256 6 -127 -1 -24 -451
256 7 -156 -22 8 -270
256 8 8 -44 801 43
256 9 -15 93 145 -268
256 10 -679 -267 -221 -423
256 11 -212 104 -376 143
256 12 -333 180 -403 187
256 13 463 -201 231 -89
256 14 412 -270 -21 235
256 15 10 429 179 263
257 0 -104 175 -108 -213
257 1 83 130 -263 -161
257 2 -154 -208 -137 -91
257 3 193 -85 -259 288
257 4 -411 -374 24 238
257 5 150 -363 115 66
257 6 361 -49 376 -89
257 7 -99 36 18 304
257 8 -12 -2 -396 -38
257 9 104 201 -163 51
257 10 122 -204 160 282
257 11 -68 -106 -93 53
257 12 -238 26 203 -192
257 13 199 104 304 77
257 14 -304 -109 -195 -21
257 15 -249 -18 -4 136
258 0 233 -7 -44 279
258 1 -518 135 174 533
258 2 -222 185 -59 198
258 3 394 -468 61 -404
258 4 127 -144 -182 337
258 5 104 -185 378 123
258 6 292 399 470 -353
258 7 -178 -30 -180 189
258 8 78 459 -341 -321
258 9 -203 -23 106 -250
258 10 -26 277 -23 -265
258 11 341 167 -32 -60
258 12 -303 300 309 367
258 13 -202 -301 184 -272
258 14 85 157 20 -135
258 15 -172 198 83 2
259 0 -131 234 -387 -195
259 1 -96 168 92 44
259 2 -133 -46 396 220
259 3 126 -394 -19 -89
259 4 132 -489 -73 339
259 5 -376 259 -59 111
259 6 -116 -214 -318 -153
259 7 138 194 84 559
259 8 -11 184 -115 -172
259 9 10 106 -298 197
259 10 -224 -44 13 -173
259 11 -177 -411 -262 156
259 12 92 51 -61 29
259 13 -326 -357 183 -129
259 14 -198 22 405 106
259 15 -256 -42 -109 82
260 0 485 -247 -54 -408
260 1 -13 -3 292 25
260 2 396 213 -144 -6
260 3 79 -125 -445 200
260 4 -588 129 673 -366
260 5 213 187 488 201
260 6 755 -137 -31 -160
260 7 -140 -306 -22 -269
260 8 -105 -143 153 -505
260 9 174 -239 264 -27
260 10 -113 106 111 442
260 11 -262 59 117 433
260 12 -141 73 465 -63
260 13 -513 -76 220 -553
260 14 -208 -758 70 -204
260 15 -227 -362 -222 267
261 0 -41 506 137 -200
261 1 412 -80 135 78
261 2 45 228 234 357
261 3 271 107 10 165
261 4 410 231 64 99
261 5 -111 -371 33 189
261 6 -302 -289 -184 -21
261 7 -340 40 -140 280
261 8 187 -31 633 139
261 9 -342 124 -40 313
261 10 -45 -339 -190 151
261 11 -63 -437 -96 -516
261 12 -38 -305 -140 -70
261 13 -149 273 -315 537
261 14 331 -243 -531 154
261 15 326 -211 220 361
262 0 40 103 390 255
262 1 382 177 350 -414
262 2 58 -505 658 -253
262 3 20 -176 -153 -51
262 4 224 2 -132 -200
262 5 -86 374 88 237
262 6 318 400 127 -72
262 7 -49 0 150 24
262 8 700 -338 -307 -309
262 9 -142 357 -190 -152
262 10 19 417 45 273
262 11 157 141 20 686
262 12 283 -228 -157 61
262 13 88 572 -258 473
262 14 -158 -168 -434 -1
262 15 -288 -105 -42 -154
263 0 208 122 160 185
263 1 -140 4 313 -298
263 2 48 -17 37 211
263 3 -221 508 282 -166
263 4 107 -215 107 -21
263 5 -553 -202 -229 429
263 6 64 11 100 -172
263 7 -10 337 8 122
263 8 183 24 -32 318
263 9 225 212 137 -139
263 10 -200 -177 -96 282
263 11 509 63 -203 -173
263 12 297 2 95 -380
263 13 -60 224 -74 248
263 14 242 25 261 417
263 15 -54 -178 -41 -378
264 0 7 -244 -80 2
264 1 231 271 -3 -554
264 2 -366 -58 -5 -281
264 3 -261 205 -3 -198
264 4 131 -507 426 -110
264 5 33 4 -543 -301
264 6 -53 103 -357 -263
264 7 62 60 146 -262
264 8 -215 -738 -199 61
264 9 225 239 -298 238
264 10 272 68 -253 184
264 11 -407 172 6 -131
264 12 -12 459 531 511
264 13 -482 41 301 224
264 14 73 -186 118 -195
264 15 446 123 237 95
265 0 -425 146 45 64
265 1 -514 -213 -153 359
265 2 -316 29 -50 324
265 3 -62 136 219 -114
265 4 243 256 -277 429
265 5 401 -172 -498 -282
265 6 3 118 58 249
265 7 324 30 -387 -474
265 8 -94 133 -122 -70
265 9 -192 164 -34 341
265 10 -8 -145 -106 83
265 11 -47 91 85 -247
265 12 339 100 -38 84
265 13 65 -341 -84 -97
265 14 45 212 -55 101
265 15 422 -281 -312 -173
266 0 -502 -395 316 294
266 1 104 289 -277 99
266 2 128 46 98 -19
266 3 257 65 -189 -150
266 4 396 195 -348 121
266 5 115 -134 -537 -386
266 6 -37 350 -113 -393
266 7 623 -66 102 -82
266 8 31 138 -146 -175
266 9 201 234 104 -201
266 10 -168 -202 -252 -235
266 11 -107 -409 -334 -293
266 12 26 288 -409 -309
266 13 44 94 76 114
266 14 208 369 120 -310
266 15 -48 319 -229 339
267 0 -257 -73 -300 96
267 1 105 258 244 99
267 2 470 278 -189 -354
267 3 -206 79 172 -136
267 4 104 -484 117 -250
267 5 106 -225 23 -160
267 6 -263 11 -20 139
267 7 -540 -120 -328 351
267 8 117 -33 -99 43
267 9 -237 -254 -318 -278
267 10 -40 308 -530 0
267 11 6 200 -209 57
267 12 -35 297 271 83
267 13 -299 -142 -306 -212
267 14 -207 87 51 -104
267 15 -22 200 390 329
268 0 -166 -391 -65 106
268 1 -492 95 190 -61
268 2 -11 -64 -40 290
268 3 186 -359 -551 -49
268 4 -322 48 -187 211
268 5 -114 517 221 -131
268 6 386 -31 -14 -304
268 7 100 -48 232 -212
268 8 60 318 -204 -138
268 9 51 167 -112 -44
268 10 72 -125 -55 -201
268 11 -175 -196 -121 -41
268 12 -37 313 -252 52
268 13 -38 -101 342 -602
268 14 271 26 157 -228
268 15 -26 260 -207 -218
269 0 194 -170 -200 -191
269 1 486 -250 -335 426
269 2 -450 22 -227 322
269 3 109 178 156 229
269 4 -487 277 172 116
269 5 -115 -417 -75 33
269 6 -179 269 345 -340
269 7 -66 -65 328 -99
269 8 -111 421 581 43
269 9 -328 -41 -88 116
269 10 -75 -468 -225 -195
269 11 -20 -315 52 -268
269 12 -200 261 178 -377
269 13 0 -290 267 190
269 14 242 -138 -293 -419
269 15 207 -31 136 -274
270 0 78 214 -316 457
270 1 -179 347 -416 -126
270 2 -276 -333 408 54
270 3 38 -39 -209 -176
270 4 -21 71 -456 374
270 5 255 17 -211 92
270 6 -257 284 41 167
270 7 35 100 277 116
270 8 -518 266 52 11
270 9 -6 165 305 -103
270 10 -281 68 300 304
270 11 13 -229 350 -315
270 12 -71 -341 103 27
270 13 -199 671 -259 107
270 14 -117 435 108 -274
270 15 246 135 230 136
271 0 -181 407 -42 -6
271 1 461 -218 147 334
271 2 247 145 65 -236
271 3 -110 -445 65 55
271 4 -8 268 61 -116
271 5 -189 97 19 134
271 6 -335 119 -323 413
271 7 -298 -3 -45 597
271 8 155 181 319 -53
271 9 -143 -58 66 216
271 10 237 333 97 -102
271 11 -90 216 156 441
271 12 270 -708 -276 187
271 13 -26 -161 -435 -19
271 14 -173 -89 -627 53
271 15 18 -106 25 -274
272 0 -278 238 -426 250
272 1 -413 255 -31 122
272 2 -492 315 239 -197
272 3 -354 -110 119 -144
272 4 11 426 317 442
272 5 104 -352 123 162
272 6 246 439 303 -192
272 7 112 -221 -85 -468
272 8 558 -249 -364 57
272 9 -23 77 552 -297
272 10 -548 154 -66 161
272 11 2 318 -154 165
272 12 -389 -381 -108 236
272 13 -10 268 -358 258
272 14 -22 -193 -628 142
272 15 -207 22 -548 248
273 0 -271 214 -490 -296
273 1 72 211 238 -184
273 2 -224 -603 -61 244
273 3 -594 36 163 184
273 4 20 -139 -308 373
273 5 -288 -282 -678 94
273 6 484 170 369 -74
273 7 -416 -57 578 -74
273 8 178 -80 -54 321
273 9 -360 -223 -488 -394
273 10 -260 -817 -160 169
273 11 -44 -21 159 103
273 12 -75 -47 355 -108
273 13 -212 -41 -238 -145
273 14 -353 343 -501 322
273 15 387 156 24 317
274 0 -51 -299 380 -210
274 1 247 -54 -424 -155
274 2 413 243 -146 -350
274 3 594 -89 -37 -510
274 4 -640 -145 358 -239
274 5 -265 149 -74 148
274 6 -555 -325 16 -239
274 7 264 -170 205 609
274 8 191 -172 135 380
274 9 731 222 259 541
274 10 -113 36 -73 -179
274 11 105 39 -104 45
274 12 275 -606 -998 -106
274 13 -69 -480 -109 -647
274 14 393 542 356 -160
274 15 2 274 49 -133
275 0 285 276 264 177
275 1 314 -169 221 -78
275 2 -218 195 -230 -228
275 3 -193 3 299 179
275 4 391 -196 -398 472
275 5 189 111 5 345
275 6 490 -200 -310 -162
275 7 4 282 85 339
275 8 -314 246 -17 87
275 9 41 -26 23 123
275 10 106 -204 47 -391
275 11 145 -115 623 15
275 12 196 -276 225 -220
275 13 -92 -189 251 -53
275 14 39 359 142 178
275 15 -319 615 -101 318
276 0 -4 -493 -251 319
276 1 -63 -231 -192 -62
276 2 -492 41 16 -519
276 3 134 -6 85 -666
276 4 -270 -543 -8 172
276 5 69 26 136 307
276 6 153 242 124 87
276 7 113 91 367 -89
276 8 145 270 -646 -347
276 9 -18 141 -221 30
276 10 -19 500 136 -100
276 11 -140 204 195 -285
276 12 -209 -159 -24 -206
276 13 -192 376 116 -145
276 14 -184 661 -62 -314
276 15 -19 162 203 -162
277 0 -239 286 132 626
277 1 234 -15 -7 74
277 2 21 220 -66 119
277 3 123 -92 -6 62
277 4 114 228 -130 32
277 5 -262 281 -168 350
277 6 289 312 -130 -180
277 7 61 -24 -388 -42
277 8 -140 237 42 -137
277 9 -110 304 169 -28
277 10 -224 150 -115 -206
277 11 214 567 -104 627
277 12 321 133 -134 -17
277 13 220 -76 206 -70
277 14 111 -161 -308 166
277 15 -201 162 41 -240
278 0 28 369 142 284
278 1 -5 -88 -184 251
278 2 274 -1 -387 480
278 3 125 70 -186 -336
278 4 -99 -497 339 32
278 5 -411 -94 -3 -22
278 6 518 -47 -190 1
278 7 214 192 -26 451
278 8 -274 203 -385 -232
278 9 79 246 -518 -306
278 10 212 473 -32 323
278 11 407 -68 134 210
278 12 -269 605 375 -58
278 13 -152 -232 482 16
278 14 -473 -33 298 452
278 15 397 40 248 -75
279 0 -306 33 52 -109
279 1 -117 33 46 235
279 2 -6 241 -76 -270
279 3 -186 -375 -182 170
279 4 -409 324 155 -143
279 5 -76 -217 -17 3
279 6 -1 148 -102 -173
279 7 -407 44 -14 189
279 8 239 -80 -118 392
279 9 612 -45 264 134
279 10 262 -1 71 365
279 11 57 103 -195 -53
279 12 317 -247 3 221
279 13 28 -9 -309 -374
279 14 102 -161 -467 37
279 15 103 -221 -344 -499
280 0 -29 -252 -145 -931
280 1 -415 -756 83 458
280 2 -185 -284 -103 -203
280 3 -129 -37 426 9
280 4 137 8 -11 10
280 5 67 -314 162 -18
280 6 -197 -103 387 272
280 7 -211 -344 -273 -327
280 8 294 -111 -67 -133
280 9 -108 -232 -88 -83
280 10 -31 162 31 -58
280 11 -19 -19 117 -143
280 12 -138 -310 -462 238
280 13 442 -616 -61 103
280 14 28 -54 -19 229
280 15 -80 -460 -102 -438
281 0 -52 -74 -101 -61
281 1 -33 51 72 277
281 2 -436 -103 -103 -71
281 3 -50 -79 -15 224
281 4 165 11 109 347
281 5 191 -247 -52 -603
281 6 -94 -99 89 -62
281 7 -246 176 11 23
281 8 58 112 -34 -104
281 9 -183 188 -663 189
281 10 589 113 138 -174
281 11 -520 -327 137 -579
281 12 -317 321 72 373
281 13 147 -417 181 169
281 14 30 153 -138 -129
281 15 349 -20 84 -118
282 0 115 189 340 -340
282 1 -203 -250 112 357
282 2 144 -335 175 61
282 3 -164 -422 44 239
282 4 310 181 89 37
282 5 401 206 -70 -6
282 6 -182 -44 139 289
282 7 127 -427 -312 -312
282 8 145 -25 -108 -269
282 9 76 -13 275 109
282 10 -53 289 -124 -213
282 11 65 420 132 378
282 12 102 -26 -239 681
282 13 134 -508 -296 -87
282 14 326 -193 229 120
282 15 24 -398 69 -293
283 0 246 -56 -222 -253
283 1 -192 366 -398 -502
283 2 -209 -573 201 499
283 3 365 76 52 99
283 4 -260 -265 55 113
283 5 48 -144 -184 -63
283 6 -478 32 483 130
283 7 319 -20 303 107
283 8 -100 123 9 -67
283 9 30 36 226 54
283 10 -133 -560 135 15
283 11 -169 69 -336 -174
283 12 -252 44 119 116
283 13 -110 141 178 72
283 14 -51 -249 220 -455
283 15 62 -23 138 78
284 0 -148 107 -288 -251
284 1 -188 -82 169 -52
284 2 108 -207 76 80
284 3 51 -210 11 41
284 4 12 -129 -215 119
284 5 -262 -101 124 -114
284 6 288 -89 -86 -218
284 7 -161 -32 -89 17
284 8 0 -294 -168 -38
284 9 -179 62 -157 -181
284 10 -314 37 17 351
284 11 -139 -205 -110 364
284 12 107 138 -185 -76
284 13 134 -12 239 -13
284 14 -288 -164 -76 219
284 15 -168 184 141 173
285 0 -428 120 -290 213
285 1 -299 521 247 -64
285 2 -53 -102 645 98
285 3 -223 -72 72 391
285 4 242 19 -232 44
285 5 -60 362 -29 -263
285 6 -522 -74 -240 512
285 7 -268 -35 -501 -235
285 8 266 230 90 226
285 9 -359 -231 -414 -156
285 10 -79 173 47 -10
285 11 -401 100 -673 184
285 12 596 272 -87 202
285 13 475 198 -296 -106
285 14 -105 -335 -94 -255
285 15 63 -288 36 -306
286 0 -264 -123 -166 0
286 1 321 -261 100 144
286 2 573 -33 -72 -427
286 3 237 -142 -236 389
286 4 -185 38 102 -836
286 5 -358 113 367 149
286 6 338 -269 26 -410
286 7 -771 -260 -147 313
286 8 252 -215 -361 -229
286 9 403 147 -405 -322
286 10 -157 420 -47 318
286 11 -21 49 -74 334
286 12 -176 407 -481 -134
286 13 184 21 170 -342
286 14 -512 66 -124 426
286 15 -526 47 288 131
287 0 35 -565 105 179
287 1 99 -29 17 -175
287 2 176 494 -184 -355
287 3 139 287 -322 -533
287 4 -132 102 -160 -99
287 5 75 -179 114 -169
287 6 281 368 182 -179
287 7 -70 -206 0 -233
287 8 -158 -216 292 88
287 9 -348 249 226 -194
287 10 67 -161 -240 50
287 11 111 -217 220 -292
287 12 -128 -204 -4 -524
287 13 85 451 262 77
287 14 106 193 -439 -159
287 15 87 352 66 251
288 0 61 424 106 -2
288 1 23 278 180 136
288 2 -176 -221 -174 371
288 3 84 414 332 9
288 4 439 -75 -168 29
288 5 -44 -200 -714 297
288 6 -69 328 101 -141
288 7 -84 -239 -29 -25
288 8 -243 -86 293 347
288 9 41 -414 -48 -49
288 10 -5 -378 -222 58
288 11 48 62 -50 -95
288 12 190 254 336 491
288 13 -456 -307 45 158
288 14 379 26 227 -287
288 15 240 132 24 394
289 0 -245 329 -329 -175
289 1 -197 235 342 306
289 2 187 182 -513 94
289 3 -333 151 -314 -187
289 4 -129 135 318 189
289 5 -337 -186 -471 144
289 6 357 150 10 -149
289 7 72 -182 -367 58
289 8 -415 -188 278 175
289 9 -76 -72 177 -2
289 10 22 32 26 57
289 11 50 32 59 390
289 12 -23 -236 104 117
289 13 -341 -655 -79 51
289 14 276 -140 185 182
289 15 -178 -282 -411 59
290 0 -280 -22 56 14
290 1 121 -110 -48 454
290 2 129 161 128 38
290 3 -58 -379 -176 -56
290 4 177 242 -120 18
290 5 -76 11 -197 262
290 6 31 302 43 3
290 7 320 -329 87 -336
290 8 168 222 -56 -172
290 9 -107 -151 386 -126
290 10 -406 -140 -189 -427
290 11 81 226 -359 199
290 12 -103 11 -199 -127
290 13 72 115 -271 -4
290 14 304 164 -218 107
290 15 -143 -261 9 59
291 0 -236 318 -103 127
291 1 -137 39 -299 284
291 2 85 325 -165 -225
291 3 -19 -70 -594 485
291 4 -109 279 -13 340
291 5 261 451 21 83
291 6 83 20 -103 -172
291 7 -57 -314 -254 -356
291 8 -518 -33 470 73
291 9 370 166 280 104
291 10 -380 -67 -187 -67
291 11 -328 -208 -114 51
291 12 -297 110 -403 395
291 13 413 -383 311 -205
291 14 572 -125 369 202
291 15 -109 6 -165 144
292 0 314 257 40 251
292 1 129 291 28 197
292 2 99 223 412 -118
292 3 -97 98 148 86
292 4 293 20 -95 -43
292 5 520 384 -15 195
292 6 -246 61 243 321
292 7 -168 -441 -369 -153
292 8 -115 114 393 23
292 9 -348 -195 86 10
292 10 -337 25 -287 -317
292 11 162 236 228 272
292 12 140 28 252 162
292 13 -84 -162 -244 -194
292 14 -7 172 275 -79
292 15 -87 -103 151 405
293 0 111 -215 114 -466
293 1 -424 104 205 50
293 2 140 -102 -198 272
293 3 -228 -1 -82 -319
293 4 96 184 168 362
293 5 -59 -270 -232 -310
293 6 -23 -200 316 289
293 7 225 -319 -292 -135
293 8 -110 88 253 193
293 9 -378 24 203 -190
293 10 211 -126 155 -344
293 11 165 70 310 -114
293 12 -55 -518 -196 42
293 13 180 -489 -209 -91
293 14 272 61 -15 78
293 15 339 -148 -62 -185
294 0 84 -41 98 21
294 1 -316 290 99 39
294 2 110 -110 -362 280
294 3 -39 232 -202 -23
294 4 150 188 222 343
294 5 121 -335 -85 -620
294 6 200 -144 209 -320
294 7 357 -70 172 -403
294 8 -7 -299 -34 103
294 9 -109 54 -82 -186
294 10 48 -109 -63 -34
294 11 -274 -349 -16 -368
294 12 -592 471 -145 171
294 13 2 -187 126 268
294 14 404 169 339 -8
294 15 260 330 54 567
295 0 -219 -97 157 219
295 1 77 0 126 374
295 2 230 90 82 -146
295 3 -260 -398 -491 121
295 4 36 398 -244 -279
295 5 77 291 200 -41
295 6 110 425 -141 -191
295 7 -9 -205 303 -625
295 8 215 -185 -39 65
295 9 3 -342 199 -277
295 10 -131 116 -291 -94
295 11 72 -42 -361 200
295 12 -158 454 15 178
295 13 141 469 -319 132
295 14 485 -13 -124 -24
295 15 -39 -82 50 -6
296 0 331 -805 -333 -462
296 1 -485 159 290 40
296 2 -338 -220 -125 -367
296 3 -146 155 265 28
296 4 -109 371 -172 -106
296 5 482 -42 466 -509
296 6 178 -55 387 -327
296 7 -434 36 72 -527
296 8 96 -308 145 -27
296 9 -178 -647 -283 -286
296 10 129 96 374 8
296 11 -240 -396 383 -304
296 12 -219 -16 201 172
296 13 -46 -362 -164 -258
296 14 -149 98 235 -466
296 15 -197 95 -425 163
297 0 109 -298 23 215
297 1 133 52 127 -60
297 2 235 260 -242 -366
297 3 -231 75 -57 -604
297 4 -148 -471 50 -147
297 5 -279 265 -103 -245
297 6 -248 486 -30 240
297 7 313 194 346 -47
297 8 -50 -208 153 108
297 9 -252 -151 -131 30
297 10 282 119 -181 -364
297 11 -25 143 -321 226
297 12 -57 164 233 -43
297 13 57 -75 157 150
297 14 180 262 251 -53
297 15 77 48 152 -237
298 0 -229 -152 -99 -56
298 1 -84 -67 299 -158
298 2 24 130 303 82
298 3 298 232 87 -168
298 4 555 149 -100 -235
298 5 113 616 206 31
298 6 74 -243 -145 134
298 7 -64 30 -309 28
298 8 351 -17 198 -591
298 9 -349 46 -477 133
298 10 65 86 -54 -250
298 11 -149 -207 178 -69
298 12 -85 -278 -288 85
298 13 -326 -276 -85 -35
298 14 -351 -101 -25 96
298 15 -231 -167 -609 357
299 0 -27 174 24 -377
299 1 -231 -132 33 16
299 2 -62 -153 -556 101
299 3 -132 102 -197 166
299 4 -255 -86 -181 231
299 5 203 -82 54 308
299 6 582 -92 -114 25
299 7 -108 127 -349 -268
299 8 -615 -71 105 90
299 9 18 -374 67 16
299 10 77 7 261 375
299 11 185 13 175 219
299 12 201 -108 477 32
299 13 67 -164 33 -56
299 14 215 -390 208 17
299 15 -18 -275 -154 -205
300 0 -67 514 377 278
300 1 51 978 -66 -629
300 2 207 120 -42 278
300 3 18 295 -263 -99
300 4 359 227 403 339
300 5 -40 325 -199 199
300 6 274 -253 92 -35
300 7 324 181 82 49
300 8 259 -321 417 264
300 9 172 -117 55 -170
300 10 -160 -370 210 -216
300 11 163 186 -196 50
300 12 -545 -588 -27 418
300 13 -116 -56 -588 75
300 14 296 -27 20 458
300 15 316 25 -547 785
301 0 128 -47 -172 -135
301 1 265 7 133 -229
301 2 -43 -198 -15 -315
301 3 190 -439 245 176
301 4 -21 -3 -422 -23
301 5 38 -95 109 -100
301 6 56 290 90 -357
301 7 -350 491 -13 352
301 8 -149 -266 122 -322
301 9 -172 38 137 249
301 10 -32 -110 288 61
301 11 -142 187 -93 488
301 12 236 -184 237 47
301 13 56 -114 67 36
301 14 -249 -208 -314 -34
301 15 -493 115 105 -90
302 0 79 -211 -219 48
302 1 -232 -243 146 -195
302 2 38 249 46 -82
302 3 77 47 -163 91
302 4 117 -402 -55 111
302 5 -67 205 95 126
302 6 -186 -206 110 128
302 7 -122 31 -137 294
302 8 -166 473 -32 -272
302 9 60 557 126 181
302 10 77 -292 -216 -400
302 11 -143 -48 -43 -528
302 12 -218 5 -182 -190
302 13 47 -66 500 -163
302 14 116 94 265 191
302 15 -349 5 68 -189
303 0 -80 -221 -45 -68
303 1 322 256 299 -23
303 2 307 85 -45 -214
303 3 -89 -41 -78 334
303 4 -72 305 40 -44
303 5 -103 218 199 -48
303 6 142 37 -70 -80
303 7 347 162 122 -211
303 8 293 46 290 -245
303 9 -256 -430 68 -74
303 10 -217 -96 233 -421
303 11 -416 -77 -562 537
303 12 -7 -99 -217 -453
303 13 241 -56 -200 133
303 14 146 -234 36 -232
303 15 -733 -122 -398 217
304 0 -260 62 151 -229
304 1 504 -142 -206 180
304 2 17 857 56 -284
304 3 -25 -516 -521 75
304 4 -14 11 624 -140
304 5 45 91 601 -57
304 6 679 -568 -311 -162
304 7 -66 -469 -336 -157
304 8 290 -448 -311 -35
304 9 -116 217 -297 27
304 10 127 160 -187 -311
304 11 55 68 135 309
304 12 -533 118 78 -81
304 13 283 3 272 -98
304 14 -412 -288 -766 682
304 15 34 -68 -27 524
305 0 -235 -157 429 67
305 1 424 -157 344 -195
305 2 -122 -153 -351 -415
305 3 -6 -359 9 184
305 4 184 -445 136 155
305 5 67 -382 -142 244
305 6 346 29 -22 -325
305 7 -139 171 -45 79
305 8 416 55 -781 -286
305 9 182 327 -93 210
305 10 359 236 -160 -247
305 11 -168 665 -254 -3
305 12 69 190 17 193
305 13 11 115 -48 145
305 14 535 -6 -441 -129
305 15 -200 145 455 -308
306 0 -164 -190 121 155
306 1 -42 96 212 40
306 2 -58 18 5 348
306 3 271 95 -4 -315
306 4 316 360 10 -318
306 5 -244 -95 59 391
306 6 -14 76 -136 -580
306 7 -93 -10 95 -239
306 8 346 -68 -12 8
306 9 101 -261 165 -221
306 10 -221 118 -196 1
306 11 321 -11 -235 -390
306 12 -163 126 -127 214
306 13 -568 386 -520 214
306 14 626 -50 -75 -219
306 15 73 33 -23 146
307 0 254 67 -406 -250
307 1 110 -56 -185 22
307 2 -497 -168 171 56
307 3 44 -57 57 77
307 4 -205 96 240 -63
307 5 -400 -456 150 148
307 6 30 54 328 -404
307 7 -245 17 315 -92
307 8 83 -319 -32 126
307 9 2 50 10 -102
307 10 -202 -138 299 245
307 11 -8 -134 -77 -171
307 12 -493 63 138 -20
307 13 89 304 143 466
307 14 -147 -107 -345 222
307 15 -32 -210 201 5
308 0 243 254 -275 383
308 1 217 209 32 -11
308 2 304 388 -153 -193
308 3 -12 535 33 -154
308 4 -148 90 -115 -459
308 5 68 71 422 13
308 6 -167 119 48 421
308 7 -516 -138 -106 266
308 8 -298 -119 573 410
308 9 -483 -460 -125 -307
308 10 202 154 1 202
308 11 194 -159 376 58
308 12 -157 -197 350 -182
308 13 -70 389 -52 171
308 14 -460 58 -164 -171
308 15 -12 343 119 561
309 0 289 49 127 48
309 1 50 173 -2 226
309 2 179 183 462 284
309 3 66 -391 390 307
309 4 302 507 375 -416
309 5 -271 -35 -122 -282
309 6 -490 107 -401 239
309 7 93 37 421 228
309 8 337 270 191 -110
309 9 536 -390 393 -193
309 10 42 -224 312 -4
309 11 -436 204 -479 -166
309 12 51 41 76 356
309 13 -163 148 -77 -349
309 14 -456 -382 -384 -65
309 15 383 -99 -129 86
310 0 -12 -376 -115 -327
310 1 -65 -23 126 -488
310 2 85 -182 -70 99
310 3 -32 42 -57 -154
310 4 -182 -237 47 -126
310 5 111 171 187 -122
310 6 -144 -548 251 -30
310 7 -47 -282 3 -108
310 8 198 -252 -180 177
310 9 -345 108 -169 149
310 10 40 -208 -370 -373
310 11 148 113 276 -16
310 12 -120 -5 -228 -66
310 13 -194 -106 -133 -203
310 14 159 179 154 -87
310 15 -56 302 229 168
311 0 -184 -288 68 -118
311 1 -39 -484 -567 -529
311 2 -59 53 2 -209
311 3 -171 211 -47 226
311 4 243 237 -80 -207
311 5 194 275 -180 -57
311 6 -91 -349 -233 46
311 7 170 302 -295 -376
311 8 -481 -323 68 -267
311 9 491 571 394 237
311 10 -200 -250 100 11
311 11 161 230 224 -309
311 12 -120 -254 -201 -106
311 13 425 100 83 60
311 14 -103 -117 123 808
311 15 41 -379 -201 -368
312 0 -193 14 -1 -161
312 1 24 -682 465 279
312 2 245 71 -446 -163
312 3 91 45 134 207
312 4 231 -23 -509 -265
312 5 57 -80 281 454
312 6 340 -135 -139 -277
312 7 -613 -198 -220 113
312 8 -23 80 -159 -42
312 9 13 -194 0 -77
312 10 -33 32 -419 47
312 11 189 -108 292 -84
312 12 140 92 -253 -105
312 13 -188 -63 96 -121
312 14 224 107 -18 57
312 15 -503 403 120 192
313 0 646 -136 406 191
313 1 68 84 503 39
313 2 -371 105 115 -445
313 3 248 109 405 -18
313 4 554 163 326 210
313 5 478 73 499 145
313 6 66 -43 349 -132
313 7 -248 -86 -160 -163
313 8 576 51 96 -378
313 9 -178 -21 -109 66
313 10 241 559 193 -479
313 11 -303 220 359 -298
313 12 -346 -308 -207 609
313 13 -38 -272 -115 221
313 14 454 71 -71 -372
313 15 -219 200 -9 254
314 0 89 -289 -22 199
314 1 -223 32 -345 57
314 2 -387 476 -302 -299
314 3 -138 481 -134 -206
314 4 -301 -198 106 355
314 5 734 -200 10 -82
314 6 169 -146 211 12
314 7 79 204 -334 -278
314 8 -492 170 -52 28
314 9 16 235 -32 377
314 10 152 25 -47 22
314 11 155 -150 442 -684
314 12 -97 70 542 -365
314 13 -110 -91 48 -144
314 14 136 408 421 -102
314 15 136 -223 -164 -54
315 0 410 122 -47 -102
315 1 221 192 402 -232
315 2 250 -63 51 -382
315 3 -463 -161 -233 749
315 4 -321 69 363 273
315 5 256 -265 278 -203
315 6 -36 192 558 -83
315 7 -414 -35 242 230
315 8 399 4 222 -11
315 9 -19 436 410 -13
315 10 56 -367 -312 68
315 11 -303 -52 -84 80
315 12 -313 -160 48 -14
315 13 225 51 4 231
315 14 267 -461 -311 -39
315 15 -399 95 40 -69
316 0 -185 -283 174 471
316 1 216 217 -164 143
316 2 604 27 -392 -328
316 3 76 230 -236 -276
316 4 -99 -78 -172 -198
316 5 116 -99 -84 -31
316 6 75 155 442 30
316 7 91 -332 -147 306
316 8 -103 343 -233 -16
316 9 -104 86 6 -514
316 10 -2 308 -199 -381
316 11 462 151 233 154
316 12 -229 31 -315 -469
316 13 163 -30 -150 -139
316 14 -39 730 246 -139
316 15 -343 437 246 250
317 0 33 273 -75 107
317 1 -205 -264 350 95
317 2 -24 -47 -305 505
317 3 -93 88 23 -38
317 4 -154 -78 80 323
317 5 -548 -312 -202 -33
317 6 189 135 -153 71
317 7 -17 194 171 -9
317 8 -87 239 73 158
317 9 -219 190 -86 37
317 10 188 -155 -37 328
317 11 -216 -30 -146 -135
317 12 202 237 55 -108
317 13 4 70 388 105
317 14 204 -196 -273 64
317 15 446 89 266 -385
318 0 -515 322 -57 -148
318 1 -394 -302 -396 30
318 2 -38 -213 -380 82
318 3 331 -200 -164 137
318 4 -30 -182 -152 -168
318 5 90 -65 131 364
318 6 72 -361 -149 132
318 7 -5 -92 -539 61
318 8 -336 -76 -732 -45
318 9 517 -69 164 78
318 10 83 379 273 193
318 11 212 471 -108 87
318 12 -114 39 -223 449
318 13 182 44 34 -69
318 14 -26 -141 164 227
318 15 -253 -139 66 -126
319 0 279 57 177 132
319 1 -104 360 269 77
319 2 474 37 397 339
319 3 -103 -112 -304 -111
319 4 148 221 -60 109
319 5 133 40 142 -234
319 6 -238 192 470 -41
319 7 -172 125 -313 335
319 8 111 247 530 -193
319 9 -503 479 232 -100
319 10 -88 -84 -352 -69
319 11 641 -260 65 25
319 12 2 -87 205 -156
319 13 -66 -121 -465 175
319 14 207 -163 130 222
319 15 -7 -398 -11 -286
320 0 428 -355 21 -524
320 1 -451 -163 333 -265
320 2 368 229 -686 -1
320 3 -175 16 85 -303
320 4 139 -32 112 298
320 5 16 -433 -10 -102
320 6 449 -315 -221 65
320 7 366 381 -35 -219
320 8 -627 -168 206 -209
320 9 11 -332 748 -30
320 10 -66 -293 524 -32
320 11 -181 176 77 -240
320 12 -184 -535 312 -245
320 13 -190 -101 7 -188
320 14 204 -107 277 288
320 15 -20 -61 -44 277
321 0 -99 195 -500 164
321 1 -379 169 -35 186
321 2 -82 101 147 -101
321 3 -118 167 -445 -142
321 4 -716 -213 106 249
321 5 107 -371 -361 -291
321 6 -201 290 185 381
321 7 -201 -106 -55 24
321 8 -378 41 20 296
321 9 -111 431 -40 439
321 10 186 3 30 826
321 11 -492 -289 -33 -328
321 12 363 86 239 -242
321 13 -122 341 189 -109
321 14 -141 201 -71 -332
321 15 387 -386 220 -244
322 0 430 -195 218 -125
322 1 -301 -89 23 264
322 2 109 779 214 -213
322 3 224 238 209 -508
322 4 379 125 -62 10
322 5 81 -254 431 -460
322 6 -185 84 89 -10
322 7 463 -16 -23 -451
322 8 121 -550 381 211
322 9 -285 -227 329 18
322 10 -204 -197 44 -110
322 11 -88 -579 -363 -408
322 12 -264 40 -102 -358
322 13 406 186 307 460
322 14 99 195 185 248
322 15 -108 -35 -167 645
323 0 -251 -20 -150 215
323 1 9 -125 -458 -180
323 2 -331 154 -235 -43
323 3 -171 213 430 337
323 4 25 283 -324 65
323 5 272 -138 162 24
323 6 -96 10 -81 -365
323 7 83 211 -174 -227
323 8 -163 -66 -101 226
323 9 165 -85 408 -142
323 10 -410 -235 -270 -111
323 11 373 115 22 24
323 12 -23 134 12 -164
323 13 242 79 1 161
323 14 34 -185 6 47
323 15 -356 522 -257 50
324 0 368 107 687 517
324 1 695 -122 -268 75
324 2 -26 143 76 -182
324 3 112 35 186 -83
324 4 195 39 244 99
324 5 49 419 188 52
324 6 363 115 -204 -38
324 7 133 114 389 -202
324 8 283 13 216 -219
324 9 -12 58 -499 -166
324 10 -90 410 -31 -131
324 11 13 94 268 250
324 12 -163 169 -38 101
324 13 324 -23 160 11
324 14 -89 190 -210 233
324 15 599 311 300 107
325 0 20 -279 -13 396
325 1 321 -307 -65 112
325 2 1 143 -16 -438
325 3 -288 -169 6 -186
325 4 380 140 -82 71
325 5 83 258 -294 115
325 6 -278 919 -42 -289
325 7 -36 191 166 -289
325 8 -190 28 465 -642
325 9 -4 426 525 -52
325 10 -416 174 -582 -322
325 11 54 340 -60 30
325 12 -297 -1 20 408
325 13 -95 -113 -103 321
325 14 626 -103 -53 147
325 15 70 -55 204 -510
326 0 -29 51 66 -236
326 1 157 -87 -1 -9
326 2 -150 -282 12 -150
326 3 -23 -424 23 -29
326 4 93 -109 -421 152
326 5 114 -142 -122 167
326 6 -128 466 260 -139
326 7 -105 -41 343 140
326 8 112 -101 -50 42
326 9 -35 -72 304 34
326 10 7 -324 -206 -181
326 11 175 88 -38 91
326 12 -72 -262 73 286
326 13 -47 64 -164 203
326 14 302 74 -301 -110
326 15 -101 162 96 -63
327 0 -110 -90 -139 64
327 1 -404 406 17 -220
327 2 -202 65 116 74
327 3 255 -114 -36 -40
327 4 77 426 34 315
327 5 109 -267 -6 -46
327 6 286 180 457 -531
327 7 -348 -1 -292 -279
327 8 187 -239 131 -106
327 9 -20 308 314 -119
327 10 -437 -228 79 251
327 11 -64 243 -184 -148
327 12 -194 -215 -104 321
327 13 46 -10 -161 -209
327 14 153 -206 -514 131
327 15 116 5 -160 174
328 0 35 -180 -271 -134
328 1 -107 266 95 -240
328 2 -492 -186 -75 103
328 3 178 -276 153 -171
328 4 176 -70 -574 140
328 5 -34 -97 -101 -66
328 6 -21 100 398 -571
328 7 -200 416 -8 -30
328 8 -225 -304 33 89
328 9 -405 -85 -41 292
328 10 28 -500 200 -461
328 11 205 156 -115 -53
328 12 -81 112 422 183
328 13 -93 -204 -60 105
328 14 232 280 -11 61
328 15 -273 38 89 29
329 0 -3 306 89 -222
329 1 -183 -54 239 341
329 2 497 -49 159 129
329 3 -378 -375 -362 -63
329 4 142 107 -34 13
329 5 149 -39 -174 -375
329 6 51 -37 -3 388
329 7 27 -166 -331 -30
329 8 -205 -213 31 -71
329 9 -339 188 109 103
329 10 129 139 -39 183
329 11 180 9 219 355
329 12 193 -13 199 60
329 13 31 -137 -299 27
329 14 -145 1 23 485
329 15 214 -551 158 -107
330 0 229 350 112 463
330 1 -292 301 375 214
330 2 186 -281 157 -16
330 3 -267 49 -244 25
330 4 218 -205 174 365
330 5 40 3 -452 329
330 6 427 223 217 468
330 7 135 -128 245 -92
330 8 64 530 -383 -289
330 9 203 51 17 -290
330 10 -57 246 322 194
330 11 -327 271 -13 -122
330 12 -109 14 131 101
330 13 -171 295 -161 -163
330 14 20 482 256 75
330 15 155 -343 156 131
331 0 407 15 185 77
331 1 186 -67 -335 -475
331 2 -124 10 249 -129
331 3 269 -329 -35 -17
331 4 -170 -84 -44 106
331 5 459 305 546 -4
331 6 296 -79 -213 -80
331 7 -343 411 -105 -150
331 8 -281 -350 222 -390
331 9 -104 254 -1 233
331 10 -223 275 196 529
331 11 41 204 309 272
331 12 110 -124 486 224
331 13 91 345 58 -204
331 14 -312 -457 -307 162
331 15 441 -16 409 -98
332 0 28 385 -704 -291
332 1 184 -17 -211 -233
332 2 -310 418 223 -448
332 3 -149 -13 205 211
332 4 -116 -379 581 227
332 5 -264 -402 -268 391
332 6 -265 -394 143 -298
332 7 -614 -435 -235 271
332 8 -160 -469 93 411
332 9 324 576 272 315
332 10 -684 -358 -301 152
332 11 -334 265 41 -147
332 12 -238 -297 -235 167
332 13 -78 -196 291 -180
332 14 -85 49 -247 580
332 15 -54 108 460 408
333 0 -375 16 -331 -179
333 1 -424 62 413 221
333 2 -252 68 -152 -138
333 3 -212 24 64 -86
333 4 -206 285 -246 -155
333 5 99 -193 -165 336
333 6 130 35 275 49
333 7 -518 -352 -48 18
333 8 281 19 -278 555
333 9 98 -468 88 87
333 10 280 -253 41 75
333 11 119 154 275 -221
333 12 296 -499 5 114
333 13 -465 -16 -518 -471
333 14 12 417 -390 -254
333 15 -183 -9 -539 103
334 0 253 165 418 -490
334 1 -570 -172 109 -17
334 2 228 -206 26 464
334 3 42 118 -163 37
334 4 -48 65 134 109
334 5 198 69 193 -208
334 6 230 -605 209 382
334 7 -54 -239 -66 -249
334 8 178 -151 44 263
334 9 59 -3 -235 52
334 10 220 -206 94 379
334 11 109 -261 319 -322
334 12 9 -84 -154 161
334 13 196 -177 -19 -339
334 14 -13 10 172 395
334 15 641 -278 -74 40
335 0 -44 103 449 -299
335 1 502 -413 229 169
335 2 -19 99 -65 77
335 3 -254 86 225 -195
335 4 327 -328 -129 -58
335 5 -160 461 -172 87
335 6 135 353 -318 166
335 7 429 -174 125 -159
335 8 216 -206 258 47
335 9 -420 -273 -425 72
335 10 267 -159 -640 -452
335 11 265 -149 29 653
335 12 339 187 201 12
335 13 26 -533 352 378
335 14 135 -304 5 42
335 15 54 61 -303 -137
336 0 224 -135 -109 127
336 1 -157 322 79 -184
336 2 61 -227 126 -142
336 3 -302 -19 -395 -132
336 4 67 -68 223 75
336 5 -245 23 -490 -18
336 6 -157 388 111 229
336 7 -82 -121 306 62
336 8 -297 145 177 -25
336 9 298 253 293 -336
336 10 175 -6 209 69
336 11 -210 124 44 -345
336 12 -290 -272 111 365
336 13 -73 236 11 18
336 14 159 62 14 -9
336 15 396 -193 179 -299
337 0 -199 -68 49 -281
337 1 74 -200 167 561
337 2 18 850 260 12
337 3 -37 -223 280 -146
337 4 102 560 255 -68
337 5 -191 -280 -2 215
337 6 -244 -113 -145 79
337 7 -37 -515 -196 140
337 8 533 324 297 343
337 9 -17 -200 484 87
337 10 -144 -345 -246 -400
337 11 105 -1 -38 -203
337 12 321 -670 -421 -325
337 13 -140 -182 -348 -407
337 14 47 24 -735 12
337 15 9 -82 -459 107
338 0 49 -253 -299 -187
338 1 -332 129 47 -209
338 2 -214 109 -53 279
338 3 19 76 373 -303
338 4 327 99 260 355
338 5 -550 -484 -16 -264
338 6 -325 -336 305 -280
338 7 224 -110 -304 -342
338 8 110 -220 116 264
338 9 -489 180 223 -246
338 10 -428 -173 69 -583
338 11 -25 265 -331 -212
338 12 -415 -42 -522 -13
338 13 444 -227 59 317
338 14 395 29 -98 316
338 15 18 218 358 87
339 0 -131 131 -536 -83
339 1 191 182 49 -69
339 2 21 -168 304 -82
339 3 -122 -72 -184 481
339 4 -4 68 140 -177
339 5 -222 130 101 104
339 6 -134 -403 127 -246
339 7 -678 116 -286 405
339 8 -11 37 144 -169
339 9 -4 346 -360 -4
339 10 -209 93 94 29
339 11 9 -150 57 21
339 12 -220 12 -96 -19
339 13 15 -184 -231 14
339 14 -286 -73 69 433
339 15 -356 -396 80 -120
340 0 -146 -369 267 66
340 1 360 -515 -292 452
340 2 224 82 -401 -533
340 3 420 -104 265 -196
340 4 320 163 -534 -335
340 5 226 -114 -28 162
340 6 -376 570 -170 -141
340 7 -207 108 327 151
340 8 -136 183 271 -351
340 9 365 -436 275 -131
340 10 -77 183 -136 -165
340 11 -28 -37 -74 -425
340 12 -198 -186 -324 238
340 13 -53 14 -196 -15
340 14 340 412 -64 -308
340 15 38 314 225 50
341 0 -740 148 -156 91
341 1 180 -474 -201 -120
341 2 -190 -96 165 82
341 3 32 -234 82 159
341 4 187 282 -276 22
341 5 -102 -20 14 42
341 6 -112 -293 -702 137
341 7 -95 -60 -126 -1
341 8 140 59 -348 -20
341 9 -60 261 -77 60
341 10 -75 245 -94 192
341 11 -191 48 196 -29
341 12 303 -276 -647 -47
341 13 105 529 -172 95
341 14 -225 -125 -785 10
341 15 224 375 165 -87
342 0 -503 -234 -132 -238
342 1 79 123 -215 -450
342 2 135 82 -289 -172
342 3 -97 -162 -467 15
342 4 -223 -553 -28 233
342 5 247 26 -215 -265
342 6 255 -165 -286 187
342 7 -103 95 -354 -4
342 8 -489 -111 -85 -151
342 9 -144 272 -261 161
342 10 178 -150 -179 122
342 11 -241 161 -99 80
342 12 114 56 387 -61
342 13 89 -29 201 -336
342 14 -158 -298 -210 24
342 15 337 -58 217 -90
343 0 -174 -23 -523 80
343 1 271 43 37 67
343 2 -112 -389 -19 -218
343 3 -724 -31 -206 -60
343 4 -420 48 -122 291
343 5 -133 71 -543 -145
343 6 46 225 -208 -353
343 7 -7 307 502 -248
343 8 -365 -268 175 110
343 9 -188 148 -228 206
343 10 -392 121 -129 290
343 11 -152 -348 303 307
343 12 250 115 124 -274
343 13 -351 -61 -415 110
343 14 197 467 337 24
343 15 165 -101 211 -287
344 0 -127 -265 -151 -355
344 1 97 67 -173 159
344 2 -6 -326 -408 -20
344 3 122 172 -212 542
344 4 -189 418 116 176
344 5 -6 -553 -382 -127
344 6 87 7 250 -44
344 7 -56 -266 -311 -142
344 8 -506 362 351 -173
344 9 32 25 184 -225
344 10 36 -135 477 18
344 11 -512 -30 -33 -179
344 12 -119 -185 -302 -183
344 13 462 -248 199 45
344 14 179 -263 -199 -404
344 15 -94 -193 77 -157
345 0 85 55 -391 112
345 1 -710 171 -31 47
345 2 -241 -338 314 405
345 3 -48 -4 125 -23
345 4 205 403 -633 -46
345 5 76 -13 210 185
345 6 -283 -34 173 67
345 7 88 120 184 -392
345 8 -109 123 -160 219
345 9 -57 -589 484 -310
345 10 -421 -163 420 18
345 11 294 -116 -111 -364
345 12 -163 -38 59 -8
345 13 -96 685 -561 163
345 14 85 313 370 -57
345 15 -265 -123 -115 201
346 0 -222 -277 52 -6
346 1 -207 164 187 318
346 2 370 196 -80 132
346 3 136 -155 236 69
346 4 194 353 -445 27
346 5 391 -388 159 -332
346 6 38 -76 315 -242
346 7 -171 243 -298 -152
346 8 287 186 30 -161
346 9 -416 -321 73 -60
346 10 -371 -292 -133 -155
346 11 162 -4 -384 -146
346 12 138 254 74 -424
346 13 36 -93 -598 -339
346 14 48 284 -73 30
346 15 -199 -90 -12 324
347 0 -154 142 -37 -264
347 1 -91 -297 120 207
347 2 -73 -124 224 88
347 3 293 -214 -473 -161
347 4 -57 -261 -350 100
347 5 245 365 -92 190
347 6 56 180 474 133
347 7 32 -357 76 -243
347 8 126 -116 -16 -245
347 9 -445 296 -226 629
347 10 40 -364 -372 -182
347 11 -117 -155 -34 32
347 12 -79 105 -141 91
347 13 -115 -137 166 43
347 14 311 325 30 57
347 15 -115 -440 30 88
348 0 -251 -207 472 -16
348 1 400 186 209 -692
348 2 -15 -49 7 -118
348 3 -279 441 1 -5
348 4 497 -300 428 -146
348 5 -129 107 -731 245
348 6 273 79 -283 -76
348 7 508 -528 76 -343
348 8 342 -367 -352 104
348 9 368 207 88 -222
348 10 94 -291 -566 -228
348 11 -138 409 -110 110
348 12 103 44 -120 140
348 13 -263 183 242 250
348 14 324 -322 -161 -172
348 15 60 349 -213 334
349 0 -73 -295 212 29
349 1 242 442 -33 -352
349 2 348 110 -252 -63
349 3 -111 -223 -67 66
349 4 46 -1 239 -84
349 5 -302 -212 -24 -259
349 6 -24 319 -251 -366
349 7 179 257 -44 265
349 8 -35 -86 100 -33
349 9 272 -38 445 -514
349 10 22 -18 -80 -130
349 11 163 242 -567 347
349 12 -75 63 219 89
349 13 163 5 34 141
349 14 153 -737 -173 -110
349 15 -115 292 -55 -211
350 0 -196 -391 -413 239
350 1 -350 -151 -113 -179
350 2 -429 -82 -443 238
350 3 178 21 239 -418
350 4 -93 51 125 -17
350 5 -344 -316 -290 89
350 6 183 248 245 -88
350 7 510 -159 237 -63
350 8 -10 293 -759 -256
350 9 63 142 402 -199
350 10 158 -122 198 -445
350 11 -97 707 93 -124
350 12 -431 -70 -188 2
350 13 -324 63 422 -112
350 14 -233 197 -371 -272
350 15 -233 532 -169 34
351 0 454 -91 -265 401
351 1 49 188 70 -209
351 2 -169 117 112 26
351 3 -481 269 106 73
351 4 354 -109 155 -193
351 5 -163 217 -27 4
351 6 -365 105 -22 324
351 7 79 84 357 -44
351 8 -209 284 113 43
351 9 -54 -147 153 -379
351 10 198 -175 7 -555
351 11 31 164 67 -411
351 12 -573 210 510 89
351 13 -119 360 132 335
351 14 -76 46 234 70
351 15 -10 89 106 54
352 0 -98 -74 -205 -90
352 1 -260 13 -80 16
352 2 355 -210 0 153
352 3 95 176 160 -472
352 4 107 -264 262 -31
352 5 -146 -432 -315 -308
352 6 -304 -33 -118 476
352 7 125 -172 -185 223
352 8 -142 59 -148 -228
352 9 -121 91 -70 -296
352 10 -58 458 69 430
352 11 -213 71 37 -140
352 12 9 -111 -178 23
352 13 -221 63 -81 -21
352 14 -438 32 40 -134
352 15 493 -19 416 95
353 0 171 244 132 -240
353 1 29 -188 418 -192
353 2 127 -244 -543 254
353 3 296 236 117 -226
353 4 99 54 50 254
353 5 69 -403 219 -99
353 6 513 -313 244 67
353 7 -4 45 -159 396
353 8 70 -136 -24 -207
353 9 -622 158 -233 118
353 10 515 106 245 68
353 11 -6 -88 728 89
353 12 -213 -563 -185 -87
353 13 -241 -275 76 342
353 14 -178 -8 -357 -44
353 15 -92 420 -50 481
354 0 -159 91 -153 143
354 1 -9 143 190 -24
354 2 119 -116 -304 -354
354 3 -266 10 -291 153
354 4 76 -175 -55 102
354 5 243 91 29 -213
354 6 135 127 43 48
354 7 -213 89 -198 178
354 8 -209 -72 -120 -184
354 9 -89 147 -218 -79
354 10 365 340 -62 -48
354 11 -109 -22 197 134
354 12 -263 77 140 299
354 13 20 -227 35 213
354 14 14 -31 171 -9
354 15 -261 104 -45 -4
355 0 -13 -111 -117 85
355 1 -141 -47 196 -175
355 2 184 -193 -218 337
355 3 8 148 244 -214
355 4 -4 -68 -41 89
355 5 -146 -253 429 -2
355 6 -120 0 45 -31
355 7 -134 519 -96 321
355 8 235 317 25 -269
355 9 -415 -12 -51 -319
355 10 -56 308 -126 119
355 11 418 -60 -60 -65
355 12 -111 -104 58 -206
355 13 -162 112 -405 311
355 14 44 -326 -11 -94
355 15 -54 116 74 -333
356 0 238 -56 106 8
356 1 -55 -73 138 -207
356 2 395 242 165 -167
356 3 124 123 142 -165
356 4 115 -39 359 -143
356 5 -41 43 62 207
356 6 184 -119 -163 275
356 7 246 108 -31 206
356 8 153 65 -46 -480
356 9 292 104 356 -8
356 10 -216 133 276 236
356 11 -193 179 -42 64
356 12 48 -499 -132 -290
356 13 -224 165 -18 -207
356 14 -424 -122 32 204
356 15 -210 -217 -259 236
357 0 111 -216 -306 -119
357 1 -202 4 160 150
357 2 -49 42 121 -197
357 3 105 -129 274 -61
357 4 172 67 -343 52
357 5 123 16 -92 -359
357 6 -126 188 209 -68
357 7 26 73 -120 -425
357 8 -158 -295 223 -212
357 9 -440 -167 14 240
357 10 -315 -159 171 -182
357 11 -472 79 -295 185
357 12 126 220 1 -4
357 13 189 -274 149 -82
357 14 -51 218 140 -6
357 15 -259 -138 132 216
358 0 260 -234 -22 -142
358 1 174 468 1 -571
358 2 -139 -364 129 -19
358 3 -44 -22 16 -106
358 4 -34 -100 -442 81
358 5 138 162 -263 132
358 6 88 264 486 23
358 7 -204 90 281 -156
358 8 -166 -143 409 138
358 9 -410 -268 31 -81
358 10 -116 -666 175 -210
358 11 166 271 68 158
358 12 64 -359 526 -33
358 13 -11 180 -268 -160
358 14 3 179 -219 -125
358 15 146 -21 128 127
359 0 -3 239 -323 -178
359 1 146 -91 271 516
359 2 -79 -21 -166 -111
359 3 -55 -353 286 285
359 4 155 100 239 -127
359 5 -527 -718 -65 310
359 6 89 -9 60 -364
359 7 -378 47 -113 230
359 8 99 44 -301 -51
359 9 167 -256 144 -177
359 10 -165 217 400 -9
359 11 -123 345 -380 94
359 12 -181 133 38 86
359 13 18 -79 -145 199
359 14 -17 -22 -284 273
359 15 -434 -280 323 -28
360 0 -241 63 304 -16
360 1 266 -76 204 27
360 2 118 -364 -179 258
360 3 -62 325 4 68
360 4 39 243 -108 -30
360 5 107 -100 -388 -348
360 6 -26 138 -70 -201
360 7 1 356 66 169
360 8 159 -98 233 -84
360 9 -146 258 -449 329
360 10 397 -39 -300 327
360 11 79 -447 227 -73
360 12 378 131 -14 -78
360 13 -317 -308 -271 345
360 14 194 -49 20 -175
360 15 274 -94 -247 -274
361 0 -823 -13 -503 85
361 1 -15 -230 -251 -165
361 2 278 134 -268 15
361 3 -319 25 -454 61
361 4 -239 430 -254 -469
361 5 -290 -75 -539 -79
361 6 171 198 -84 3
361 7 -116 -104 -104 132
361 8 -404 -195 -160 85
361 9 190 464 399 -42
361 10 48 -514 -190 257
361 11 259 207 183 110
361 12 -9 -225 -93 -391
361 13 -90 277 12 -130
361 14 -529 26 -605 570
361 15 -122 -63 -388 -97
362 0 -297 -117 -73 3
362 1 155 52 -120 18
362 2 77 -42 218 88
362 3 153 -271 -467 427
362 4 -49 -87 -48 -132
362 5 179 135 85 90
362 6 41 -373 -251 -11
362 7 -17 44 125 -174
362 8 34 273 -307 -298
362 9 145 -32 -182 177
362 10 -121 -124 20 -27
362 11 -365 -123 -421 -320
362 12 -127 470 58 -220
362 13 -93 516 -142 -178
362 14 59 46 62 -96
362 15 -62 -349 248 182
363 0 -31 102 -174 176
363 1 -265 -53 139 404
363 2 -114 293 -160 329
363 3 305 -159 -118 -544
363 4 -343 510 73 -100
363 5 -517 135 597 87
363 6 -92 -236 -77 -213
363 7 188 329 -246 19
363 8 49 -21 154 178
363 9 -424 -191 -22 315
363 10 144 602 553 -257
363 11 368 -75 -34 241
363 12 13 -223 -338 -120
363 13 21 -160 -361 211
363 14 304 139 93 60
363 15 -299 -280 -208 -385
364 0 567 -103 301 82
364 1 94 -184 248 -7
364 2 147 486 -88 337
364 3 50 187 -105 152
364 4 50 310 120 400
364 5 -127 -12 258 14
364 6 228 23 363 -192
364 7 -34 -229 -87 64
364 8 -60 530 777 6
364 9 -414 574 414 -158
364 10 -47 -642 -419 -477
364 11 230 -266 331 -252
364 12 -197 -169 -173 -474
364 13 316 -272 618 -15
364 14 414 -281 -265 163
364 15 -7 382 -34 -64
365 0 -387 81 37 -92
365 1 -83 -10 -107 88
365 2 119 507 -385 -51
365 3 176 -43 29 433
365 4 237 398 39 148
365 5 276 -573 440 -145
365 6 53 -513 -469 -111
365 7 -392 287 -654 -96
365 8 -146 8 168 48
365 9 91 -254 214 -62
365 10 -80 102 219 237
365 11 -238 -24 -339 -517
365 12 -127 -106 -63 24
365 13 344 244 -300 18
365 14 195 -481 -460 111
365 15 114 16 76 282
366 0 -189 -121 -463 -75
366 1 -213 78 -195 -515
366 2 -376 -121 73 136
366 3 125 -45 -99 -178
366 4 -253 -31 -338 215
366 5 -135 332 -305 14
366 6 102 -119 132 -180
366 7 174 193 161 181
366 8 -327 -79 -20 14
366 9 -23 406 39 434
366 10 -54 -620 200 -186
366 11 -44 -41 286 35
366 12 86 -399 -113 -206
366 13 -210 -203 279 -344
366 14 -303 313 19 143
366 15 -207 161 -415 23
367 0 -62 -209 227 248
367 1 552 241 -390 436
367 2 -185 137 417 -221
367 3 83 -641 -463 -186
367 4 -452 52 428 -435
367 5 -196 120 206 -14
367 6 -415 528 207 -275
367 7 317 -290 390 133
367 8 574 53 -398 47
367 9 211 116 52 8
367 10 281 427 -190 -481
367 11 357 125 -431 347
367 12 -268 382 27 149
367 13 86 216 -150 301
367 14 204 -1 -248 -370
367 15 -174 -262 64 -527
368 0 44 421 -168 299
368 1 -170 -332 58 270
368 2 -59 281 40 396
368 3 -31 92 117 134
368 4 220 272 -107 -276
368 5 -208 30 132 503
368 6 -200 4 -101 329
368 7 24 -146 -562 -220
368 8 -338 298 54 43
368 9 -239 -82 545 10
368 10 -133 84 41 -167
368 11 378 508 -96 136
368 12 122 110 124 -64
368 13 130 336 30 311
368 14 127 -327 -65 234
368 15 -333 -348 130 -262
369 0 -143 -102 39 108
369 1 -258 -223 4 -17
369 2 129 167 -378 -299
369 3 -266 -143 -205 420
369 4 -310 144 -205 118
369 5 265 -377 -46 -405
369 6 -93 103 320 -70
369 7 -272 229 83 -303
369 8 -50 -119 -140 300
369 9 228 330 403 318
369 10 142 -508 -176 125
369 11 -204 218 -332 -452
369 12 -35 293 -21 -78
369 13 519 223 61 -133
369 14 449 210 -228 286
369 15 58 -5 243 -336
370 0 84 389 350 -205
370 1 82 89 -290 132
370 2 -179 -436 -302 -176
370 3 84 29 113 -48
370 4 -29 -483 -177 723
370 5 369 -265 -544 64
370 6 145 138 406 100
370 7 -41 -222 173 265
370 8 -218 40 -6 282
370 9 175 40 -310 90
370 10 93 -138 -40 89
370 11 -49 -69 416 -49
370 12 35 -241 -53 402
370 13 143 -615 139 -203
370 14 191 589 184 -95
370 15 519 340 273 179
371 0 -172 -34 4 -159
371 1 -215 -394 -35 -30
371 2 98 147 -189 -181
371 3 -355 146 -220 -98
371 4 -475 -80 -410 -319
371 5 74 263 272 -47
371 6 81 105 -73 393
371 7 -230 -88 289 -197
371 8 -8 -283 -23 646
371 9 51 -327 -109 -14
371 10 373 -279 -252 351
371 11 333 -289 204 -45
371 12 215 -67 186 -216
371 13 213 361 71 -154
371 14 -172 118 -136 150
371 15 209 72 -272 -223
372 0 155 329 154 106
372 1 80 -195 169 119
372 2 302 -67 303 318
372 3 -113 188 54 317
372 4 364 219 -481 35
372 5 89 212 -198 336
372 6 58 -276 169 97
372 7 -63 -170 146 -272
372 8 4 201 294 139
372 9 -219 -14 101 56
372 10 -592 -635 -273 -120
372 11 189 -173 134 -151
372 12 159 113 -198 -485
372 13 36 234 -245 -116
372 14 198 569 254 490
372 15 -26 -105 233 443
373 0 -209 -290 103 397
373 1 -9 121 -69 -582
373 2 -345 253 -19 -120
373 3 224 -104 60 -408
373 4 302 -246 -232 33
373 5 190 -156 -62 143
373 6 159 -120 -561 -50
373 7 -419 192 -675 -164
373 8 -517 -83 -254 3
373 9 -150 232 81 54
373 10 148 390 118 219
373 11 104 693 205 -284
373 12 501 -91 480 216
373 13 -145 704 -57 -221
373 14 34 -179 -619 -228
373 15 551 279 660 -177
374 0 -346 -560 -407 -85
374 1 -341 -35 89 -265
374 2 -619 -281 -199 -339
374 3 -10 79 -119 -405
374 4 -153 -31 -574 -340
374 5 22 286 -28 94
374 6 246 63 41 -371
374 7 -166 128 -69 -243
374 8 -285 -415 -501 139
374 9 28 -177 -280 163
374 10 436 192 350 -102
374 11 224 5 424 -43
374 12 150 -87 140 107
374 13 -270 27 -11 -27
374 14 -62 421 182 -270
374 15 -477 48 -430 -261
375 0 -61 -315 417 94
375 1 263 34 140 -234
375 2 618 3 -112 -243
375 3 -217 331 -76 4
375 4 235 -475 -142 -297
375 5 -122 38 -214 -389
375 6 80 324 161 424
375 7 68 68 47 32
375 8 173 11 12 -73
375 9 -186 72 -395 -453
375 10 326 -235 -317 -82
375 11 76 23 -411 71
375 12 24 401 224 -433
375 13 571 148 315 172
375 14 -277 8 -45 258
375 15 105 -58 148 -115
376 0 -233 233 -230 -255
376 1 18 0 -41 380
376 2 14 112 -45 -216
376 3 334 -253 -188 -1
376 4 -171 -185 -301 181
376 5 224 -147 277 29
376 6 -5 25 206 100
376 7 -98 -101 -220 -128
376 8 -36 -186 55 -13
376 9 -493 -326 -200 321
376 10 -151 55 125 -11
376 11 -315 -162 -413 230
376 12 -61 48 -55 -71
376 13 279 -19 -49 142
376 14 105 151 -68 -131
376 15 -324 -261 207 367
377 0 73 173 -148 114
377 1 -484 -7 -5 -323
377 2 -527 -62 657 90
377 3 172 -341 36 -237
377 4 -104 -437 -173 344
377 5 -223 364 305 441
377 6 -449 -158 259 -60
377 7 -311 -69 -234 550
377 8 278 287 -331 310
377 9 156 723 112 255
377 10 -43 84 -200 -161
377 11 512 73 153 -118
377 12 297 -378 -388 302
377 13 81 -22 130 -200
377 14 173 75 81 107
377 15 -188 153 29 -725
378 0 185 307 3 162
378 1 -227 -181 -54 85
378 2 60 12 104 -353
378 3 79 5 207 -274
378 4 2 -413 -335 -207
378 5 155 311 53 132
378 6 -326 438 240 441
378 7 56 -364 103 257
378 8 -22 -184 -254 227
378 9 166 -104 199 46
378 10 147 113 -206 -18
378 11 149 181 139 331
378 12 98 -88 -96 366
378 13 43 -50 372 -28
378 14 -242 312 286 -78
378 15 -305 359 -30 132
379 0 -209 6 160 -40
379 1 281 -43 -179 -215
379 2 424 145 -220 -420
379 3 135 65 53 -69
379 4 330 -376 -341 147
379 5 199 -2 -395 111
379 6 -107 416 -112 71
379 7 104 283 18 639
379 8 -298 106 286 -398
379 9 317 182 338 40
379 10 -124 -348 -282 -55
379 11 -18 -81 -152 -27
379 12 -8 -479 -22 -81
379 13 -107 -234 110 -6
379 14 -44 22 124 111
379 15 -231 182 -227 213
380 0 61 -413 -37 574
380 1 -38 373 -97 -253
380 2 -134 -188 122 -432
380 3 20 5 -39 -148
380 4 -78 373 -64 -103
380 5 -75 223 246 -244
380 6 231 28 27 -449
380 7 -190 400 84 -191
380 8 62 -209 -156 -97
380 9 163 134 -242 -338
380 10 -122 674 595 145
380 11 -2 57 182 69
380 12 -94 -9 -224 21
380 13 296 260 -246 -82
380 14 -193 386 40 41
380 15 -52 204 45 -169
381 0 206 -80 6 -232
381 1 -83 -277 -100 -27
381 2 -75 -300 -44 164
381 3 359 -72 221 102
381 4 253 -19 15 103
381 5 -47 -117 175 67
381 6 -131 74 -21 73
381 7 293 166 223 217
381 8 32 315 -39 -595
381 9 174 -36 239 -145
381 10 -1 32 279 -104
381 11 -266 -103 -121 -214
381 12 -407 -206 -249 159
381 13 2 -38 269 281
381 14 -65 -329 70 -178
381 15 -216 70 -104 0
382 0 -55 320 41 173
382 1 -140 169 31 367
382 2 -47 -360 -6 869
382 3 108 55 114 131
382 4 92 217 -81 -85
382 5 -120 -20 -301 -93
382 6 -169 -386 -420 -217
382 7 368 312 -182 183
382 8 -345 347 -176 21
382 9 77 -186 -232 243
382 10 101 241 199 77
382 11 243 -243 57 27
382 12 490 659 205 -32
382 13 -544 -275 -241 19
382 14 79 47 776 -253
382 15 31 -198 -9 -161
383 0 120 215 -114 182
383 1 -117 108 -196 51
383 2 164 -214 -23 416
383 3 225 -390 218 -414
383 4 -71 -317 -86 556
383 5 -95 -80 -8 2
383 6 -29 223 -80 -180
383 7 344 172 170 54
383 8 -177 120 -9 -287
383 9 -308 0 188 -141
383 10 -757 239 -195 97
383 11 58 183 -225 512
383 12 16 219 3 137
383 13 -226 -137 -44 -163
383 14 120 -14 269 -96
383 15 287 409 603 127
384 0 -208 -42 -519 53
384 1 -355 30 22 -118
384 2 -159 -204 197 472
384 3 -421 119 186 -31
384 4 -22 122 -114 -194
384 5 -256 -99 -88 46
384 6 231 80 -633 -73
384 7 48 18 137 -11
384 8 -196 116 -399 63
384 9 203 -282 152 -641
384 10 -248 98 -71 668
384 11 245 -256 243 89
384 12 315 183 436 -220
384 13 -636 534 -20 -86
384 14 -703 -479 -19 -201
384 15 91 281 -347 11
385 0 376 -351 242 -190
385 1 -45 -125 135 -102
385 2 406 -97 -176 -413
385 3 -376 -111 -170 278
385 4 61 56 -191 -59
385 5 720 -253 0 -448
385 6 -99 61 67 328
385 7 -293 -166 -166 -339
385 8 -503 -120 171 -50
385 9 -78 -5 509 -87
385 10 205 -26 -85 163
385 11 -139 184 348 -219
385 12 100 -10 365 79
385 13 202 290 -112 -97
385 14 213 -92 1 -183
385 15 225 13 557 -72
386 0 38 47 186 -81
386 1 -274 -34 -5 -153
386 2 -394 -284 -288 302
386 3 34 226 -324 -197
386 4 -65 -193 163 274
386 5 227 -47 32 623
386 6 1168 -329 83 -193
386 7 42 -156 286 -492
386 8 31 -4 -653 -92
386 9 256 -166 -318 -240
386 10 1 29 201 389
386 11 210 -3 557 -374
386 12 -432 24 385 63
386 13 -516 356 -43 -215
386 14 20 248 26 118
386 15 405 -29 -146 450
387 0 -161 264 23 -1
387 1 3 161 569 18
387 2 95 -110 -427 177
387 3 -315 141 134 431
387 4 171 -65 280 273
387 5 -62 -441 -469 -279
387 6 -11 -85 41 69
387 7 -134 399 -241 -134
387 8 117 15 54 -6
387 9 -250 38 -268 363
387 10 320 -179 -21 3
387 11 -517 372 -522 -109
387 12 174 413 262 189
387 13 19 -336 -187 209
387 14 483 -216 -86 61
387 15 167 -368 210 -216
388 0 -228 -170 -55 -96
388 1 224 60 -304 -167
388 2 -158 58 -152 -691
388 3 79 -107 353 226
388 4 43 87 -175 -95
388 5 296 -420 -9 -401
388 6 -213 153 -254 -384
388 7 -208 226 156 236
388 8 10 -514 -173 160
388 9 556 -151 153 30
388 10 53 0 93 287
388 11 -388 -135 -97 -155
388 12 20 -128 -111 231
388 13 91 78 46 54
388 14 -240 -8 -280 -261
388 15 -149 593 -107 342
389 0 364 -265 239 -153
389 1 32 126 -168 -467
389 2 224 475 -205 -55
389 3 -21 226 -31 -40
389 4 58 202 430 -87
389 5 599 -358 -61 -361
389 6 -137 -520 -46 -65
389 7 453 203 -160 158
389 8 -363 -268 76 -100
389 9 295 335 793 508
389 10 200 -449 42 -143
389 11 65 57 396 -542
389 12 -221 -381 295 -298
389 13 -503 38 -134 -17
389 14 19 -29 241 73
389 15 -104 4 -258 520
390 0 -200 -318 -41 -17
390 1 -198 153 229 -24
390 2 -68 172 82 115
390 3 117 195 -117 105
390 4 -24 138 -123 -359
390 5 -129 203 -201 -247
390 6 -195 -98 4 -107
390 7 -69 34 -194 -105
390 8 21 1 104 208
390 9 56 10 -232 324
390 10 376 -369 0 -166
390 11 -164 -155 -316 -306
390 12 358 360 6 -119
390 13 -9 -158 187 -207
390 14 109 34 147 -171
390 15 -143 -266 -341 -206
391 0 -74 50 -15 -372
391 1 327 -175 -159 279
391 2 -595 -22 48 -398
391 3 255 -328 375 -48
391 4 98 -171 -463 243
391 5 80 -336 260 317
391 6 238 319 179 -456
391 7 -192 187 -247 29
391 8 65 -252 -73 -61
391 9 -289 -272 -158 93
391 10 -197 132 209 -82
391 11 246 -83 -127 417
391 12 163 -164 211 -63
391 13 377 -193 46 415
391 14 -43 -74 -346 -27
391 15 -513 -99 -44 -90
392 0 -135 -327 -130 -366
392 1 -375 186 -57 -294
392 2 258 -425 149 264
392 3 193 107 61 21
392 4 337 209 -122 -276
392 5 150 -59 -121 -614
392 6 -382 -57 52 180
392 7 167 83 -142 11
392 8 -19 -208 85 -384
392 9 -31 -49 45 -181
392 10 85 -124 181 150
392 11 -218 -179 -174 -200
392 12 -158 -46 -139 209
392 13 -59 -60 -124 132
392 14 -356 -338 151 -130
392 15 30 -171 -258 161
393 0 6 -248 19 -166
393 1 22 -548 299 456
393 2 -156 -376 -515 -166
393 3 216 -48 615 248
393 4 330 713 11 -457
393 5 30 -536 -373 -95
393 6 241 548 86 -252
393 7 -226 132 -36 -98
393 8 48 -16 -159 -755
393 9 320 -222 227 -1
393 10 366 275 516 215
393 11 -473 554 164 11
393 12 34 -77 -81 505
393 13 -238 -445 64 53
393 14 -232 -237 -550 -253
393 15 -210 -130 -266 -242
394 0 -3 -593 -489 -267
394 1 -128 266 -1 78
394 2 -338 73 313 -253
394 3 118 275 254 -173
394 4 116 47 407 -281
394 5 -109 -242 -330 146
394 6 -231 -59 202 -69
394 7 -48 -557 -253 -404
394 8 56 -17 -34 -119
394 9 56 -256 21 -196
394 10 -360 109 242 -165
394 11 -469 213 -195 -302
394 12 -89 -50 -155 -8
394 13 -227 -54 -41 -199
394 14 -128 113 44 -436
394 15 -168 -334 -5 270
395 0 -87 74 -76 -79
395 1 -127 -55 109 377
395 2 278 -252 32 485
395 3 -116 -320 -930 -2
395 4 -720 238 106 116
395 5 45 -205 -294 54
395 6 88 187 367 -1
395 7 93 -660 227 -421
395 8 -140 192 -39 147
395 9 -286 373 404 234
395 10 -107 -232 -409 284
395 11 4 -71 52 23
395 12 85 279 -81 -235
395 13 -302 393 -197 -123
395 14 674 112 -124 -333
395 15 321 -365 496 -235
396 0 -205 -19 -370 -36
396 1 -215 -39 44 56
396 2 -108 -665 359 483
396 3 110 -134 -127 9
396 4 223 438 -271 -468
396 5 -379 299 -210 208
396 6 20 183 -69 -176
396 7 285 -426 209 -163
396 8 -11 -22 -369 -275
396 9 91 -117 190 -400
396 10 -209 119 171 5
396 11 86 -40 130 350
396 12 -99 119 -368 196
396 13 -384 252 0 211
396 14 -260 -108 113 -196
396 15 -421 23 -258 112
397 0 186 -196 98 -122
397 1 -447 -287 -301 208
397 2 -90 -174 -229 -141
397 3 -135 77 371 -14
397 4 242 -146 -67 -103
397 5 -73 -453 -24 -47
397 6 -249 -15 86 512
397 7 355 -236 140 -279
397 8 -147 204 -572 238
397 9 455 -510 385 -611
397 10 109 137 456 -176
397 11 8 324 -157 -431
397 12 -339 71 -128 97
397 13 592 321 205 114
397 14 -114 293 217 48
397 15 46 106 254 -79
398 0 -36 -147 33 306
398 1 100 82 -13 -155
398 2 -488 312 -119 -204
398 3 -529 206 -84 68
398 4 -225 -69 -55 526
398 5 464 299 -364 -70
398 6 359 -91 -384 200
398 7 361 248 4 -661
398 8 -454 154 64 167
398 9 -209 10 -152 530
398 10 142 -187 52 -194
398 11 -344 109 305 -46
398 12 534 79 541 -373
398 13 -36 35 70 -287
398 14 211 254 108 -239
398 15 288 -65 -154 -164
399 0 184 425 -183 477
399 1 -138 69 601 -37
399 2 367 -1 -170 -87
399 3 -244 432 -492 17
399 4 -412 196 244 -162
399 5 -269 185 118 400
399 6 379 175 317 -45
399 7 -86 -55 351 -53
399 8 210 -169 -10 161
399 9 51 182 186 66
399 10 5 104 -12 400
399 11 -61 -102 85 152
399 12 -226 -81 -213 -214
399 13 -323 402 -107 289
399 14 329 234 235 135
399 15 -496 -82 -218 197
400 0 224 44 91 -483
400 1 -167 60 486 36
400 2 34 94 268 208
400 3 -341 -265 343 -279
400 4 212 -535 -212 440
400 5 -217 -1 -169 43
400 6 131 -49 -696 -230
400 7 418 262 299 135
400 8 -17 -107 13 255
400 9 52 -453 95 66
400 10 -339 -274 -252 128
400 11 40 -592 -237 258
400 12 770 84 424 -261
400 13 -548 -199 35 -166
400 14 142 -147 602 -105
400 15 -23 152 -201 124
401 0 -371 256 313 63
401 1 -18 30 -483 79
401 2 -125 278 -271 64
401 3 462 160 -193 -440
401 4 -8 -271 116 412
401 5 -1 59 -192 517
401 6 325 76 80 -11
401 7 335 -242 -311 -117
401 8 -98 29 23 33
401 9 135 96 -53 57
401 10 -257 59 -107 -72
401 11 217 193 -163 62
401 12 -155 -247 -264 158
401 13 178 -278 149 -99
401 14 351 107 -17 157
401 15 288 -48 -118 154
402 0 -298 -201 -225 -239
402 1 64 71 29 -392
402 2 76 -417 -319 -351
402 3 -186 125 18 -53
402 4 -133 -353 -87 260
402 5 50 139 -281 62
402 6 237 -57 265 -18
402 7 -81 123 -79 104
402 8 -39 -110 -68 -226
402 9 -121 141 -342 -10
402 10 -141 27 -5 -119
402 11 -64 197 171 371
402 12 -24 -369 -207 -43
402 13 52 -534 -156 -185
402 14 -67 221 184 115
402 15 -221 46 -98 -90
403 0 121 245 -126 -109
403 1 -205 77 85 28
403 2 146 -209 -183 -236
403 3 -43 122 -340 303
403 4 -497 -158 -179 -18
403 5 239 509 110 -84
403 6 -53 218 537 173
403 7 -595 308 315 20
403 8 -10 -204 517 111
403 9 112 -120 -491 401
403 10 243 -325 7 311
403 11 -228 -261 -169 -57
403 12 -177 107 212 411
403 13 184 -445 6 -266
403 14 148 169 386 222
403 15 118 -462 -209 -240
404 0 82 -181 -649 95
404 1 -150 592 384 -50
404 2 -137 -171 252 37
404 3 -153 -365 29 256
404 4 -166 85 114 301
404 5 -272 409 2 50
404 6 196 -171 -400 -469
404 7 -213 245 525 33
404 8 48 309 108 -185
404 9 199 -427 -228 -182
404 10 -528 44 330 -39
404 11 -750 -227 -219 135
404 12 54 127 14 164
404 13 -589 -204 -174 -756
404 14 -76 52 358 -398
404 15 -134 269 -122 280
405 0 318 21 483 -329
405 1 27 471 -73 4
405 2 -171 -713 -163 530
405 3 395 102 146 260
405 4 -256 214 -275 -36
405 5 310 -288 -236 -15
405 6 164 -86 770 -409
405 7 37 292 227 -32
405 8 123 -33 58 234
405 9 51 -486 -259 272
405 10 190 -599 436 50
405 11 363 -62 -94 -37
405 12 210 265 459 -20
405 13 -101 -338 -410 -120
405 14 245 283 344 -319
405 15 32 -355 -148 46
406 0 178 -222 -23 337
406 1 2 400 192 -558
406 2 -185 47 298 -630
406 3 72 132 145 55
406 4 191 -256 -330 163
406 5 -368 374 -179 17
406 6 -243 -85 -17 137
406 7 -17 341 -55 -226
406 8 -162 -130 238 332
406 9 -13 8 -121 184
406 10 -86 -88 724 -381
406 11 -636 276 -570 -12
406 12 406 -188 -343 -158
406 13 851 266 256 -39
406 14 241 482 190 46
406 15 -318 -6 303 -159
407 0 -3 -311 72 146
407 1 242 -52 115 -279
407 2 534 -72 -187 -339
407 3 -12 291 -516 -354
407 4 -81 64 56 -83
407 5 -271 -50 -549 -216
407 6 423 251 -201 62
407 7 293 -93 152 -23
407 8 -525 -230 201 -291
407 9 -9 537 151 -97
407 10 80 130 253 388
407 11 -417 -170 327 94
407 12 94 -347 -316 -529
407 13 -19 321 341 110
407 14 -147 251 -86 23
407 15 109 69 173 138
408 0 -286 267 -148 146
408 1 224 127 -212 188
408 2 -202 173 -23 356
408 3 224 -135 293 144
408 4 -227 -162 339 -130
408 5 -268 -267 -266 -96
408 6 -301 -249 -242 -214
408 7 -10 435 -108 543
408 8 104 204 -280 39
408 9 243 117 -384 548
408 10 164 -44 3 56
408 11 -68 183 -422 -32
408 12 322 529 277 -29
408 13 -346 -335 2 -232
408 14 -290 -44 -32 -1
408 15 130 -209 55 -228
409 0 325 -210 528 -111
409 1 117 29 -165 -240
409 2 551 -198 420 19
409 3 330 -191 -245 -544
409 4 110 -377 -140 -174
409 5 75 438 -43 133
409 6 -261 196 -36 -47
409 7 430 -97 315 458
409 8 -7 -41 94 -309
409 9 325 281 354 -30
409 10 -231 55 -351 8
409 11 494 -304 102 162
409 12 111 -245 -183 -22
409 13 -387 46 -65 -88
409 14 129 123 639 -73
409 15 3 58 71 9
410 0 368 -92 307 216
410 1 97 22 25 171
410 2 -237 -80 202 118
410 3 -43 -83 141 440
410 4 389 292 343 142
410 5 32 -99 139 -76
410 6 114 -49 215 -437
410 7 -11 -81 -91 -263
410 8 275 248 -107 -289
410 9 153 351 39 -319
410 10 -150 175 -60 -308
410 11 44 118 12 -170
410 12 -355 498 -97 231
410 13 322 -167 191 204
410 14 265 -215 26 151
410 15 -29 32 177 -183
411 0 221 449 -12 -203
411 1 229 -421 -35 492
411 2 -222 430 53 -27
411 3 132 -623 96 338
411 4 -328 -76 116 214
411 5 -16 212 467 420
411 6 115 -155 -93 89
411 7 -383 -29 -11 236
411 8 72 332 204 8
411 9 -5 -120 -44 461
411 10 -30 -98 21 -192
411 11 -83 166 -6 306
411 12 140 -104 136 147
411 13 180 -407 254 -490
411 14 -59 -198 -372 241
411 15 -6 -164 101 -251
412 0 26 132 -22 -4
412 1 -78 177 19 -108
412 2 -419 -548 -49 351
412 3 48 -7 55 88
412 4 -10 160 -154 314
412 5 223 -210 21 -54
412 6 189 -143 145 -270
412 7 543 145 -97 -571
412 8 -65 -257 -379 -55
412 9 -458 -128 18 219
412 10 -134 183 333 -73
412 11 -26 112 -19 362
412 12 55 295 73 -40
412 13 9 163 -214 585
412 14 357 -42 245 -351
412 15 -342 -40 120 128
413 0 -288 -214 -152 -39
413 1 131 -71 -134 -246
413 2 196 65 384 -84
413 3 296 -191 149 -136
413 4 326 -178 -333 -503
413 5 42 123 -13 10
413 6 -347 112 -422 -416
413 7 -218 169 255 176
413 8 157 -403 -121 -250
413 9 352 -31 103 57
413 10 -477 -186 -509 314
413 11 -16 -202 -390 -204
413 12 55 292 15 122
413 13 -593 421 -152 -106
413 14 -188 -53 45 14
413 15 -27 197 115 427
414 0 -485 -112 -325 76
414 1 252 434 -125 -314
414 2 -327 222 -620 -507
414 3 -259 169 -142 -383
414 4 -501 -375 468 583
414 5 -233 -342 -168 239
414 6 273 52 217 105
414 7 253 175 -113 201
414 8 82 112 -203 186
414 9 -269 21 -172 -3
414 10 225 203 302 -453
414 11 -98 451 -119 240
414 12 -306 -753 -29 -278
414 13 175 -200 -241 167
414 14 142 176 -422 -177
414 15 -219 74 -255 -133
415 0 -123 167 -368 -137
415 1 -203 -472 41 -162
415 2 -118 -330 30 -74
415 3 -290 62 121 -169
415 4 229 -534 -136 -255
415 5 -314 292 -462 365
415 6 -289 300 -339 298
415 7 260 242 357 -342
415 8 -253 -402 -276 -215
415 9 306 -135 130 263
415 10 -197 -6 -62 207
415 11 -235 311 -428 57
415 12 -26 231 176 382
415 13 -291 251 93 376
415 14 128 -19 495 346
415 15 -47 -497 131 -283
416 0 -560 439 -152 63
416 1 332 -302 -263 -104
416 2 -170 41 -413 71
416 3 17 355 86 -234
416 4 -120 -290 -298 148
416 5 120 128 -585 329
416 6 -45 618 -146 200
416 7 -82 66 1 -55
416 8 -324 -228 434 40
416 9 -301 32 -187 457
416 10 -39 -348 -670 302
416 11 11 181 17 251
416 12 264 -122 275 232
416 13 -344 -189 85 178
416 14 167 -188 -363 -90
416 15 470 65 -65 -40
417 0 -290 169 37 -180
417 1 -79 -76 377 -12
417 2 270 -257 -130 333
417 3 639 -48 358 243
417 4 455 36 -231 -140
417 5 -134 -134 -240 244
417 6 601 -286 -68 -345
417 7 -303 147 -684 130
417 8 0 -31 -179 -638
417 9 -47 2 -294 120
417 10 -335 14 274 320
417 11 -247 396 -270 419
417 12 477 213 -157 33
417 13 -170 -447 110 -416
417 14 -349 -237 -106 232
417 15 -338 -175 41 329
418 0 -128 -173 -409 -112
418 1 459 -250 -416 25
418 2 -399 -155 320 -191
418 3 -119 -454 -181 102
418 4 -140 -127 18 -154
418 5 89 355 168 -35
418 6 -430 -10 -307 -250
418 7 213 183 248 -452
418 8 -150 -359 -99 -368
418 9 -195 71 -114 454
418 10 -338 280 -150 -294
418 11 -196 0 -230 269
418 12 -265 486 117 133
418 13 -52 189 -122 458
418 14 205 -111 221 -31
418 15 -182 -366 418 -252
419 0 -147 -112 -311 -171
419 1 -23 -27 25 113
419 2 -288 318 173 -188
419 3 -157 192 203 76
419 4 250 238 -15 190
419 5 173 -268 -137 47
419 6 -46 313 -33 -520
419 7 -194 -60 -32 -256
419 8 85 -242 353 -45
419 9 74 58 291 -28
419 10 -550 -334 -485 200
419 11 -144 -419 -102 -344
419 12 -96 -53 17 5
419 13 -294 -75 -39 201
419 14 223 -243 -124 -32
419 15 -103 34 -376 300
420 0 125 357 -37 -106
420 1 239 94 -265 -273
420 2 -253 -316 314 193
420 3 240 247 103 -139
420 4 -213 -538 -146 433
420 5 -286 -17 -52 468
420 6 -232 49 198 118
420 7 146 324 19 328
420 8 -57 155 318 101
420 9 -300 189 -241 215
420 10 -334 -107 110 189
420 11 223 -301 -248 172
420 12 262 -297 5 -415
420 13 245 113 23 479
420 14 100 -57 214 -16
420 15 -48 -314 180 -324
421 0 -164 261 149 -133
421 1 -63 -315 158 -272
421 2 -260 -63 263 163
421 3 147 -336 124 128
421 4 441 -114 -230 175
421 5 41 376 69 51
421 6 122 -244 -412 31
421 7 152 164 82 10
421 8 266 -182 -294 -214
421 9 59 212 -119 427
421 10 129 -201 -55 -109
421 11 -255 21 0 46
421 12 151 -76 -195 339
421 13 -80 6 233 27
421 14 -70 -187 -221 251
421 15 -17 152 -209 113
422 0 -178 561 297 166
422 1 9 -105 110 343
422 2 564 -276 -275 261
422 3 18 86 134 164
422 4 341 -67 -528 -40
422 5 186 84 -240 488
422 6 149 93 -185 376
422 7 -59 -40 -103 244
422 8 -215 442 -8 -71
422 9 104 -550 61 -283
422 10 -203 79 -128 182
422 11 336 132 40 269
422 12 320 2 65 50
422 13 -208 -14 -406 -199
422 14 39 189 347 28
422 15 -11 54 98 257
423 0 335 21 137 -428
423 1 -21 -155 -67 -87
423 2 -234 -294 170 51
423 3 18 -88 873 249
423 4 231 -81 -98 146
423 5 -57 -245 -4 -253
423 6 -342 262 -209 -117
423 7 76 116 48 269
423 8 91 -104 147 50
423 9 276 -212 208 -228
423 10 -124 -83 -43 224
423 11 -77 -131 -101 303
423 12 457 -49 -2 317
423 13 206 -431 418 108
423 14 -274 -698 8 -285
423 15 -9 467 -149 -243
424 0 129 305 25 203
424 1 -358 40 114 -252
424 2 132 239 3 67
424 3 -115 699 226 388
424 4 88 185 -7 11
424 5 184 213 -90 204
424 6 -18 -94 -141 210
424 7 25 80 -144 -97
424 8 -135 64 353 216
424 9 463 -69 364 58
424 10 -228 -397 -77 408
424 11 -159 -153 -49 -245
424 12 286 -144 -65 -109
424 13 -56 50 170 -152
424 14 24 -251 414 62
424 15 -161 52 -585 241
425 0 352 -144 63 158
425 1 -148 324 437 -89
425 2 73 322 274 -324
425 3 -30 82 21 -244
425 4 262 -219 184 -275
425 5 136 252 115 -103
425 6 -133 -142 233 350
425 7 -214 -108 -281 117
425 8 173 -59 -41 13
425 9 -178 -10 -195 137
425 10 451 170 171 -345
425 11 -62 265 95 -145
425 12 10 -74 260 164
425 13 -104 -65 -45 -173
425 14 -186 288 127 29
425 15 -148 -243 -20 144
426 0 418 140 57 -64
426 1 7 31 -183 102
426 2 -386 166 365 94
426 3 -110 69 407 154
426 4 155 157 318 294
426 5 44 63 54 -142
426 6 -327 -383 -60 320
426 7 -238 39 -342 -278
426 8 -107 100 582 198
426 9 -228 2 -270 136
426 10 -118 117 307 -71
426 11 -160 119 171 -195
426 12 183 -110 91 223
426 13 479 -302 -40 -144
426 14 -66 -109 -98 245
426 15 688 -351 305 -312
427 0 319 -219 -191 88
427 1 282 312 -248 12
427 2 -105 -229 106 2
427 3 -37 -161 -118 -281
427 4 -402 95 154 -90
427 5 -439 115 -236 -267
427 6 103 399 230 -73
427 7 553 -51 593 -81
427 8 -172 -124 61 -24
427 9 -194 -92 -40 -194
427 10 -6 -33 489 -258
427 11 -124 38 3 587
427 12 -194 71 136 -259
427 13 126 -34 302 81
427 14 -419 244 -1 -133
427 15 -51 27 27 7
428 0 -133 -34 54 330
428 1 -189 -31 32 71
428 2 139 31 -352 244
428 3 101 275 31 -70
428 4 -346 512 191 -69
428 5 -266 217 425 116
428 6 324 -86 262 -176
428 7 17 70 291 -212
428 8 602 153 19 101
428 9 23 -201 -203 -325
428 10 -153 116 38 -37
428 11 191 31 -26 63
428 12 -356 -54 -551 -109
428 13 141 -108 -243 -223
428 14 98 168 -109 135
428 15 27 267 -399 17
429 0 -176 203 150 -302
429 1 76 146 -268 -106
429 2 492 152 -53 290
429 3 321 -164 65 -64
429 4 -281 184 -9 -42
429 5 -241 -85 -64 3
429 6 -91 -473 -153 137
429 7 18 59 -50 670
429 8 -13 92 305 339
429 9 217 -145 142 104
429 10 -133 -403 248 133
429 11 214 -63 -17 178
429 12 365 -659 -334 -343
429 13 13 -229 -287 -650
429 14 -396 92 -206 243
429 15 220 92 -179 212
430 0 374 -52 365 -110
430 1 -15 -147 627 -79
430 2 528 -220 256 230
430 3 430 -191 -567 -160
430 4 123 -185 26 -342
430 5 -714 341 -109 526
430 6 146 -167 153 237
430 7 -249 -485 -69 236
430 8 -32 322 151 -102
430 9 -35 363 44 -31
430 10 269 6 270 -136
430 11 -30 198 -45 -9
430 12 218 -202 -469 -47
430 13 113 236 313 -225
430 14 362 121 -34 145
430 15 -22 -374 578 -343
431 0 356 -75 284 376
431 1 363 99 337 -96
431 2 62 -31 -167 22
431 3 367 564 -73 -39
431 4 339 9 373 -240
431 5 -56 66 -350 521
431 6 310 265 143 -213
431 7 -195 -332 -208 -34
431 8 -185 225 311 -461
431 9 44 266 -20 -120
431 10 105 224 -104 -16
431 11 -162 304 257 -167
431 12 -126 105 45 229
431 13 -464 -52 322 136
431 14 384 -160 41 -388
431 15 0 31 228 187
432 0 -19 -10 -361 119
432 1 -296 -245 148 -112
432 2 -10 -25 -521 144
432 3 -155 199 4 -125
432 4 64 128 -187 -65
432 5 -250 -394 -74 10
432 6 64 371 65 -109
432 7 -115 123 130 -94
432 8 -377 -104 -5 41
432 9 -77 16 487 -276
432 10 88 -208 -60 157
432 11 83 138 49 -289
432 12 -396 14 165 75
432 13 -153 330 205 390
432 14 162 -149 -209 93
432 15 -53 297 82 -5
433 0 -96 -261 28 75
433 1 -123 -66 89 -239
433 2 -67 -18 -191 1
433 3 421 10 -1 -128
433 4 38 -22 -9 -22
433 5 -47 -75 618 184
433 6 618 -194 16 -519
433 7 -106 91 -12 170
433 8 367 23 -526 -341
433 9 114 88 -145 -382
433 10 -35 303 68 93
433 11 160 -140 145 -74
433 12 -381 -29 -257 -107
433 13 -133 178 187 -16
433 14 -207 -126 -175 -65
433 15 -405 543 -226 321
434 0 207 -160 335 73
434 1 191 197 167 -170
434 2 -98 -76 -2 -325
434 3 -360 -136 -211 323
434 4 226 315 -292 -433
434 5 -21 485 -289 -215
434 6 293 321 -313 -514
434 7 181 337 395 -205
434 8 -310 -572 26 167
434 9 654 -189 183 79
434 10 420 -302 279 -130
434 11 57 -129 21 237
434 12 168 320 481 264
434 13 -6 -41 236 133
434 14 102 -37 365 177
434 15 -357 -37 -562 -106
435 0 -195 -7 -165 -192
435 1 169 -442 370 21
435 2 -141 -283 -385 -211
435 3 -305 270 274 204
435 4 -101 -37 -413 -147
435 5 17 -146 -51 -81
435 6 62 336 -133 -76
435 7 -98 298 297 4
435 8 93 -230 -87 78
435 9 -152 -267 -229 183
435 10 378 -113 -197 231
435 11 -143 -332 90 129
435 12 298 97 120 -191
435 13 -152 -15 98 487
435 14 18 -104 -58 -309
435 15 -403 211 -314 -165
436 0 58 28 -226 -234
436 1 -146 -165 -39 83
436 2 316 215 23 31
436 3 238 -503 -348 162
436 4 -233 86 180 -114
436 5 75 -67 443 -392
436 6 -279 -195 231 177
436 7 210 -140 53 104
436 8 102 -117 -133 -255
436 9 -161 236 407 351
436 10 108 -217 42 -280
436 11 -366 57 -324 46
436 12 -514 48 -282 -10
436 13 177 51 233 47
436 14 -84 -147 -147 143
436 15 -399 -102 112 242
437 0 -179 -181 73 -492
437 1 179 -343 135 82
437 2 180 399 -300 -213
437 3 -72 -115 40 91
437 4 -87 -231 -88 210
437 5 78 45 135 -708
437 6 -18 -402 -448 134
437 7 152 387 40 -9
437 8 -26 -270 299 62
437 9 -339 -91 -551 603
437 10 367 -314 -84 -200
437 11 -579 -527 -201 -48
437 12 242 151 -47 -359
437 13 324 -525 341 -115
437 14 -59 30 17 162
437 15 135 21 -83 70
438 0 80 -366 234 7
438 1 187 214 -92 -337
438 2 -293 389 258 -270
438 3 280 -237 14 -636
438 4 136 -286 -32 -101
438 5 -256 104 -275 91
438 6 -127 415 -157 -263
438 7 57 -185 241 120
438 8 16 -328 84 297
438 9 224 94 227 79
438 10 162 -297 -143 -238
438 11 42 165 -135 -129
438 12 183 -256 139 269
438 13 -193 177 342 -180
438 14 129 69 -425 -221
438 15 314 358 36 46
439 0 -296 283 -28 -357
439 1 281 9 119 384
439 2 256 422 1 -199
439 3 -67 167 32 444
439 4 72 -56 -95 45
439 5 90 -291 -188 78
439 6 -367 -33 16 471
439 7 -314 -276 -693 182
439 8 -121 243 611 294
439 9 -341 -224 -28 206
439 10 39 -333 -188 -103
439 11 -201 -125 -434 40
439 12 470 -195 -4 -343
439 13 467 -265 -55 81
439 14 131 -272 -243 -79
439 15 -207 -476 -13 -18
440 0 122 -94 -9 -141
440 1 -129 49 -211 34
440 2 -664 161 239 207
440 3 320 -698 -132 195
440 4 186 192 -281 386
440 5 136 -357 223 -58
440 6 -94 -103 -90 -253
440 7 -248 88 -334 -43
440 8 -417 258 18 29
440 9 -122 189 412 178
440 10 189 -232 397 -262
440 11 -31 103 -40 -486
440 12 -2 -59 330 262
440 13 307 315 215 20
440 14 243 -334 -618 -148
440 15 175 -38 360 -299
441 0 -74 88 133 -47
441 1 -91 34 -201 350
441 2 -235 -95 -385 1
441 3 252 73 72 -221
441 4 109 117 -163 -4
441 5 -26 -331 111 40
441 6 300 173 493 -392
441 7 -330 -344 -313 168
441 8 -51 -140 -138 284
441 9 -20 -89 -244 -473
441 10 227 242 21 -79
441 11 620 -36 434 25
441 12 -362 19 -66 368
441 13 251 -466 161 128
441 14 -48 205 -164 99
441 15 14 369 -54 102
442 0 167 -617 -109 144
442 1 231 267 183 -119
442 2 -555 483 149 -643
442 3 94 -58 24 -471
442 4 49 14 -174 -255
442 5 -221 -165 -217 46
442 6 164 583 209 -525
442 7 -276 277 12 -66
442 8 -126 -327 128 77
442 9 -77 70 78 220
442 10 315 -219 381 -248
442 11 -3 156 -126 -230
442 12 159 -157 581 -201
442 13 -52 217 203 97
442 14 -21 294 -498 -103
442 15 -278 -237 -166 -193
443 0 356 -289 25 128
443 1 174 -129 -64 40
443 2 120 138 -60 -16
443 3 215 227 -214 -413
443 4 -239 -619 211 -519
443 5 -459 28 78 4
443 6 -219 128 369 138
443 7 -32 53 -242 25
443 8 -303 -16 27 -67
443 9 -351 289 -365 89
443 10 337 242 8 -196
443 11 342 227 -298 12
443 12 -125 665 421 -312
443 13 329 54 527 321
443 14 -2 90 327 201
443 15 -37 -572 666 -599
444 0 165 -94 -181 249
444 1 -409 -214 410 335
444 2 -164 -209 -151 475
444 3 193 67 513 -606
444 4 271 107 -345 -159
444 5 -587 -584 -312 158
444 6 209 483 -38 -415
444 7 216 357 471 190
444 8 20 209 -482 -147
444 9 67 -249 246 -256
444 10 -14 22 274 270
444 11 209 -70 -21 -306
444 12 137 233 200 -230
444 13 -743 298 60 172
444 14 -162 419 54 -151
444 15 -128 226 -44 39
445 0 285 71 345 -294
445 1 -92 195 385 -21
445 2 151 40 5 -582
445 3 -491 -24 -254 268
445 4 203 -391 -405 444
445 5 765 115 0 80
445 6 334 66 536 263
445 7 17 -45 -22 -332
445 8 12 -156 37 136
445 9 -182 -229 131 176
445 10 43 -500 -119 -333
445 11 47 -106 -21 27
445 12 -17 -150 457 -141
445 13 319 -95 -206 60
445 14 452 393 452 216
445 15 -462 -356 -191 311
446 0 -155 188 -64 533
446 1 -73 -118 391 194
446 2 577 290 -339 -291
446 3 -316 65 -160 -252
446 4 17 -129 -71 -15
446 5 -286 261 22 130
446 6 164 299 -52 328
446 7 -411 84 -15 165
446 8 12 208 160 7
446 9 -160 44 -143 -293
446 10 25 354 -232 39
446 11 82 258 0 166
446 12 -44 -83 -117 32
446 13 105 -26 -136 -232
446 14 61 327 -81 425
446 15 151 112 211 -186
447 0 68 301 256 185
447 1 304 72 -218 -88
447 2 452 72 -375 29
447 3 105 -37 -322 9
447 4 -290 47 432 -263
447 5 -301 83 -79 354
447 6 346 -207 -332 -143
447 7 75 134 317 354
447 8 -228 -80 -37 45
447 9 726 -52 188 -53
447 10 -23 143 269 306
447 11 125 194 53 163
447 12 -208 -131 0 57
447 13 -274 118 -91 -278
447 14 -38 53 134 334
447 15 189 37 75 185
448 0 83 -340 229 8
448 1 37 25 487 -244
448 2 199 376 101 -531
448 3 -54 254 -127 -183
448 4 654 -388 150 -298
448 5 149 -70 -141 92
448 6 194 -313 -164 -66
448 7 114 -354 -640 -167
448 8 -134 -354 -431 -156
448 9 46 313 164 64
448 10 159 270 -121 -280
448 11 -81 203 81 -179
448 12 89 133 0 -172
448 13 -140 213 232 245
448 14 190 145 333 84
448 15 -584 -78 172 420
449 0 270 -188 362 83
449 1 163 106 -25 -92
449 2 107 6 28 -394
449 3 299 -373 -513 -445
449 4 -86 -101 -264 244
449 5 119 129 -101 -362
449 6 551 221 -20 -477
449 7 253 302 330 276
449 8 -370 -393 -33 -269
449 9 124 553 -36 345
449 10 264 73 351 141
449 11 -94 -470 419 112
449 12 40 -163 46 -158
449 13 -69 -71 393 -63
449 14 -98 531 141 128
449 15 -19 177 -4 171
450 0 192 24 -5 -52
450 1 47 -139 -35 151
450 2 35 -39 121 129
450 3 -234 -189 4 255
450 4 -54 -185 63 159
450 5 -396 -1 300 149
450 6 261 72 -177 -140
450 7 44 -78 211 -5
450 8 50 300 -99 19
450 9 129 -72 29 -645
450 10 -345 62 -125 51
450 11 176 -242 -193 253
450 12 -101 345 54 -240
450 13 377 127 404 53
450 14 -117 -380 70 184
450 15 -82 190 143 -228
451 0 241 -159 -11 -93
451 1 -31 -197 -262 -28
451 2 155 91 212 463
451 3 349 -183 211 -144
451 4 -292 414 -117 -132
451 5 -34 200 280 -249
451 6 -669 -327 -160 20
451 7 -14 99 -37 -53
451 8 -181 51 664 140
451 9 -310 -2 255 378
451 10 -329 -130 -39 -44
451 11 110 -49 63 -9
451 12 384 -108 -313 -123
451 13 20 -64 -211 -369
451 14 148 -73 34 -134
451 15 415 68 388 -260
452 0 215 -139 371 1
452 1 18 -162 22 -385
452 2 264 -97 -229 -40
452 3 169 59 -339 -381
452 4 14 -276 40 92
452 5 -175 233 339 -110
452 6 255 -73 0 112
452 7 11 99 -142 201
452 8 -183 -115 141 -158
452 9 -210 459 -189 -200
452 10 382 377 73 1
452 11 292 -79 369 97
452 12 -220 -273 -175 50
452 13 376 -32 351 230
452 14 62 -168 -6 252
452 15 219 198 230 -322
453 0 146 -677 633 277
453 1 301 373 164 -534
453 2 709 -82 -250 168
453 3 276 206 -233 -743
453 4 267 -91 -269 -402
453 5 -232 142 -576 -520
453 6 131 216 64 243
453 7 418 303 284 18
453 8 -235 -69 315 -178
453 9 -456 17 -204 -121
453 10 523 -355 239 -354
453 11 106 276 -68 -83
453 12 140 5 281 -440
453 13 -53 262 -53 -156
453 14 -83 541 -108 -25
453 15 580 43 354 137
454 0 -79 -23 -152 -155
454 1 -200 90 286 -117
454 2 -72 14 -435 -15
454 3 -434 37 -89 -39
454 4 350 -16 -253 388
454 5 237 383 -95 375
454 6 -53 192 -136 155
454 7 28 -190 103 -137
454 8 -305 251 422 82
454 9 -110 -519 423 -266
454 10 28 -279 -353 -684
454 11 91 76 253 -109
454 12 -353 -537 99 565
454 13 -388 -337 -275 -15
454 14 756 -144 262 -290
454 15 -98 386 -380 166
455 0 -415 58 -56 -245
455 1 -154 70 11 -90
455 2 181 252 -538 42
455 3 184 241 145 -369
455 4 57 -226 85 304
455 5 64 -195 -141 -16
455 6 162 -91 -159 136
455 7 293 -396 -485 80
455 8 -152 -136 34 119
455 9 -254 -199 50 -99
455 10 -42 39 -269 -117
455 11 -110 125 47 309
455 12 75 -355 -303 81
455 13 -134 -512 185 -147
455 14 48 -207 -62 -298
455 15 -23 559 -212 538
456 0 -365 251 -85 -21
456 1 -177 -240 173 -270
456 2 -192 13 354 311
456 3 37 -129 189 -115
456 4 167 -233 -432 234
456 5 -336 293 170 411
456 6 347 -540 -92 273
456 7 -398 125 45 -17
456 8 528 154 -257 261
456 9 -368 23 -623 48
456 10 -230 -362 -1 27
456 11 171 76 16 -105
456 12 303 -264 -224 -312
456 13 199 340 -196 -445
456 14 -381 404 -583 669
456 15 358 14 78 47
457 0 296 389 193 163
457 1 435 -38 16 491
457 2 -339 194 171 -192
457 3 -69 -73 331 101
457 4 268 220 258 81
457 5 -21 -90 376 421
457 6 -31 359 -194 147
457 7 91 92 106 279
457 8 335 357 134 -170
457 9 32 -426 90 -256
457 10 155 541 288 -171
457 11 114 -85 66 177
457 12 -185 -401 178 171
457 13 26 66 -191 601
457 14 -77 -347 -302 -223
457 15 -251 -101 -346 -66
458 0 -71 110 -37 -321
458 1 9 -112 365 -67
458 2 69 -57 -552 194
458 3 124 68 -12 -138
458 4 -546 -87 274 492
458 5 -197 -12 399 -37
458 6 396 -152 -143 260
458 7 278 -84 152 51
458 8 295 108 168 72
458 9 -577 -320 -339 65
458 10 305 167 108 -6
458 11 -480 -186 67 505
458 12 88 -460 -394 -149
458 13 31 -349 214 -14
458 14 122 -401 -332 -576
458 15 9 489 -227 106
459 0 470 -129 325 285
459 1 219 -381 -158 304
459 2 -150 67 -50 156
459 3 -138 -138 221 225
459 4 -293 84 473 512
459 5 -5 47 123 -427
459 6 80 144 -164 130
459 7 621 278 325 -194
459 8 79 626 76 -464
459 9 -92 405 -70 115
459 10 75 255 28 -206
459 11 -398 -1 49 176
459 12 84 390 -62 -275
459 13 431 -361 596 -35
459 14 -7 -257 13 -157
459 15 330 114 149 -669
460 0 -129 -8 -37 21
460 1 604 -170 -272 -93
460 2 -462 62 130 -320
460 3 343 -72 48 363
460 4 -159 -61 -264 250
460 5 5 112 215 407
460 6 -245 -278 -303 123
460 7 -261 -38 -238 132
460 8 -230 451 308 126
460 9 -231 24 -210 311
460 10 18 127 286 -312
460 11 -363 -51 61 -38
460 12 389 -408 -398 -294
460 13 541 230 172 53
460 14 204 -26 -418 -512
460 15 -167 195 397 -256
461 0 -49 427 133 -185
461 1 491 -295 -141 177
461 2 65 131 -42 142
461 3 91 -130 -260 154
461 4 -47 -151 -202 120
461 5 -273 -51 -2 240
461 6 268 -290 -149 -61
461 7 -163 47 17 327
461 8 -273 31 230 218
461 9 -181 189 -301 226
461 10 36 -319 -15 8
461 11 232 -384 177 51
461 12 61 -19 49 -447
461 13 249 13 234 137
461 14 -73 174 -205 532
461 15 104 -112 277 65
462 0 128 -169 -334 110
462 1 394 -200 -265 71
462 2 -319 129 344 -215
462 3 211 -12 139 434
462 4 -107 152 335 -269
462 5 329 -59 239 -289
462 6 -540 -234 211 97
462 7 40 107 -71 83
462 8 172 182 -120 -559
462 9 -182 458 -114 612
462 10 147 70 109 -340
462 11 -517 60 -6 -264
462 12 -306 238 -99 -239
462 13 40 46 162 284
462 14 -370 -1 -136 -189
462 15 -452 -320 115 -10
463 0 235 -294 -505 -94
463 1 -130 58 291 -77
463 2 106 -154 -118 -102
463 3 -505 33 -49 114
463 4 -440 318 358 -395
463 5 -284 -180 -253 -142
463 6 -339 56 -10 -80
463 7 17 -91 35 -287
463 8 -358 -235 73 177
463 9 89 -61 603 76
463 10 -44 103 203 95
463 11 -217 356 -24 217
463 12 185 54 78 -57
463 13 -253 99 -176 41
463 14 232 -187 249 -258
463 15 -307 -245 175 -412
464 0 228 189 -170 297
464 1 209 306 212 175
464 2 260 -381 -73 24
464 3 -264 -82 -21 -532
464 4 -336 158 294 -78
464 5 -652 -282 -786 -207
464 6 129 243 68 -142
464 7 521 92 563 72
464 8 -184 -383 -188 167
464 9 -91 58 42 135
464 10 -83 309 564 200
464 11 -176 254 150 644
464 12 240 2 -57 -272
464 13 -404 -11 -274 88
464 14 -169 809 208 88
464 15 93 -90 378 91
465 0 -12 -832 36 -219
465 1 -87 11 345 -436
465 2 121 -52 -163 -408
465 3 326 114 -330 -133
465 4 -273 -232 208 -514
465 5 259 198 332 -48
465 6 225 -79 232 -70
465 7 -712 -139 -26 6
465 8 331 -78 -134 -358
465 9 128 91 -432 8
465 10 566 162 -88 184
465 11 -291 97 130 -468
465 12 -154 -53 50 242
465 13 -333 84 65 -515
465 14 -36 -144 -267 -481
465 15 94 -21 -12 -120
466 0 210 409 -202 42
466 1 157 324 -200 144
466 2 -254 -357 225 231
466 3 -100 -140 247 381
466 4 -93 276 -324 478
466 5 25 -14 -63 -99
466 6 -319 -51 99 -60
466 7 282 -17 348 -219
466 8 -144 41 337 431
466 9 -347 -418 82 22
466 10 -511 -272 244 -250
466 11 -232 -227 -105 355
466 12 97 72 -170 -84
466 13 314 -16 -174 192
466 14 212 255 238 -268
466 15 -101 305 254 336
467 0 -58 -243 140 -484
467 1 347 197 -11 -143
467 2 -261 -539 16 -483
467 3 -239 213 -215 230
467 4 225 -385 -265 -53
467 5 174 -227 -467 356
467 6 363 298 94 -73
467 7 -119 -188 195 109
467 8 -198 -27 -211 0
467 9 401 -295 -185 -426
467 10 291 -159 189 141
467 11 59 -382 187 -195
467 12 -38 -225 437 -75
467 13 -58 216 21 371
467 14 -64 27 101 -327
467 15 -262 -213 -259 75
468 0 162 97 -242 -144
468 1 -364 -8 23 -594
468 2 29 -97 37 -220
468 3 -98 188 -411 -111
468 4 -241 -7 -278 -32
468 5 -279 521 -98 401
468 6 130 397 -6 2
468 7 -184 -281 313 216
468 8 -491 -336 423 374
468 9 564 205 645 -216
468 10 -27 -447 9 411
468 11 91 -285 387 81
468 12 -21 -821 -227 267
468 13 -77 182 519 -111
468 14 22 -258 89 90
468 15 -182 382 -543 -34
469 0 -279 -113 -26 -556
469 1 118 -95 88 262
469 2 -14 339 -247 -168
469 3 125 -594 -161 -32
469 4 14 -219 -361 85
469 5 -5 -375 28 -250
469 6 159 160 3 -442
469 7 -250 -279 -226 -81
469 8 -170 -477 16 308
469 9 -315 -166 50 141
469 10 70 -441 -364 -225
469 11 -22 -74 -349 219
469 12 93 317 227 96
469 13 225 -266 368 -56
469 14 255 -152 -442 23
469 15 -101 216 272 220
470 0 102 32 93 -305
470 1 -201 -483 782 -294
470 2 -194 -427 -271 -26
470 3 -327 49 338 -177
470 4 541 57 -205 41
470 5 32 -255 90 -2
470 6 479 -184 269 -175
470 7 16 111 -120 -426
470 8 389 -712 -551 -113
470 9 -565 134 -22 177
470 10 279 98 30 -149
470 11 195 357 488 202
470 12 -86 -177 -91 155
470 13 -106 -15 -213 693
470 14 245 119 -212 430
470 15 -422 81 -6 92
471 0 139 104 -118 -268
471 1 416 -500 221 294
471 2 -30 280 72 142
471 3 88 -273 160 183
471 4 -302 151 152 -338
471 5 -100 -71 410 -24
471 6 -367 114 -42 226
471 7 -292 -398 270 148
471 8 426 79 257 139
471 9 -462 -163 25 296
471 10 335 -261 -461 -158
471 11 -214 -26 22 124
471 12 75 19 -28 -14
471 13 -152 85 223 75
471 14 -65 -430 -797 -398
471 15 38 224 180 -17
472 0 -151 -319 -414 383
472 1 21 261 -136 -204
472 2 68 6 -87 -677
472 3 -151 46 -216 283
472 4 -281 211 154 -6
472 5 213 200 262 -193
472 6 -13 181 213 -12
472 7 -276 272 14 -280
472 8 48 -32 88 -393
472 9 51 102 -27 -161
472 10 -238 374 282 25
472 11 -521 245 -260 54
472 12 -467 -73 -197 63
472 13 398 154 -207 -50
472 14 -63 11 -68 -25
472 15 -290 -104 -13 -91
473 0 -122 -250 54 -379
473 1 296 222 -78 -327
473 2 -86 -490 48 22
473 3 56 -241 -198 -298
473 4 178 -202 -227 238
473 5 -82 -325 -306 -129
473 6 254 222 187 -373
473 7 -133 -9 430 284
473 8 79 -230 -38 -94
473 9 -173 181 -224 -333
473 10 50 -300 -97 63
473 11 159 -326 252 -143
473 12 -308 -298 119 50
473 13 -228 117 -135 206
473 14 -92 138 -449 -27
473 15 372 279 167 237
474 0 3 -43 88 349
474 1 -94 -20 -212 -241
474 2 -96 -190 -315 217
474 3 336 189 -257 -209
474 4 -201 154 241 -272
474 5 273 478 359 -92
474 6 -58 -285 -76 31
474 7 -302 169 -188 221
474 8 -180 47 9 -255
474 9 81 288 -440 183
474 10 629 672 75 106
474 11 239 130 729 -237
474 12 -314 -39 -22 664
474 13 -385 -214 -109 -146
474 14 -25 -97 124 -200
474 15 455 162 -4 -297
475 0 249 76 91 -107
475 1 -126 -25 43 76
475 2 -312 -29 -300 190
475 3 236 437 27 -82
475 4 -202 -224 187 169
475 5 -74 -351 -215 362
475 6 574 -340 352 -74
475 7 -223 -219 -159 -136
475 8 -234 124 -114 271
475 9 23 3 -388 87
475 10 146 -150 306 229
475 11 9 48 350 -385
475 12 50 103 208 -204
475 13 -45 -136 348 -285
475 14 1 382 43 39
475 15 299 -121 210 149
476 0 -252 280 -133 101
476 1 14 -20 84 238
476 2 -75 185 73 257
476 3 -23 -62 148 -142
476 4 211 35 -42 -109
476 5 -397 378 -21 321
476 6 248 200 -388 68
476 7 35 -166 -56 45
476 8 86 111 48 -3
476 9 -68 -369 -217 -318
476 10 -109 118 -98 -78
476 11 147 67 -67 487
476 12 130 30 76 187
476 13 -164 -199 140 -136
476 14 -334 -278 -190 108
476 15 23 100 -369 88
477 0 197 -325 -188 -929
477 1 102 -584 137 -84
477 2 -22 -552 -149 -83
477 3 1 -90 40 72
477 4 -224 -70 -57 -364
477 5 98 -401 -24 -392
477 6 -99 196 243 -94
477 7 -316 -254 147 -421
477 8 -120 -821 142 -133
477 9 -358 -15 -46 230
477 10 173 -183 -173 488
477 11 -321 -109 128 124
477 12 -10 194 139 211
477 13 -11 -33 283 401
477 14 8 -462 -299 -182
477 15 156 -201 455 -150
478 0 -555 135 -369 -41
478 1 199 224 -28 -18
478 2 318 -316 13 -245
478 3 -144 -102 -136 74
478 4 -159 -9 -206 -138
478 5 -79 135 -438 42
478 6 -101 506 239 -70
478 7 -200 -188 -155 384
478 8 15 -139 69 -148
478 9 -42 159 -6 -120
478 10 -250 8 -327 116
478 11 94 141 -101 765
478 12 180 -215 -211 95
478 13 -99 -391 -235 -54
478 14 -240 -86 -93 -25
478 15 -409 -22 -238 -83
479 0 312 -55 160 85
479 1 -313 -264 37 329
479 2 83 -95 -227 298
479 3 -85 -333 -241 429
479 4 -9 482 24 -33
479 5 133 -328 -19 -500
479 6 245 65 209 16
479 7 139 48 -54 -579
479 8 -365 80 -183 -259
479 9 -13 213 426 33
479 10 235 -136 357 34
479 11 -216 358 -81 -143
479 12 -207 637 263 70
479 13 447 151 345 24
479 14 103 -146 -146 275
479 15 156 -330 370 -309
480 0 -500 -11 -231 460
480 1 129 -164 -517 186
480 2 244 197 -418 -91
480 3 20 540 32 -373
480 4 -276 91 -325 -127
480 5 -130 16 -202 -87
480 6 -21 418 -210 221
480 7 347 119 -154 -286
480 8 -512 -37 257 53
480 9 -314 -179 -100 -210
480 10 -349 277 -72 256
480 11 123 -48 -121 355
480 12 154 139 -135 -579
480 13 321 153 73 191
480 14 -234 219 93 -20
480 15 80 114 29 2
481 0 353 -62 208 -247
481 1 95 102 4 -212
481 2 184 -17 161 -64
481 3 139 373 298 -20
481 4 270 -249 219 -383
481 5 -245 116 104 -84
481 6 -565 -460 -155 114
481 7 12 -282 -138 289
481 8 -1 -240 217 433
481 9 244 -196 -155 -175
481 10 129 138 4 -169
481 11 61 -243 28 -131
481 12 51 9 -337 140
481 13 155 -193 214 146
481 14 8 -35 561 -85
481 15 -51 254 173 194
482 0 94 -170 -80 -12
482 1 255 -163 230 -276
482 2 313 -143 8 287
482 3 110 119 130 31
482 4 -93 -95 175 -92
482 5 -355 37 5 -84
482 6 -27 -439 -330 -66
482 7 87 447 340 578
482 8 146 355 27 -367
482 9 -10 284 -274 172
482 10 37 -75 32 62
482 11 -203 -327 123 -159
482 12 141 -58 -220 -579
482 13 -455 -15 17 -149
482 14 -310 51 144 -15
482 15 -46 148 44 -18
483 0 17 174 281 232
483 1 141 116 111 33
483 2 -90 174 43 96
483 3 139 408 -108 270
483 4 372 464 -177 -122
483 5 -44 82 -200 147
483 6 114 145 204 -111
483 7 -21 -356 -239 -396
483 8 -59 -97 415 299
483 9 -122 28 113 -65
483 10 53 -396 -33 -215
483 11 2 -24 -49 -123
483 12 -2 93 -183 -12
483 13 371 124 253 339
483 14 381 -25 -210 35
483 15 -123 21 -155 281
484 0 135 356 -61 -233
484 1 -233 -86 581 405
484 2 81 -156 475 104
484 3 -293 -438 305 -174
484 4 99 120 43 239
484 5 149 300 -73 -244
484 6 -654 140 616 389
484 7 29 -498 -47 27
484 8 786 -97 142 109
484 9 -719 170 2 522
484 10 -1 -21 -551 -584
484 11 5 267 148 586
484 12 281 -274 -517 516
484 13 -117 -851 -476 -69
484 14 315 280 -10 13
484 15 -105 -138 -43 -192
485 0 37 -46 56 -122
485 1 60 -322 -392 93
485 2 -361 -356 -123 -161
485 3 258 214 230 -189
485 4 -55 -137 -294 -32
485 5 51 -309 -213 81
485 6 -267 223 339 -233
485 7 33 173 388 -60
485 8 -40 -264 -120 120
485 9 241 14 -102 246
485 10 -30 -99 63 172
485 11 93 -211 27 -434
485 12 -168 69 -150 49
485 13 69 49 29 377
485 14 217 555 215 -8
485 15 93 -37 187 -89
486 0 -164 -342 196 362
486 1 -44 162 -6 -569
486 2 239 82 -146 0
486 3 160 -45 95 -250
486 4 11 -76 79 -15
486 5 165 284 661 9
486 6 353 -66 114 -170
486 7 259 576 -160 62
486 8 582 59 -408 -623
486 9 -191 149 -6 -234
486 10 -169 332 -86 -251
486 11 459 450 -227 407
486 12 -288 -96 0 -192
486 13 24 97 -343 -21
486 14 -180 -305 -78 163
486 15 -425 192 -345 -56
487 0 -28 -265 -209 -165
487 1 39 151 157 -242
487 2 -223 -499 298 -126
487 3 -343 -450 -273 264
487 4 116 184 -359 -64
487 5 -321 -311 -522 -209
487 6 190 359 8 -873
487 7 -337 136 265 46
487 8 -287 -418 -233 79
487 9 395 518 333 -176
487 10 -92 -351 47 339
487 11 89 -205 60 -33
487 12 174 233 221 51
487 13 -88 291 122 192
487 14 49 -54 -178 206
487 15 -165 27 141 -355
488 0 449 289 329 667
488 1 107 128 7 361
488 2 -367 244 210 -231
488 3 -226 396 290 411
488 4 -9 575 589 -90
488 5 276 -126 -108 83
488 6 134 73 55 142
488 7 33 25 342 -417
488 8 410 175 -135 152
488 9 587 -128 19 101
488 10 152 223 425 300
488 11 -417 200 132 -442
488 12 -12 171 145 97
488 13 -5 352 -145 -22
488 14 -81 309 -140 -82
488 15 291 -234 -227 122
489 0 59 217 106 -235
489 1 -378 -124 -6 -84
489 2 -381 106 136 -103
489 3 11 162 -61 21
489 4 233 -108 -361 91
489 5 249 253 403 113
489 6 306 232 387 209
489 7 -86 19 -107 -555
489 8 191 -487 78 146
489 9 -210 -225 -158 -9
489 10 119 -343 60 78
489 11 166 -154 -201 -52
489 12 -307 -21 311 257
489 13 576 144 280 433
489 14 -18 -232 -146 450
489 15 -102 -374 -490 103
490 0 -147 -111 -234 -197
490 1 143 57 -200 -289
490 2 -372 -187 145 82
490 3 487 96 89 112
490 4 -32 -23 -276 252
490 5 -195 -376 -145 228
490 6 20 -93 -122 -210
490 7 -74 258 8 353
490 8 -218 277 119 -121
490 9 46 134 4 98
490 10 -130 -307 461 252
490 11 -328 -378 -104 -387
490 12 200 -435 -169 -451
490 13 4 335 197 112
490 14 -185 -92 -331 -349
490 15 -148 60 -40 67
491 0 -34 121 -7 57
491 1 140 -4 50 -236
491 2 70 483 -248 57
491 3 199 248 43 -36
491 4 73 -165 -351 65
491 5 147 315 385 329
491 6 -140 -242 -323 -69
491 7 -223 85 -191 23
491 8 -285 -25 586 348
491 9 -301 -361 45 187
491 10 -166 -309 -410 -256
491 11 157 -201 -49 -121
491 12 86 -89 87 -73
491 13 -134 53 12 -42
491 14 485 -132 168 -167
491 15 -96 454 59 414
492 0 239 371 687 -308
492 1 423 -342 543 166
492 2 209 51 166 -245
492 3 -99 -243 334 11
492 4 508 -200 -144 134
492 5 125 -220 -311 -7
492 6 301 -39 -245 51
492 7 22 -149 14 462
492 8 285 -237 -155 78
492 9 23 185 -42 361
492 10 349 -116 -195 78
492 11 -12 -136 454 281
492 12 700 -308 -30 -83
492 13 -171 -263 129 44
492 14 -129 198 -274 187
492 15 -21 223 21 266
493 0 -217 508 -132 136
493 1 -424 42 142 560
493 2 116 -339 -75 410
493 3 -149 -131 133 -76
493 4 230 59 -506 443
493 5 8 -433 -436 -47
493 6 111 452 341 104
493 7 266 -40 -269 160
493 8 -182 338 -279 -75
493 9 -350 27 227 -215
493 10 -206 14 -44 93
493 11 341 21 -8 379
493 12 241 126 54 -102
493 13 7 -266 -138 205
493 14 -69 236 169 99
493 15 -245 -65 -54 -45
494 0 -89 21 404 -203
494 1 284 -6 -3 106
494 2 163 -158 156 -226
494 3 9 -276 -273 -83
494 4 40 175 -150 53
494 5 140 -109 174 142
494 6 489 -10 -358 11
494 7 3 -144 413 299
494 8 272 30 -212 9
494 9 283 -250 -34 -375
494 10 153 249 240 385
494 11 97 -549 446 -7
494 12 63 -630 -151 -186
494 13 -155 485 -357 -15
494 14 -286 132 -416 -176
494 15 156 232 -243 342
495 0 -208 -5 128 -186
495 1 -42 -237 310 -163
495 2 500 72 -50 106
495 3 79 -194 -305 -76
495 4 236 85 42 -13
495 5 26 130 9 -15
495 6 101 -371 -359 -119
495 7 16 -136 167 404
495 8 180 -25 -93 -229
495 9 242 365 220 142
495 10 55 -140 -382 9
495 11 -92 -303 323 -264
495 12 -124 -372 -541 47
495 13 -589 -26 -131 -228
495 14 140 60 -19 154
495 15 -1 357 -154 406
496 0 204 10 -188 -294
496 1 279 68 -118 -265
496 2 -225 -25 -79 -349
496 3 2 278 152 -151
496 4 331 -177 -274 -56
496 5 -63 319 -472 206
496 6 100 383 211 -144
496 7 -291 -167 -59 152
496 8 -615 -459 703 26
496 9 -42 -19 -75 -51
496 10 -35 -453 -12 -210
496 11 87 -24 453 220
496 12 -151 -430 271 352
496 13 -44 -626 466 48
496 14 -218 37 63 266
496 15 -64 116 -235 283
497 0 -305 -94 181 509
497 1 -129 325 -279 322
497 2 91 -26 96 172
497 3 44 53 -431 -210
497 4 34 547 -49 -64
497 5 615 -86 -441 -129
497 6 -142 517 393 -2
497 7 -99 -277 -220 -64
497 8 -68 363 51 -248
497 9 46 389 271 -73
497 10 91 128 -366 138
497 11 411 131 371 -400
497 12 -91 -20 132 268
497 13 -452 87 -615 -167
497 14 198 250 -186 -308
497 15 488 -247 -135 -129
498 0 314 -113 30 435
498 1 105 -82 -220 -293
498 2 -57 -160 221 -130
498 3 244 -1 227 -258
498 4 109 319 -132 -21
498 5 -270 509 266 -57
498 6 -461 183 66 -161
498 7 127 304 530 117
498 8 180 -71 376 -126
498 9 66 250 141 -59
498 10 -244 194 168 -299
498 11 7 -47 145 -12
498 12 -344 -380 -707 231
498 13 222 46 -21 195
498 14 126 313 100 110
498 15 1 478 62 -128
499 0 68 -41 -229 442
499 1 -354 -74 16 50
499 2 48 242 -99 -197
499 3 95 -49 -223 -540
499 4 -304 56 -106 185
499 5 -57 148 87 15
499 6 -2 490 273 253
499 7 -77 207 223 122
499 8 -95 207 160 -173
499 9 -131 297 236 113
499 10 95 115 164 91
499 11 -66 120 124 -177
499 12 -201 -466 -96 13
499 13 -44 146 25 -190
499 14 -30 383 -216 73
499 15 148 -8 -73 -250
500 0 -85 307 14 -240
500 1 12 -623 24 606
500 2 -250 34 108 32
500 3 -406 -507 412 338
500 4 301 161 -581 275
500 5 146 -92 283 240
500 6 -51 88 -329 -9
500 7 -127 170 376 -13
500 8 240 310 -124 124
500 9 66 -494 194 -98
500 10 -259 -207 -265 -138
500 11 290 -329 65 -90
500 12 103 -38 77 -18
500 13 73 61 -302 75
500 14 80 83 -161 265
500 15 -73 125 -138 -130
501 0 -363 146 -2 -98
501 1 1 442 -59 226
501 2 300 456 -201 -341
501 3 -512 139 -209 330
501 4 -29 -141 427 -149
501 5 60 -420 -217 -14
501 6 169 -159 -482 167
501 7 98 -300 -339 241
501 8 -177 37 -373 455
501 9 716 -444 220 -477
501 10 161 129 3 258
501 11 0 -107 -257 -1
501 12 99 78 366 -157
501 13 -48 106 -78 -131
501 14 -281 -287 164 -67
501 15 -199 -63 -418 335
502 0 -253 -346 161 178
502 1 -48 -366 -191 -239
502 2 109 552 66 -388
502 3 202 133 11 -128
502 4 144 315 -90 -291
502 5 155 -281 38 -221
502 6 -275 33 -59 265
502 7 -201 -105 -351 129
502 8 48 0 -16 16
502 9 183 589 496 115
502 10 292 -146 -78 123
502 11 -32 179 153 -635
502 12 110 -544 -424 -268
502 13 323 531 144 -50
502 14 -230 16 -816 128
502 15 124 156 -66 -124
503 0 234 123 -67 313
503 1 -234 -317 187 265
503 2 -392 -163 -203 8
503 3 -239 -96 271 40
503 4 26 33 -164 294
503 5 65 54 219 300
503 6 323 299 327 43
503 7 82 121 281 -364
503 8 193 328 -386 -178
503 9 -169 -161 74 -134
503 10 -40 152 95 -296
503 11 106 385 143 112
503 12 -264 144 119 132
503 13 118 -1 45 109
503 14 162 244 -3 79
503 15 -234 113 -10 -237
504 0 450 -58 -71 -46
504 1 -69 -22 162 -218
504 2 -139 -86 320 -89
504 3 -566 279 502 10
504 4 -177 -484 446 -43
504 5 -209 -135 152 223
504 6 -166 -59 -3 111
504 7 -122 -95 15 -175
504 8 312 -54 -236 352
504 9 106 -79 2 -370
504 10 -349 286 -303 333
504 11 282 192 -65 189
504 12 330 254 310 -147
504 13 39 227 -14 73
504 14 -78 -326 277 -4
504 15 74 -20 303 -436
505 0 244 -71 -127 -192
505 1 -285 -121 74 36
505 2 -635 -335 452 216
505 3 -438 -224 230 -227
505 4 184 -17 -23 -47
505 5 -43 3 104 -182
505 6 -413 28 45 39
505 7 156 -182 118 -242
505 8 194 -227 -421 310
505 9 -202 -3 28 -64
505 10 282 221 -99 -229
505 11 431 -19 373 -36
505 12 9 150 224 390
505 13 -112 116 -114 484
505 14 33 -59 77 -86
505 15 94 -24 31 -460
506 0 -210 -95 212 95
506 1 518 -271 -270 186
506 2 218 115 -430 169
506 3 -54 -5 13 95
506 4 -130 730 -131 -379
506 5 -144 -241 -92 -167
506 6 -202 351 -111 187
506 7 88 94 71 308
506 8 -157 343 423 42
506 9 -146 -105 381 -172
506 10 482 -198 52 -241
506 11 399 135 250 87
506 12 25 -431 -12 -316
506 13 180 84 -201 236
506 14 -140 -250 -777 -125
506 15 124 129 -225 -390
507 0 -123 -169 170 302
507 1 66 524 -459 -426
507 2 -75 82 -240 -787
507 3 -231 405 -146 -90
507 4 -188 -181 -287 52
507 5 445 442 -142 -95
507 6 59 294 -55 7
507 7 -53 395 -142 140
507 8 -527 -278 256 309
507 9 510 -128 -122 -100
507 10 219 178 223 125
507 11 274 -112 236 127
507 12 165 -371 340 129
507 13 306 -203 -71 -138
507 14 -104 198 494 -70
507 15 -57 136 -549 -167
508 0 101 10 -296 -529
508 1 -245 -36 310 -89
508 2 250 200 29 165
508 3 -60 178 285 417
508 4 244 45 421 -129
508 5 65 -145 96 -87
508 6 183 -376 498 146
508 7 -139 -322 -442 -241
508 8 352 -181 97 -321
508 9 -270 -16 55 -58
508 10 -339 -569 -162 -175
508 11 -274 328 -291 135
508 12 -365 93 4 -64
508 13 97 -499 188 -194
508 14 -393 -454 -122 522
508 15 -384 -368 -276 532
509 0 34 401 -457 -104
509 1 -623 -50 102 -163
509 2 -348 -199 340 500
509 3 40 -198 419 -75
509 4 31 367 -329 221
509 5 243 1 210 -112
509 6 -27 18 250 -239
509 7 -185 -50 -65 -254
509 8 202 -512 -60 113
509 9 -368 75 308 221
509 10 -509 -298 -232 400
509 11 147 77 280 284
509 12 137 -97 -19 413
509 13 -385 -45 -167 -92
509 14 -229 -212 -240 142
509 15 15 311 -207 342
510 0 -202 562 -39 -30
510 1 401 -538 -136 77
510 2 -273 384 264 -242
510 3 81 90 255 87
510 4 29 -242 97 -250
510 5 78 273 290 544
510 6 -539 -183 -245 549
510 7 -161 8 59 342
510 8 477 -22 -22 139
510 9 59 -40 -192 684
510 10 225 5 -278 -84
510 11 -28 30 -29 -142
510 12 43 -403 -178 96
510 13 -112 207 -150 320
510 14 -107 -3 -332 152
510 15 -122 -244 -182 0
511 0 -282 201 -154 96
511 1 -150 -94 -10 336
511 2 -76 356 -486 -54
511 3 -73 -78 -34 -318
511 4 -350 -243 -35 172
511 5 -166 -433 -108 226
511 6 -20 57 -249 -91
511 7 56 422 -95 250
511 8 -301 109 -230 309
511 9 166 -177 172 371
511 10 134 147 92 161
511 11 192 54 -254 -149
511 12 252 -5 299 -193
511 13 -257 14 -212 -8
511 14 319 246 147 -3
511 15 -53 -185 20 -306
512 0 -316 -310 105 134
512 1 -507 76 58 -141
512 2 69 223 179 -142
512 3 -209 -28 -178 -291
512 4 62 -14 -82 53
512 5 -170 -38 58 -282
512 6 36 141 105 54
512 7 -73 303 -440 -128
512 8 221 -60 -189 58
512 9 31 439 15 -183
512 10 89 145 18 178
512 11 365 76 -343 -164
512 12 201 -54 -28 -163
512 13 544 157 -124 2
512 14 -32 -83 -179 498
512 15 114 -433 -248 -728
513 0 -13 21 -279 -214
513 1 584 -260 -273 -138
513 2 -224 187 -271 -328
513 3 -314 193 -147 416
513 4 -474 142 635 112
513 5 -371 -287 -257 -117
513 6 402 -422 -143 -222
513 7 -5 -158 442 -114
513 8 -133 -322 66 283
513 9 264 388 -220 178
513 10 -8 -366 185 116
513 11 -625 -178 334 -110
513 12 -349 -104 -286 -463
513 13 261 -41 537 -4
513 14 -303 162 -466 415
513 15 196 192 89 268
514 0 -6 -531 -40 -209
514 1 45 -110 152 -102
514 2 136 184 396 37
514 3 301 -954 -65 -65
514 4 383 451 -10 -363
514 5 -13 100 136 -397
514 6 -49 -375 -259 -131
514 7 162 -302 -133 -85
514 8 97 -124 -346 -515
514 9 -194 220 486 177
514 10 26 -66 270 -659
514 11 -334 547 66 177
514 12 -28 -132 -322 101
514 13 -131 145 4 -453
514 14 -333 -25 -634 57
514 15 -217 142 264 295
515 0 196 22 -30 7
515 1 203 140 -361 206
515 2 -460 45 321 -82
515 3 48 -285 -96 245
515 4 129 62 -59 -87
515 5 140 71 123 91
515 6 26 -247 -177 -322
515 7 -346 -24 -141 -50
515 8 -406 -18 -15 99
515 9 233 -73 -183 -26
515 10 -35 171 291 -49
515 11 164 -133 260 -199
515 12 -85 310 420 224
515 13 82 82 55 -79
515 14 -146 81 95 116
515 15 138 -174 278 -7
516 0 -124 230 -301 132
516 1 -403 9 154 308
516 2 1 3 -66 435
516 3 -270 49 -30 -34
516 4 -87 720 -26 -517
516 5 -182 71 -291 -195
516 6 -159 -97 68 183
516 7 -85 -358 -538 -62
516 8 -390 -103 -12 405
516 9 -152 -6 242 94
516 10 392 93 209 -37
516 11 425 389 550 315
516 12 359 -4 46 184
516 13 -185 -284 -174 -164
516 14 -283 42 -56 152
516 15 -54 -219 -274 -286
517 0 -181 430 -311 -46
517 1 -172 -88 57 -405
517 2 49 -118 28 292
517 3 489 405 -99 460
517 4 -104 -52 -181 -39
517 5 160 -108 207 278
517 6 -99 -510 439 218
517 7 -311 -121 -434 80
517 8 35 -9 -21 13
517 9 -310 342 -17 461
517 10 -110 -471 -15 229
517 11 -249 44 -149 -235
517 12 -73 -66 -372 -267
517 13 123 340 152 173
517 14 -20 -102 -134 59
517 15 -465 -95 122 441
518 0 73 -69 311 -93
518 1 149 27 -219 38
518 2 -309 155 116 -227
518 3 65 -133 503 -205
518 4 338 178 -314 34
518 5 90 -203 63 26
518 6 -350 329 -257 -307
518 7 -77 383 -189 384
518 8 -64 -104 286 181
518 9 259 -195 344 -61
518 10 54 131 81 -14
518 11 540 -143 89 -42
518 12 367 -489 184 216
518 13 54 -146 -263 257
518 14 78 -238 -132 -121
518 15 -18 149 -319 -350
519 0 -50 -340 -475 -285
519 1 -288 -57 203 142
519 2 -344 96 48 324
519 3 -48 50 7 -226
519 4 133 -217 -175 -410
519 5 -229 -37 39 -157
519 6 -248 -383 -20 -146
519 7 -115 -7 -249 -24
519 8 -259 -50 -244 190
519 9 -350 -176 -371 172
519 10 379 -149 -22 -411
519 11 272 -232 64 -414
519 12 -39 563 445 -146
519 13 -360 -115 138 99
519 14 -114 195 379 7
519 15 -236 -279 24 -78
520 0 184 -297 246 -220
520 1 95 -265 501 169
520 2 297 -112 -237 -185
520 3 296 -280 -366 74
520 4 -33 310 -288 -48
520 5 -82 -203 198 -151
520 6 229 245 -192 -409
520 7 -413 -106 381 149
520 8 -61 -13 312 -65
520 9 100 -4 188 -82
520 10 347 2 47 287
520 11 -424 -585 168 -337
520 12 55 -162 -356 74
520 13 -107 213 244 0
520 14 478 -75 -330 -491
520 15 28 455 214 45
521 0 -196 62 -76 -147
521 1 477 220 -387 333
521 2 -96 -480 -354 -235
521 3 7 91 2 -2
521 4 -121 -313 154 382
521 5 20 -558 -744 -107
521 6 126 344 314 -204
521 7 264 -88 185 186
521 8 -255 43 -119 -203
521 9 32 36 -391 -107
521 10 -106 148 98 14
521 11 -275 -100 -6 196
521 12 -240 160 9 -41
521 13 17 -533 65 246
521 14 -36 412 190 -239
521 15 83 -25 267 169
522 0 -398 103 -434 113
522 1 -322 77 -427 165
522 2 -81 -268 378 182
522 3 206 69 118 -117
522 4 2 211 -290 -257
522 5 470 -423 -165 -236
522 6 -301 188 17 -259
522 7 -168 -252 -302 -270
522 8 -154 -441 -377 -67
522 9 17 86 158 -41
522 10 -615 291 -333 903
522 11 100 -145 47 -66
522 12 187 471 43 138
522 13 -469 469 -339 94
522 14 -358 5 54 -282
522 15 155 17 256 406
523 0 111 229 -249 -106
523 1 -70 -18 255 47
523 2 -242 -415 195 509
523 3 371 -57 214 415
523 4 37 360 -135 356
523 5 14 -249 -65 -44
523 6 -28 -281 399 -223
523 7 103 -72 27 -17
523 8 211 241 -2 -225
523 9 -454 255 10 404
523 10 -236 -388 191 -154
523 11 -489 -117 24 -16
523 12 58 36 -492 -202
523 13 -87 -159 89 108
523 14 103 103 -108 -270
523 15 -395 112 86 329
524 0 357 -53 272 219
524 1 -126 265 329 -131
524 2 160 61 117 -245
524 3 -96 105 35 204
524 4 361 72 -26 -56
524 5 171 -281 106 105
524 6 109 -240 248 -89
524 7 -167 12 -319 -49
524 8 25 33 -229 104
524 9 147 63 361 -195
524 10 -30 80 274 -77
524 11 161 226 -1 -269
524 12 11 -3 71 -165
524 13 202 386 -219 105
524 14 210 229 187 152
524 15 -402 -73 219 170
525 0 -549 -141 -299 -367
525 1 -13 -59 -441 -181
525 2 -338 239 129 126
525 3 116 -110 -183 -486
525 4 -340 -501 -495 39
525 5 42 105 304 351
525 6 -364 -1 21 110
525 7 -96 -236 -129 -65
525 8 3 -95 25 555
525 9 -508 -278 -91 90
525 10 -178 -374 -601 -216
525 11 644 -195 -216 -42
525 12 93 -171 186 -242
525 13 11 359 -206 57
525 14 195 -51 -251 -210
525 15 91 44 48 -86
526 0 191 -36 -136 135
526 1 320 -245 -191 30
526 2 188 -181 -158 -427
526 3 -432 209 289 436
526 4 -58 60 36 -192
526 5 298 -310 -203 -412
526 6 -379 87 287 141
526 7 -243 192 281 454
526 8 -87 121 -57 -119
526 9 254 350 63 -7
526 10 182 -109 -166 47
526 11 -21 -34 464 -261
526 12 -239 33 41 -198
526 13 46 -135 -16 111
526 14 -448 360 89 196
526 15 -111 187 136 -87
527 0 -248 118 -302 216
527 1 -214 138 242 -27
527 2 73 -131 150 -34
527 3 -138 252 -549 164
527 4 -356 -102 -336 93
527 5 195 699 362 68
527 6 224 -62 -165 435
527 7 63 -143 -60 -241
527 8 -80 220 13 21
527 9 -415 -179 -466 -10
527 10 113 285 13 150
527 11 -272 -534 86 317
527 12 226 84 -115 -322
527 13 90 285 86 28
527 14 -70 -34 377 -448
527 15 -394 -31 -331 57
528 0 -202 -272 -43 -369
528 1 343 -108 -144 363
528 2 236 58 -94 145
528 3 117 -398 -572 -140
528 4 -124 463 -66 -118
528 5 -364 147 20 -13
528 6 425 170 198 -115
528 7 209 -344 239 -107
528 8 -27 97 366 -274
528 9 -411 -98 -20 -305
528 10 -41 -303 165 -511
528 11 132 -218 60 345
528 12 -498 -286 -231 -365
528 13 248 -195 34 -23
528 14 -140 67 -503 272
528 15 -71 -249 -225 119
529 0 135 -51 298 -20
529 1 -45 -214 450 127
529 2 -80 325 -105 353
529 3 111 167 162 -341
529 4 24 386 360 244
529 5 14 229 81 179
529 6 440 111 12 -10
529 7 28 -133 143 -125
529 8 568 256 434 -236
529 9 -296 43 -122 148
529 10 147 -134 -302 -91
529 11 -49 -36 410 -73
529 12 80 -470 -155 100
529 13 -518 -471 -44 -342
529 14 184 -207 -508 -157
529 15 452 124 -584 34
530 0 118 -165 287 -78
530 1 -222 93 606 -19
530 2 496 -14 166 285
530 3 168 -348 -7 -124
530 4 815 177 -142 -206
530 5 -321 332 -282 -24
530 6 13 -80 -195 -60
530 7 -68 147 -159 204
530 8 20 156 249 -473
530 9 78 32 172 -76
530 10 59 -149 159 -401
530 11 -27 241 -202 -90
530 12 99 -103 -115 374
530 13 -263 -342 -161 -347
530 14 168 -14 137 392
530 15 18 -270 -44 -26
531 0 -89 -375 146 -140
531 1 257 -81 -189 -142
531 2 80 -159 101 -111
531 3 -176 -106 -85 42
531 4 -38 126 19 -531
531 5 -192 593 -374 -101
531 6 -214 29 -344 411
531 7 241 -288 276 -106
531 8 -134 37 77 62
531 9 316 -238 -65 -88
531 10 359 -90 164 -356
531 11 -122 269 132 246
531 12 237 -138 -111 141
531 13 108 -85 107 -379
531 14 -284 8 -55 -126
531 15 240 -58 -161 -324
532 0 546 -168 230 -227
532 1 37 -347 -172 -461
532 2 -29 -564 -239 196
532 3 151 146 385 228
532 4 -143 -125 -28 -385
532 5 -32 229 334 415
532 6 -317 -146 142 111
532 7 -173 303 500 87
532 8 30 150 102 -47
532 9 453 -393 188 -120
532 10 69 -160 157 -29
532 11 309 321 64 -209
532 12 -229 -121 88 326
532 13 -23 121 -82 -52
532 14 189 -241 317 -84
532 15 84 90 197 -422
533 0 -175 14 4 293
533 1 274 -57 -35 539
533 2 180 357 -98 -382
533 3 -177 96 40 137
533 4 203 368 102 -439
533 5 296 -88 251 147
533 6 53 203 -243 -373
533 7 -684 74 93 232
533 8 233 65 74 -140
533 9 493 -298 -116 -386
533 10 -89 434 -383 334
533 11 292 -328 241 -412
533 12 -348 143 211 231
533 13 -503 60 -550 -67
533 14 -114 84 -65 81
533 15 90 51 -229 252
534 0 -186 162 -277 366
534 1 109 241 -46 192
534 2 -166 25 163 76
534 3 77 -248 -167 45
534 4 144 470 134 -161
534 5 -59 134 -3 -36
534 6 -168 126 -89 -185
534 7 -18 28 122 108
534 8 106 42 -54 -233
534 9 32 45 48 41
534 10 66 244 159 -203
534 11 -152 85 17 -21
534 12 -390 6 -99 392
534 13 -343 84 -288 163
534 14 -52 45 -221 -83
534 15 -105 -19 -150 180
535 0 -316 249 -180 -242
535 1 66 -80 361 -117
535 2 -117 299 321 134
535 3 -169 -141 -98 -75
535 4 337 -507 -308 165
535 5 -236 -89 -324 125
535 6 -13 94 -261 345
535 7 -176 -457 -237 427
535 8 -45 134 -77 324
535 9 -411 268 -46 49
535 10 338 -575 -545 -132
535 11 4 -176 60 -33
535 12 431 -172 222 -185
535 13 -167 196 481 79
535 14 -249 -236 -621 -19
535 15 10 232 -19 144
536 0 -121 586 25 293
536 1 -3 219 142 531
536 2 69 -109 -421 -336
536 3 -432 28 -161 269
536 4 -223 107 83 72
536 5 -374 -77 -83 377
536 6 21 189 -230 197
536 7 -475 -95 11 -1
536 8 -195 116 120 764
536 9 429 -670 -141 -443
536 10 180 663 409 303
536 11 -35 134 -158 192
536 12 125 -50 -69 509
536 13 436 31 -354 41
536 14 479 147 100 -45
536 15 221 -44 240 -384
537 0 272 186 358 -649
537 1 180 -134 -110 -4
537 2 92 -76 301 152
537 3 316 -302 204 -120
537 4 224 -738 82 524
537 5 -37 -541 -271 206
537 6 -179 -31 66 192
537 7 296 -19 204 545
537 8 146 238 -2 -176
537 9 105 174 202 194
537 10 -217 -496 -137 62
537 11 -108 -229 -371 -246
537 12 112 -306 56 -197
537 13 -50 -47 199 67
537 14 47 -82 -37 52
537 15 237 -191 339 137
538 0 -289 -141 122 -50
538 1 412 -332 -500 -111
538 2 -479 -273 -79 150
538 3 -4 -317 -168 108
538 4 -184 211 -260 72
538 5 94 326 258 18
538 6 -269 26 5 53
538 7 68 -115 179 -473
538 8 70 26 95 144
538 9 -448 -3 -168 92
538 10 159 -29 -219 -580
538 11 252 226 137 139
538 12 -220 4 -211 242
538 13 522 161 -133 321
538 14 460 -141 -540 -169
538 15 349 180 317 -527
539 0 280 124 99 -319
539 1 6 -244 88 183
539 2 -208 -226 10 10
539 3 76 -262 338 189
539 4 280 -140 85 286
539 5 -96 82 313 -92
539 6 118 65 71 -323
539 7 -336 335 215 391
539 8 331 40 140 -378
539 9 179 84 -440 -138
539 10 65 115 -35 -7
539 11 -12 -341 101 -29
539 12 -354 40 -21 558
539 13 102 -752 277 53
539 14 -136 -289 49 341
539 15 104 96 -178 -235
540 0 17 -124 6 -61
540 1 137 -134 4 -444
540 2 233 98 38 -14
540 3 76 282 63 -210
540 4 192 -374 -172 -59
540 5 -90 209 261 -191
540 6 50 -128 157 158
540 7 -127 285 29 231
540 8 178 -169 213 -171
540 9 -452 279 -472 -77
540 10 41 -285 -266 -88
540 11 201 -258 46 -85
540 12 -273 -59 31 -358
540 13 213 5 217 185
540 14 -413 37 -91 506
540 15 49 100 -4 174
541 0 -118 -225 144 103
541 1 193 -359 -140 157
541 2 1 -350 -149 81
541 3 69 200 145 57
541 4 -264 559 -40 -249
541 5 108 -3 -291 -93
541 6 321 234 -75 27
541 7 343 217 81 -560
541 8 -44 -13 -6 -481
541 9 -70 -43 -76 200
541 10 -93 243 363 398
541 11 -211 217 126 362
541 12 427 77 -93 -370
541 13 30 57 -154 -12
541 14 -220 -4 -171 -182
541 15 108 -392 -139 -341
542 0 -210 216 -181 153
542 1 -150 -79 -189 34
542 2 -249 4 -23 25
542 3 138 -66 -126 27
542 4 273 -151 -67 249
542 5 -307 112 -17 263
542 6 -2 208 -37 -103
542 7 411 -236 71 -93
542 8 -74 63 -272 -73
542 9 185 133 247 -245
542 10 -214 5 -46 -357
542 11 -148 20 -332 46
542 12 -507 114 -436 260
542 13 284 57 528 410
542 14 247 -82 120 95
542 15 -395 298 -82 165
543 0 -111 315 22 96
543 1 -214 -76 110 54
543 2 -123 -100 -443 440
543 3 -281 382 571 140
543 4 -74 -15 -194 -125
543 5 -58 -161 83 -142
543 6 -90 -4 -120 88
543 7 32 -81 -161 -63
543 8 46 -68 -227 717
543 9 -152 -539 -162 -266
543 10 272 -29 -372 77
543 11 440 110 85 326
543 12 400 501 237 109
543 13 37 -194 145 125
543 14 -54 -295 108 -268
543 15 23 646 -134 -60
544 0 -321 -93 120 456
544 1 -334 -297 188 -220
544 2 -91 -40 -567 317
544 3 -154 435 303 -245
544 4 71 178 -169 -53
544 5 -128 150 -176 10
544 6 315 216 -519 -208
544 7 62 396 426 -475
544 8 126 -114 -180 144
544 9 284 -247 -121 -131
544 10 57 -4 -337 408
544 11 -7 123 28 -299
544 12 172 340 10 259
544 13 -452 201 -27 -165
544 14 292 -7 -33 -88
544 15 594 592 -237 -89
545 0 -287 -136 273 170
545 1 327 -124 -81 -267
545 2 378 84 110 -256
545 3 -67 56 45 516
545 4 -4 -112 -98 107
545 5 420 -49 135 -218
545 6 -1 -177 117 -30
545 7 55 181 -128 87
545 8 476 193 -253 -292
545 9 -6 536 -29 123
545 10 -276 -237 -548 -42
545 11 -47 -21 -267 48
545 12 164 220 -317 -634
545 13 387 139 -50 -36
545 14 -65 -25 -96 143
545 15 -359 158 30 28
546 0 326 -280 -121 -194
546 1 -109 335 206 -108
546 2 401 -263 149 -373
546 3 -259 -444 -171 -28
546 4 -120 -247 -204 477
546 5 10 442 435 -535
546 6 -77 -24 -44 347
546 7 236 382 176 -48
546 8 -112 51 376 -272
546 9 -526 -302 -200 -246
546 10 -168 364 508 -322
546 11 -426 -280 -272 598
546 12 -29 -224 -100 -133
546 13 644 -239 -121 -65
546 14 -49 25 497 -52
546 15 -222 -64 185 -175
547 0 -52 -12 2 501
547 1 -174 146 105 -95
547 2 111 -56 200 23
547 3 -5 -272 -82 -462
547 4 -187 -97 -268 340
547 5 85 -37 -71 -169
547 6 -136 -7 -86 213
547 7 475 410 151 -8
547 8 29 185 -397 -69
547 9 -364 242 177 406
547 10 -99 276 237 -8
547 11 -77 174 -90 98
547 12 438 -107 -103 -458
547 13 -134 527 -450 -49
547 14 114 632 109 -185
547 15 -11 2 352 -132
548 0 -139 301 70 187
548 1 -86 287 188 -100
548 2 279 -160 62 -254
548 3 -16 -54 123 118
548 4 239 -178 198 -72
548 5 410 72 263 75
548 6 -164 -43 52 -86
548 7 -70 21 -631 135
548 8 303 -299 -396 -309
548 9 78 72 94 3
548 10 -218 793 -248 123
548 11 164 421 -198 583
548 12 41 128 -105 545
548 13 -148 -204 -484 252
548 14 178 -365 429 -83
548 15 -568 -38 22 84
549 0 -149 -132 66 -310
549 1 190 -244 -47 -132
549 2 -216 53 184 -659
549 3 -182 -155 -54 162
549 4 87 -416 129 -58
549 5 -308 73 -80 32
549 6 -285 49 80 -314
549 7 -128 -32 276 445
549 8 427 -283 -304 211
549 9 721 516 -92 140
549 10 238 -179 -304 -253
549 11 -15 -284 -187 -249
549 12 -214 -106 -466 190
549 13 332 -285 390 239
549 14 152 131 73 401
549 15 -382 57 -264 -381
550 0 83 240 294 -303
550 1 -421 -96 -127 90
550 2 31 -362 -88 -16
550 3 61 -266 197 -39
550 4 157 1 -528 267
550 5 57 230 -18 -62
550 6 -205 315 306 234
550 7 192 173 291 -188
550 8 82 -248 197 214
550 9 169 -449 177 -5
550 10 -81 -287 244 -122
550 11 81 71 -357 198
550 12 -45 -261 -234 570
550 13 594 -362 -98 -6
550 14 313 177 258 307
550 15 110 -84 -188 -183
551 0 -445 440 -104 491
551 1 -99 142 17 -121
551 2 -56 52 -77 -8
551 3 145 62 -73 -51
551 4 -167 -231 371 406
551 5 -84 215 27 239
551 6 227 -115 -219 -220
551 7 -179 33 -712 2
551 8 61 -70 -203 -150
551 9 -16 597 -345 193
551 10 -344 828 -256 392
551 11 -112 404 -107 558
551 12 316 173 -394 396
551 13 37 -344 42 -130
551 14 235 -335 49 53
551 15 69 118 201 -293
552 0 297 -129 178 231
552 1 -207 38 158 -549
552 2 430 -39 111 -163
552 3 381 268 -19 -153
552 4 203 -63 305 -15
552 5 159 271 109 -310
552 6 -203 91 277 275
552 7 165 33 24 -179
552 8 276 -301 224 -548
552 9 -62 520 158 151
552 10 -98 96 -35 118
552 11 -620 273 -254 -100
552 12 -347 -138 -533 326
552 13 141 81 244 94
552 14 115 -149 67 41
552 15 85 78 167 260
553 0 -74 -64 -13 275
553 1 218 392 -579 616
553 2 -468 -288 50 720
553 3 -23 -225 75 -260
553 4 69 601 78 112
553 5 -228 -517 -203 -193
553 6 -261 -95 171 -524
553 7 452 143 -300 -53
553 8 -285 413 -125 72
553 9 -433 -34 -66 -309
553 10 -138 506 359 -560
553 11 921 59 240 73
553 12 -175 403 228 -190
553 13 30 -207 -676 474
553 14 152 309 149 -67
553 15 197 -293 309 -451
554 0 133 -526 174 -283
554 1 -215 -27 512 -128
554 2 831 201 -364 -106
554 3 142 -20 -67 -70
554 4 102 -47 58 -204
554 5 -343 114 325 -247
554 6 287 -164 -283 62
554 7 -58 81 110 -291
554 8 101 -105 360 -179
554 9 -31 -541 0 -456
554 10 -161 -41 168 12
554 11 -514 -32 -639 20
554 12 -79 94 -261 -143
554 13 287 3 150 -436
554 14 162 -231 109 73
554 15 56 114 176 262
555 0 233 -21 -121 -174
555 1 -159 5 -164 -1
555 2 372 -201 -1 -353
555 3 19 232 -394 442
555 4 -394 -311 284 -362
555 5 -18 -63 -117 -137
555 6 -260 43 596 458
555 7 -168 -151 359 445
555 8 -11 182 -129 -58
555 9 711 247 -5 -34
555 10 384 -325 234 256
555 11 -379 -205 -232 -482
555 12 -507 65 -109 -74
555 13 305 31 447 -118
555 14 -385 220 368 183
555 15 -223 -440 -88 -83
556 0 530 -292 248 338
556 1 86 50 130 -214
556 2 -14 -70 -37 -726
556 3 108 65 5 198
556 4 190 -93 -351 -147
556 5 91 272 -190 3
556 6 -173 417 202 -102
556 7 -468 258 382 -53
556 8 -334 -57 359 15
556 9 512 50 135 84
556 10 215 -166 328 -84
556 11 -448 148 -93 -480
556 12 -38 41 39 384
556 13 353 139 357 -163
556 14 384 472 235 -46
556 15 3 125 366 -184
557 0 -318 -246 -30 435
557 1 -73 153 130 139
557 2 115 137 -176 222
557 3 -81 -52 -20 -140
557 4 -42 245 300 -58
557 5 -114 -556 72 -678
557 6 49 65 -281 -235
557 7 -158 325 17 -217
557 8 327 -20 -306 -68
557 9 -215 120 -321 -240
557 10 175 428 -140 423
557 11 -216 28 -314 -360
557 12 -60 678 168 -23
557 13 -119 425 -252 82
557 14 -43 -136 -526 -155
557 15 659 152 397 -113
558 0 60 -516 -223 391
558 1 -58 -259 35 0
558 2 294 404 -138 -986
558 3 -589 -216 -181 -170
558 4 -356 -91 -110 -9
558 5 571 309 164 -609
558 6 -187 606 -225 117
558 7 -274 202 463 -205
558 8 -166 -217 87 -201
558 9 158 235 267 98
558 10 37 279 -526 219
558 11 -420 -47 243 -105
558 12 -44 62 163 132
558 13 -113 149 40 -388
558 14 -12 260 38 -132
558 15 211 410 138 -225
559 0 137 -434 3 333
559 1 -147 249 20 -703
559 2 -140 128 -84 369
559 3 -72 851 254 -130
559 4 -344 46 395 174
559 5 -394 78 68 58
559 6 -22 -267 129 -5
559 7 295 117 -327 -178
559 8 94 395 291 277
559 9 -259 358 0 -257
559 10 -142 -102 -74 -141
559 11 257 134 4 -56
559 12 309 -135 -244 -700
559 13 284 15 226 -26
559 14 157 -368 102 -259
559 15 4 274 -224 -501
560 0 569 405 311 365
560 1 283 -68 45 89
560 2 -435 -60 173 123
560 3 -264 115 373 -35
560 4 -24 -9 16 107
560 5 -425 94 -402 130
560 6 82 552 175 -56
560 7 61 28 444 -206
560 8 0 -145 244 512
560 9 -30 98 -85 60
560 10 91 -259 -12 34
560 11 188 238 116 327
560 12 359 294 372 128
560 13 281 -47 470 215
560 14 73 135 -189 233
560 15 440 97 218 -411
561 0 -362 -205 -224 -490
561 1 154 -185 -517 493
561 2 -19 551 -208 -47
561 3 -206 83 -155 340
561 4 -424 31 285 -200
561 5 82 -209 38 -134
561 6 -189 70 34 -5
561 7 -231 -219 -40 -126
561 8 -29 122 381 227
561 9 228 -284 -120 -84
561 10 -68 -531 -521 7
561 11 79 -369 -396 -338
561 12 -285 350 330 -212
561 13 217 -357 156 -234
561 14 -101 -379 -166 136
561 15 266 -424 -334 -160
562 0 255 -231 104 -325
562 1 -419 401 368 -309
562 2 149 5 -102 191
562 3 -198 147 108 -189
562 4 -104 -582 -34 90
562 5 -57 356 124 74
562 6 75 -191 404 252
562 7 50 30 38 154
562 8 251 202 33 334
562 9 -128 -469 -256 -193
562 10 206 -498 -134 -490
562 11 401 54 -203 93
562 12 76 -19 417 -61
562 13 -39 -514 -8 -504
562 14 37 50 558 16
562 15 -136 -35 -399 -67
563 0 -142 228 24 56
563 1 -143 45 -45 -74
563 2 479 -54 263 257
563 3 -385 -242 -289 414
563 4 -178 -4 -214 -70
563 5 245 636 -49 106
563 6 -215 9 -248 359
563 7 -151 -226 -208 242
563 8 -240 419 196 61
563 9 233 121 346 -108
563 10 -192 -194 -588 106
563 11 406 63 125 442
563 12 515 13 127 91
563 13 -108 -120 -148 -605
563 14 -64 -451 296 41
563 15 44 -16 -160 -414
564 0 157 -14 -216 592
564 1 -181 389 138 -241
564 2 232 472 150 -274
564 3 -66 -37 27 -190
564 4 -99 32 223 -92
564 5 -29 191 330 -291
564 6 -246 226 20 -173
564 7 -187 127 23 330
564 8 191 -154 46 73
564 9 117 300 290 -117
564 10 -89 191 -269 42
564 11 -9 105 -95 90
564 12 -149 25 -29 194
564 13 -176 78 67 -174
564 14 -152 -73 10 7
564 15 -174 516 -88 161
565 0 139 -65 67 -260
565 1 -269 -238 -269 -89
565 2 69 -172 33 379
565 3 451 112 350 -355
565 4 16 328 -285 -657
565 5 -193 -249 94 -498
565 6 -65 147 475 141
565 7 50 -143 400 326
565 8 296 -441 -187 207
565 9 31 -104 -21 -221
565 10 449 -547 214 255
565 11 366 -155 308 -149
565 12 -268 -145 -82 -35
565 13 34 103 358 3
565 14 -1038 199 -529 283
565 15 205 334 -379 407
566 0 -179 177 335 -189
566 1 566 49 -206 -394
566 2 200 -364 -154 4
566 3 -235 248 95 695
566 4 192 -61 180 -322
566 5 297 -179 -369 -253
566 6 157 -374 126 121
566 7 153 -271 -265 -56
566 8 51 -373 -383 51
566 9 69 176 -217 -31
566 10 215 -302 -210 -74
566 11 66 398 144 416
566 12 6 375 115 -98
566 13 301 -88 114 254
566 14 -383 -241 -134 240
566 15 -133 79 110 339
567 0 -92 -116 13 -192
567 1 63 -30 -154 -61
567 2 -34 -122 1 19
567 3 136 -54 98 -164
567 4 282 -615 120 466
567 5 -117 -22 -213 25
567 6 -65 87 33 -113
567 7 275 224 -22 40
567 8 30 129 22 -507
567 9 -74 264 -263 -14
567 10 -367 17 -242 -234
567 11 -162 -36 -463 -33
567 12 -261 208 -71 93
567 13 113 -440 213 153
567 14 227 -89 340 180
567 15 101 -168 220 -130
568 0 191 54 532 -231
568 1 -129 -18 767 -107
568 2 4 -71 440 -44
568 3 -139 67 306 -101
568 4 773 -234 -576 301
568 5 27 109 -87 94
568 6 175 119 -145 211
568 7 -40 2 -32 358
568 8 414 188 68 140
568 9 -171 -64 -134 -152
568 10 360 -269 -131 -88
568 11 161 -533 225 -138
568 12 669 -489 -11 -140
568 13 -18 -16 57 157
568 14 16 27 -59 -84
568 15 -159 206 -466 36
569 0 -30 -346 323 143
569 1 475 30 -73 -192
569 2 90 -348 27 195
569 3 20 73 -166 -127
569 4 308 227 -51 -336
569 5 -170 -13 -682 -423
569 6 -32 -290 -523 -154
569 7 380 183 20 -61
569 8 -531 -129 -48 -151
569 9 -21 331 -242 208
569 10 377 175 337 -83
569 11 -74 -34 410 -133
569 12 367 269 19 -264
569 13 -210 182 -52 182
569 14 -45 346 139 -74
569 15 393 -79 435 -123
570 0 -223 -115 -174 -304
570 1 -112 292 -11 280
570 2 344 -117 187 433
570 3 245 -215 -219 -354
570 4 -351 0 -183 -79
570 5 41 -103 14 -159
570 6 -413 -262 609 -369
570 7 27 -311 43 54
570 8 358 -132 33 306
570 9 -511 -72 -148 266
570 10 -458 -345 -541 -276
570 11 457 -327 -233 71
570 12 1 305 -286 -317
570 13 -366 -295 -650 -249
570 14 376 623 415 -97
570 15 -104 -137 243 327
571 0 5 427 -362 -282
571 1 -43 -334 107 240
571 2 -292 -238 -24 318
571 3 -210 -12 -250 703
571 4 123 127 -23 -350
571 5 137 438 -263 236
571 6 -93 -247 -282 369
571 7 -55 -41 336 135
571 8 -385 260 -56 -203
571 9 430 -236 -97 493
571 10 610 -463 186 -136
571 11 -395 -205 316 -383
571 12 -271 167 378 423
571 13 -606 -163 228 8
571 14 -206 -114 323 47
571 15 -193 -489 -500 81
572 0 -14 -74 24 216
572 1 227 -220 -164 97
572 2 -114 310 357 -330
572 3 -642 -282 -82 -104
572 4 156 164 -190 80
572 5 -352 69 121 63
572 6 26 344 -585 -300
572 7 -158 303 382 9
572 8 -54 -59 147 261
572 9 316 164 281 -480
572 10 -310 130 -212 207
572 11 494 -443 135 -113
572 12 48 -149 153 -232
572 13 225 546 -145 265
572 14 -16 -38 -256 549
572 15 269 103 -25 -491
573 0 69 178 34 122
573 1 283 331 195 -14
573 2 13 189 -370 212
573 3 -477 131 -30 323
573 4 -86 593 23 85
573 5 -237 -397 -179 -93
573 6 241 -354 -66 -236
573 7 124 164 134 170
573 8 -197 108 161 687
573 9 -84 -224 278 -81
573 10 273 -514 326 -354
573 11 279 -99 328 -51
573 12 45 -235 198 -582
573 13 -10 88 -304 130
573 14 103 252 -205 132
573 15 -198 281 -251 256
574 0 94 -209 342 -526
574 1 -101 52 307 57
574 2 -354 -413 197 -114
574 3 182 -728 -40 445
574 4 -20 -265 -202 298
574 5 135 129 353 191
574 6 -14 -169 11 -574
574 7 -90 -13 232 215
574 8 509 208 -462 50
574 9 522 -181 -15 158
574 10 176 -32 -23 -369
574 11 -85 -271 -315 -10
574 12 227 132 -237 455
574 13 40 -344 38 -212
574 14 685 -185 325 -532
574 15 -529 193 -144 -377
575 0 96 88 -199 307
575 1 79 221 -165 -9
575 2 278 336 -145 73
575 3 236 12 -413 -225
575 4 -290 80 308 -622
575 5 -288 326 153 70
575 6 -209 329 85 145
575 7 114 -233 65 -178
575 8 -250 -306 261 45
575 9 -67 -224 279 -26
575 10 79 44 35 -140
575 11 -22 433 -438 328
575 12 -476 287 216 296
575 13 -56 263 210 119
575 14 47 -258 -23 -28
575 15 -64 -162 150 192
576 0 201 -31 473 62
576 1 313 71 -298 57
576 2 -404 -227 572 125
576 3 454 -275 -119 -90
576 4 -16 -4 461 256
576 5 44 -97 8 504
576 6 247 70 423 -556
576 7 262 -24 183 3
576 8 652 213 -371 -536
576 9 326 633 14 168
576 10 -392 202 13 9
576 11 249 67 -91 -76
576 12 -207 -22 -203 -2
576 13 -126 90 -178 149
576 14 271 41 -124 34
576 15 22 -453 35 -237
577 0 387 -282 76 341
577 1 -179 33 698 -255
577 2 378 -316 159 366
577 3 -137 8 149 -142
577 4 349 75 200 -502
577 5 -83 250 -531 -400
577 6 184 68 -294 17
577 7 34 18 -60 30
577 8 -187 11 -272 -607
577 9 -4 416 14 39
577 10 330 259 -48 234
577 11 -221 493 446 224
577 12 535 507 362 225
577 13 -863 -91 212 -420
577 14 -426 -147 207 -153
577 15 210 68 224 -133
578 0 -68 -77 -137 -51
578 1 401 532 -233 -340
578 2 -183 -197 389 -203
578 3 -348 -458 -40 487
578 4 -188 -104 63 348
578 5 92 -118 -252 -20
578 6 -367 119 -96 -314
578 7 -228 172 16 219
578 8 -76 142 158 116
578 9 201 218 289 -27
578 10 -388 -195 -164 -28
578 11 -42 142 -313 217
578 12 312 -66 264 67
578 13 93 87 -338 -107
578 14 219 -401 -157 -260
578 15 24 5 275 -420
579 0 87 282 -40 49
579 1 -19 -44 -69 265
579 2 -277 369 385 371
579 3 239 7 -115 58
579 4 35 222 455 -96
579 5 180 -59 37 13
579 6 43 -667 -67 -164
579 7 164 -518 -488 -94
579 8 -36 -79 -300 56
579 9 -61 470 -26 541
579 10 2 97 -96 -59
579 11 -4 -55 443 -137
579 12 77 321 -103 -92
579 13 -384 -83 208 -80
579 14 -144 88 65 63
579 15 -55 -150 51 426
580 0 -482 -103 -329 -60
580 1 429 -86 -460 23
580 2 279 87 -539 -479
580 3 87 197 276 -208
580 4 -267 30 75 -157
580 5 123 -242 -146 -317
580 6 -352 566 156 280
580 7 -30 -96 -218 1
580 8 -109 -354 420 -208
580 9 -436 -194 -36 -99
580 10 -164 234 -227 32
580 11 -259 422 -206 600
580 12 -192 -296 -215 107
580 13 288 -376 -84 183
580 14 -287 -235 -512 -236
580 15 62 211 110 119
581 0 258 133 167 -29
581 1 -128 -607 258 -74
581 2 221 117 392 117
581 3 6 -195 95 282
581 4 65 92 -147 -232
581 5 220 243 602 -14
581 6 -301 -467 -133 495
581 7 -60 203 117 -20
581 8 419 132 -149 -152
581 9 -116 167 184 487
581 10 110 -132 -59 34
581 11 -64 -24 12 -261
581 12 172 -58 -201 -275
581 13 99 539 -141 9
581 14 -91 -18 -101 297
581 15 -137 -235 129 -141
582 0 -485 -81 -263 -219
582 1 -360 242 -147 88
582 2 182 -238 54 -176
582 3 -191 -221 -481 64
582 4 -277 -377 -315 96
582 5 79 15 -297 127
582 6 183 190 262 8
582 7 27 -380 -91 -178
582 8 -153 -12 -451 137
582 9 237 -86 91 -272
582 10 -370 -163 -180 157
582 11 89 -4 -399 265
582 12 80 229 9 -103
582 13 169 57 -39 -338
582 14 22 193 336 27
582 15 -280 -235 -33 -15
583 0 -42 -73 -375 -380
583 1 -173 51 -336 -19
583 2 -262 104 145 375
583 3 462 -22 144 122
583 4 -250 406 -52 -248
583 5 -209 -204 318 -60
583 6 -267 -593 -87 -266
583 7 -491 256 -175 310
583 8 -166 -8 354 265
583 9 136 -193 -129 172
583 10 -61 -287 504 287
583 11 76 -395 27 -504
583 12 36 -226 -32 -135
583 13 -44 -14 -132 -326
583 14 -408 -118 -198 91
583 15 168 -199 -147 17
584 0 -197 139 -70 122
584 1 96 185 -41 86
584 2 279 -114 -643 123
584 3 109 379 147 -322
584 4 -544 -88 135 148
584 5 34 -99 -143 9
584 6 325 465 228 -318
584 7 -286 469 -279 354
584 8 -135 -36 466 -243
584 9 -225 3 -429 22
584 10 -146 338 -271 606
584 11 367 25 84 603
584 12 270 -3 343 23
584 13 -377 -842 -236 -209
584 14 -71 -282 150 -130
584 15 226 -47 -234 -325
585 0 -114 -374 -57 158
585 1 146 127 -214 -369
585 2 -233 440 -376 -690
585 3 -2 201 307 -327
585 4 -134 -438 188 35
585 5 -34 -289 219 -54
585 6 -151 272 33 -86
585 7 -363 170 -244 221
585 8 44 -181 -16 251
585 9 83 23 -61 -245
585 10 210 272 -137 -67
585 11 84 352 -149 -132
585 12 -133 -234 151 159
585 13 326 -16 201 44
585 14 -26 -177 -415 -171
585 15 76 489 108 -229
586 0 -12 163 54 248
586 1 292 103 -323 52
586 2 33 -57 -188 -327
586 3 65 -475 130 484
586 4 -63 -53 -10 -234
586 5 -215 230 79 -106
586 6 -454 98 -258 180
586 7 -4 35 118 117
586 8 -185 45 -103 207
586 9 427 -395 106 -107
586 10 179 233 365 -433
586 11 -361 635 -555 450
586 12 -64 304 -143 587
586 13 686 -59 265 -121
586 14 31 -129 -31 -110
586 15 -133 319 439 -238
587 0 -323 215 4 -177
587 1 -49 -13 -310 158
587 2 -15 34 -113 188
587 3 56 -314 12 -112
587 4 -68 129 -417 -154
587 5 93 37 76 -80
587 6 -30 143 -152 -12
587 7 -81 37 -130 -25
587 8 -191 -321 49 296
587 9 -88 -429 28 -2
587 10 11 -111 -57 122
587 11 439 58 -61 365
587 12 177 36 308 246
587 13 59 -54 -204 -86
587 14 -170 -160 -222 123
587 15 201 10 -108 5
588 0 -468 259 -132 199
588 1 -311 90 49 -81
588 2 94 -61 -406 214
588 3 218 453 434 -201
588 4 250 -93 -69 123
588 5 181 90 -158 -56
588 6 -231 124 29 510
588 7 94 156 -286 -155
588 8 201 20 119 -175
588 9 -364 -398 -341 68
588 10 -6 129 -122 -3
588 11 -320 422 -369 63
588 12 -35 -52 -176 465
588 13 -100 -342 -261 -5
588 14 32 -85 -8 -209
588 15 243 91 -184 270
589 0 71 1 136 153
589 1 -248 -91 177 -163
589 2 -103 41 49 463
589 3 31 485 21 -192
589 4 -90 -172 -64 -46
589 5 -26 84 -329 123
589 6 147 -212 400 372
589 7 57 -34 -23 -29
589 8 113 341 -132 186
589 9 -237 305 -317 339
589 10 357 -566 -115 -55
589 11 249 103 254 -430
589 12 291 93 207 -471
589 13 -183 46 153 -286
589 14 -159 456 1 165
589 15 277 -265 -138 -131
590 0 48 127 -105 232
590 1 -203 29 421 -159
590 2 -114 -3 -82 181
590 3 53 -19 -359 -29
590 4 -10 76 -162 131
590 5 -194 296 -66 235
590 6 -146 -92 7 107
590 7 -350 -95 111 -129
590 8 -163 159 294 317
590 9 -209 115 36 310
590 10 298 -209 17 -223
590 11 -261 125 74 -423
590 12 3 -136 -190 340
590 13 -130 228 -13 -99
590 14 718 227 -120 -152
590 15 243 103 319 -137
591 0 -219 -80 37 48
591 1 -214 295 298 45
591 2 -195 -292 53 203
591 3 -195 -107 254 104
591 4 -96 242 -130 385
591 5 157 -171 -62 -220
591 6 -114 -111 184 148
591 7 343 416 121 -518
591 8 598 179 -217 92
591 9 -462 -417 -181 284
591 10 -58 -63 309 -234
591 11 -289 229 -549 56
591 12 361 61 -60 -209
591 13 160 95 -783 33
591 14 397 253 -60 -335
591 15 -21 -334 -96 -208
592 0 -433 -539 17 -45
592 1 132 38 -561 259
592 2 192 -348 -241 -22
592 3 474 -215 -193 -676
592 4 -183 -113 -77 -113
592 5 -24 42 -54 -429
592 6 -249 346 220 77
592 7 306 -140 -224 -44
592 8 -123 44 -24 -498
592 9 -490 5 -467 -265
592 10 40 740 44 -293
592 11 153 168 -101 418
592 12 -238 125 -346 154
592 13 306 -436 -124 27
592 14 -93 175 11 -355
592 15 301 -67 386 -357
593 0 -176 375 -302 359
593 1 114 132 173 -366
593 2 -227 -149 -34 364
593 3 -500 454 -21 305
593 4 164 -417 -18 5
593 5 -160 -14 -205 347
593 6 -23 -401 -343 346
593 7 -122 -172 225 -183
593 8 -86 216 -396 557
593 9 -179 -217 -333 -238
593 10 96 -240 -339 -27
593 11 -42 89 68 -386
593 12 -86 491 370 -133
593 13 -308 813 -36 273
593 14 82 115 19 -107
593 15 249 368 463 373
594 0 9 320 -19 15
594 1 -26 33 -224 43
594 2 116 -170 -150 707
594 3 218 447 126 412
594 4 56 376 238 -238
594 5 -79 -285 -314 -128
594 6 -194 -188 33 10
594 7 336 217 -57 2
594 8 -190 93 174 -145
594 9 180 2 123 170
594 10 -35 -386 157 242
594 11 -95 -55 -272 -237
594 12 -140 390 84 -125
594 13 -165 -53 57 284
594 14 -103 -315 249 87
594 15 42 -360 -180 176
595 0 -700 71 -51 -99
595 1 358 116 -515 215
595 2 40 -106 -212 -129
595 3 129 -181 -84 281
595 4 -308 424 -315 -260
595 5 418 69 -395 -192
595 6 118 373 304 -249
595 7 173 -309 -62 -89
595 8 37 -330 -110 -14
595 9 59 -145 3 213
595 10 -118 -387 -260 -115
595 11 79 213 -53 734
595 12 111 105 -107 30
595 13 40 -480 -125 -245
595 14 -310 86 -312 -141
595 15 -327 91 -513 335
596 0 149 123 243 118
596 1 26 -232 305 244
596 2 208 74 94 -113
596 3 107 -279 166 9
596 4 -165 -174 -307 -30
596 5 119 -281 102 490
596 6 154 530 355 131
596 7 -168 -361 -135 220
596 8 264 414 -322 -15
596 9 -98 10 566 -94
596 10 -118 -54 -328 109
596 11 333 434 -105 433
596 12 561 -102 90 -298
596 13 14 306 71 -194
596 14 45 -83 -407 -325
596 15 -456 154 201 -202
597 0 306 -194 355 -68
597 1 289 -407 453 -30
597 2 152 262 497 -408
597 3 345 -191 -35 106
597 4 147 186 -446 -312
597 5 237 376 478 -196
597 6 -188 41 26 128
597 7 -554 -24 170 78
597 8 445 -155 457 -59
597 9 -332 220 -188 515
597 10 378 -242 -137 -6
597 11 -352 -413 147 -263
597 12 375 -235 -306 -147
597 13 223 307 180 -54
597 14 4 143 -544 -99
597 15 -50 59 109 31
598 0 117 -35 -6 -21
598 1 -147 15 -127 -59
598 2 -15 20 -224 76
598 3 15 181 10 -239
598 4 -4 -18 214 196
598 5 16 -259 276 -77
598 6 366 -339 38 -95
598 7 314 33 45 -323
598 8 -2 -235 -247 3
598 9 -147 -120 -64 -239
598 10 -212 226 234 61
598 11 46 -85 128 -78
598 12 -456 47 -54 -207
598 13 84 170 -30 204
598 14 -56 178 152 203
598 15 62 144 115 451
599 0 -205 378 -351 116
599 1 38 288 -77 157
599 2 318 -272 -128 143
599 3 -499 -215 -669 343
599 4 -106 153 -550 142
599 5 -243 -80 -24 -270
599 6 317 233 200 -212
599 7 -291 213 206 76
599 8 -490 -129 187 291
599 9 -302 22 -100 -527
599 10 -137 -324 21 183
599 11 401 -511 -33 242
599 12 -422 360 380 -282
599 13 433 271 -90 385
599 14 -129 151 35 652
599 15 -84 -68 166 66
600 0 -217 354 -205 -231
600 1 658 -292 -135 150
600 2 -17 22 178 -190
600 3 538 -281 -667 42
600 4 -460 -204 -134 -197
600 5 -122 97 261 489
600 6 152 -59 294 -44
600 7 -360 -220 -58 455
600 8 -15 -115 71 -188
600 9 -422 444 -356 635
600 10 151 -44 36 51
600 11 -8 -280 103 292
600 12 -136 -262 -190 -392
600 13 49 216 172 326
600 14 -137 147 -490 115
600 15 -472 -443 248 95
601 0 -34 319 -344 633
601 1 -370 -63 268 52
601 2 -316 -103 -20 301
601 3 41 366 453 175
601 4 107 180 -173 160
601 5 67 -278 71 16
601 6 61 -186 283 130
601 7 -266 133 -225 -336
601 8 193 248 -386 50
601 9 -479 98 -258 92
601 10 -130 127 125 172
601 11 -234 369 53 -258
601 12 93 416 -86 -133
601 13 46 353 -57 60
601 14 -125 370 -199 -12
601 15 -25 187 348 169
602 0 -398 -91 -469 -189
602 1 -420 -20 -447 -28
602 2 -190 213 -294 153
602 3 228 443 -191 121
602 4 187 245 59 -210
602 5 362 -381 283 -139
602 6 -11 -285 4 15
602 7 84 -4 -823 -349
602 8 -540 -220 -94 -303
602 9 -82 -51 212 -121
602 10 -17 124 222 173
602 11 45 -104 -80 -457
602 12 -648 126 179 -6
602 13 87 190 87 536
602 14 -211 -541 100 76
602 15 -346 -392 -342 354
603 0 -301 -301 -242 302
603 1 -176 -401 42 423
603 2 98 248 -253 -521
603 3 -369 -96 56 -79
603 4 -123 19 -33 135
603 5 22 -271 124 -366
603 6 290 217 -575 -88
603 7 428 347 94 -209
603 8 -91 102 -628 -379
603 9 216 29 123 -159
603 10 -131 701 116 287
603 11 -395 -236 -112 88
603 12 119 308 -159 -515
603 13 97 214 172 98
603 14 -258 159 199 -65
603 15 -390 173 -132 -166
604 0 -99 136 22 89
604 1 0 -27 4 61
604 2 -56 270 268 205
604 3 244 -202 -164 139
604 4 40 302 98 110
604 5 18 60 72 -190
604 6 131 -273 -295 -56
604 7 134 -412 -381 -290
604 8 -89 -101 7 28
604 9 -233 321 86 212
604 10 -116 57 -15 30
604 11 -370 16 55 203
604 12 278 158 -344 -41
604 13 169 106 369 -125
604 14 -36 -246 -357 -96
604 15 77 194 177 259
605 0 -226 96 -22 -41
605 1 222 275 18 -26
605 2 59 -197 -268 224
605 3 26 -391 -91 -116
605 4 148 25 -263 333
605 5 140 -383 -386 -357
605 6 273 332 -2 -95
605 7 438 411 -24 156
605 8 -292 -55 -91 -430
605 9 -532 13 120 171
605 10 162 -202 211 -171
605 11 -68 191 -128 438
605 12 8 -22 504 -111
605 13 -209 -97 -155 300
605 14 -139 -107 -323 -101
605 15 -95 -49 -6 200
606 0 315 138 -500 119
606 1 -336 -258 590 282
606 2 -459 87 82 99
606 3 -209 -220 125 133
606 4 -411 183 111 -315
606 5 -404 -150 556 -91
606 6 -704 13 163 -379
606 7 -366 99 -65 -78
606 8 217 -252 -187 562
606 9 -243 107 246 558
606 10 375 284 -125 -123
606 11 69 56 -219 -20
606 12 177 565 -17 277
606 13 -71 97 74 554
606 14 672 -212 144 -266
606 15 -617 -55 277 -765
607 0 88 35 43 219
607 1 -149 -552 -224 365
607 2 -159 -112 -537 379
607 3 169 51 539 -348
607 4 125 62 -323 198
607 5 -71 51 111 21
607 6 -463 -64 -279 -72
607 7 126 641 384 164
607 8 -229 430 193 -72
607 9 21 -299 -113 186
607 10 6 230 -32 -297
607 11 268 -119 236 -499
607 12 -161 91 -179 257
607 13 -261 -420 -230 -15
607 14 436 500 524 1
607 15 432 357 230 -354
608 0 340 -196 121 225
608 1 -379 204 294 -750
608 2 -61 -52 157 474
608 3 498 284 158 -371
608 4 340 -445 11 -136
608 5 -35 265 -92 103
608 6 158 -124 209 43
608 7 412 200 -82 132
608 8 51 59 -374 -448
608 9 -81 371 82 242
608 10 215 -366 58 -218
608 11 21 396 -88 -170
608 12 3 164 279 -23
608 13 -523 135 494 -94
608 14 -211 -86 284 -75
608 15 -258 97 -161 272
609 0 -169 543 -44 94
609 1 -301 73 -77 151
609 2 -193 -167 108 269
609 3 276 174 117 -88
609 4 -243 62 305 -30
609 5 -198 -134 62 220
609 6 -164 -313 -141 41
609 7 30 51 -179 -136
609 8 245 -281 -268 342
609 9 238 -157 -243 318
609 10 -123 543 341 640
609 11 -128 53 -287 39
609 12 272 104 -319 298
609 13 -62 152 -312 128
609 14 135 1 179 -58
609 15 213 -324 79 -61
610 0 -243 282 -206 93
610 1 -60 -6 -208 326
610 2 7 -154 -7 -15
610 3 119 -115 -94 243
610 4 -432 38 -345 289
610 5 -233 -45 -236 -156
610 6 -238 -58 -117 -161
610 7 77 -230 246 348
610 8 -239 203 -55 559
610 9 303 105 -57 133
610 10 -136 -106 6 138
610 11 -314 -549 10 80
610 12 401 127 -702 -223
610 13 251 -198 371 -285
610 14 55 509 301 -286
610 15 -136 575 115 37
611 0 -171 103 306 165
611 1 -4 -125 188 42
611 2 564 253 -276 -183
611 3 -440 94 -445 -215
611 4 296 95 221 -507
611 5 -55 -49 -304 -352
611 6 -105 -161 -239 123
611 7 369 -240 -366 -30
611 8 -284 -581 -365 252
611 9 188 394 358 121
611 10 520 311 -231 -144
611 11 374 222 250 93
611 12 -65 194 -99 66
611 13 -42 73 -82 452
611 14 237 203 319 515
611 15 -153 -121 73 10
612 0 228 -381 495 -265
612 1 327 -207 -489 282
612 2 -604 -338 50 99
612 3 241 -152 11 105
612 4 -5 -55 193 413
612 5 24 -46 -92 221
612 6 535 57 -98 -336
612 7 561 -23 440 -381
612 8 29 452 -205 -438
612 9 376 -82 -290 -231
612 10 -97 124 355 -184
612 11 -127 -281 74 -157
612 12 -182 207 12 -110
612 13 264 -172 413 7
612 14 114 -31 87 -274
612 15 303 -128 -54 -281
613 0 341 -277 161 136
613 1 27 37 -39 101
613 2 -373 23 141 -241
613 3 -305 53 144 -93
613 4 237 293 23 178
613 5 -77 -32 -66 190
613 6 160 457 325 -520
613 7 -142 -167 57 -217
613 8 33 46 206 86
613 9 195 210 322 -530
613 10 -260 51 -142 -228
613 11 505 -10 370 -90
613 12 -202 -156 8 154
613 13 203 -181 44 155
613 14 313 41 -38 155
613 15 -6 163 -155 -351
614 0 529 -114 143 -56
614 1 -131 89 -101 -99
614 2 -347 -188 408 51
614 3 394 -460 245 -25
614 4 162 286 121 19
614 5 -485 48 193 -115
614 6 137 32 197 -821
614 7 175 -112 -43 -329
614 8 54 -572 -83 0
614 9 232 296 308 -156
614 10 -485 178 453 -110
614 11 2 239 -193 515
614 12 -47 273 -413 398
614 13 554 -226 566 78
614 14 85 -201 49 304
614 15 -250 215 259 -115
615 0 229 78 -161 92
615 1 419 53 -378 -288
615 2 -604 -374 220 189
615 3 -287 -30 144 296
615 4 -101 -106 382 493
615 5 -315 133 -375 322
615 6 131 -146 -196 -127
615 7 383 212 485 -144
615 8 -167 340 -17 -173
615 9 185 257 -94 -22
615 10 -389 -107 283 -203
615 11 -232 155 136 102
615 12 -135 -21 81 -115
615 13 35 13 169 80
615 14 -39 -54 53 94
615 15 247 -32 178 -288
616 0 180 58 241 -594
616 1 -217 -101 -70 -19
616 2 118 -299 383 687
616 3 563 261 232 368
616 4 109 270 -49 -377
616 5 191 28 176 -205
616 6 -384 -754 238 -22
616 7 58 -314 -100 -169
616 8 347 -221 161 193
616 9 24 -183 -220 326
616 10 -144 -541 -68 137
616 11 -40 -470 -113 -334
616 12 152 339 -426 -64
616 13 -5 -167 3 -114
616 14 -33 -73 392 -53
616 15 50 -202 -68 464
617 0 -500 215 97 111
617 1 -211 -572 -299 401
617 2 113 -39 -42 78
617 3 261 667 -34 -78
617 4 128 111 -206 -200
617 5 -139 213 -80 264
617 6 119 532 -190 568
617 7 117 -179 192 -142
617 8 221 288 136 -248
617 9 335 -170 -359 -425
617 10 5 151 -130 686
617 11 -163 -573 -161 -337
617 12 -123 -99 -511 -61
617 13 256 232 343 243
617 14 -362 -131 -141 40
617 15 337 -197 -625 -46
618 0 -234 -106 278 -482
618 1 158 186 190 256
618 2 -100 226 -117 -441
618 3 -321 -112 1 319
618 4 167 196 226 -60
618 5 137 -73 -302 72
618 6 218 -50 -60 -223
618 7 -173 -333 -592 119
618 8 49 -113 46 230
618 9 433 -164 46 -11
618 10 334 11 17 -278
618 11 154 102 124 270
618 12 373 -323 62 255
618 13 122 -805 -118 -224
618 14 132 -290 -78 -1
618 15 -331 -277 -669 -231
619 0 309 -99 252 -64
619 1 122 -97 -502 92
619 2 -127 -246 -219 102
619 3 -38 45 385 0
619 4 -113 21 -29 176
619 5 433 -113 99 55
619 6 -57 193 334 -100
619 7 173 -1 173 -528
619 8 -61 -32 155 -35
619 9 -92 -379 160 -224
619 10 -511 -9 -214 -91
619 11 374 299 45 178
619 12 -216 244 262 162
619 13 189 -171 -234 -5
619 14 280 -10 227 -86
619 15 347 105 338 -38
620 0 -207 131 -275 -304
620 1 -172 -143 -43 -406
620 2 -21 -167 56 143
620 3 271 12 -410 -357
620 4 -101 -160 156 -369
620 5 -857 461 208 490
620 6 -19 -101 -210 326
620 7 294 -238 381 -8
620 8 139 -373 -96 153
620 9 183 -221 16 -175
620 10 138 16 440 -24
620 11 -142 1 -344 150
620 12 -502 -522 -552 241
620 13 116 471 254 366
620 14 -61 -242 -155 226
620 15 -153 -137 -256 70
621 0 93 464 -401 -175
621 1 308 -390 -46 -58
621 2 -181 -57 233 223
621 3 -95 136 -358 620
621 4 8 -62 66 -259
621 5 -4 116 23 558
621 6 -181 -354 -126 118
621 7 -509 -544 -313 167
621 8 -552 134 179 58
621 9 -31 438 164 210
621 10 14 -216 -359 111
621 11 76 -138 519 -176
621 12 -118 77 100 16
621 13 -229 310 375 332
621 14 28 -447 -50 94
621 15 -223 -161 358 13
622 0 186 396 300 490
622 1 319 481 13 -217
622 2 -119 590 662 -302
622 3 186 280 -173 -57
622 4 124 -154 572 55
622 5 109 232 180 388
622 6 -109 -137 357 -203
622 7 -531 -5 -576 379
622 8 482 -127 310 101
622 9 80 848 -254 372
622 10 -102 213 -321 113
622 11 349 37 12 -177
622 12 11 -198 22 117
622 13 26 -17 -183 130
622 14 156 -33 -134 429
622 15 40 -438 -45 -44
623 0 -76 98 -778 37
623 1 335 121 -140 426
623 2 -378 328 33 311
623 3 -105 116 226 35
623 4 -184 283 232 -172
623 5 -28 -465 -8 127
623 6 -314 81 21 -74
623 7 -32 -98 -200 -248
623 8 -229 125 268 -27
623 9 -740 -415 97 123
623 10 -350 -67 -87 -182
623 11 -39 117 -149 73
623 12 -168 305 587 -357
623 13 -480 178 -305 377
623 14 -136 -225 -293 -371
623 15 -186 -329 185 307
624 0 -232 -348 -673 -462
624 1 -77 -131 101 -143
624 2 -257 234 -159 -50
624 3 -117 155 50 66
624 4 -136 -220 131 -423
624 5 -237 -201 270 -74
624 6 -295 -85 -246 -220
624 7 -290 145 -85 285
624 8 -71 -162 -49 41
624 9 58 -182 -63 8
624 10 308 -177 -213 11
624 11 -34 -370 -200 -349
624 12 -239 142 348 -66
624 13 -400 -12 249 285
624 14 -217 -591 -7 -210
624 15 -448 -38 -390 -93
625 0 -505 -362 73 -641
625 1 119 -324 -299 55
625 2 -91 208 -323 -140
625 3 239 -79 -75 270
625 4 44 -288 -56 -291
625 5 121 -50 135 238
625 6 -29 -640 -451 -208
625 7 4 -150 -222 127
625 8 -102 68 -371 79
625 9 591 -364 -128 135
625 10 164 -189 -133 -323
625 11 34 -224 -189 -424
625 12 -58 127 -147 -83
625 13 -48 -205 132 -268
625 14 130 -93 249 -104
625 15 -313 6 -224 127
626 0 -216 196 -82 283
626 1 -145 88 471 -49
626 2 137 551 34 -258
626 3 -286 -126 106 -139
626 4 203 -181 103 111
626 5 -261 148 132 305
626 6 -4 -82 -449 -143
626 7 -405 117 -389 460
626 8 180 90 -63 235
626 9 222 156 148 -41
626 10 -63 302 -346 -18
626 11 220 152 -50 89
626 12 363 -267 -86 168
626 13 -249 -132 -185 -271
626 14 178 -137 -42 233
626 15 -200 261 -171 -186
627 0 -353 189 -98 48
627 1 -316 187 -292 -52
627 2 -292 -155 81 157
627 3 150 -610 -97 -35
627 4 69 -76 -280 240
627 5 -14 -13 85 -307
627 6 -281 30 -130 -84
627 7 484 442 273 87
627 8 126 -161 -579 25
627 9 199 -64 138 254
627 10 140 -76 290 -234
627 11 -104 46 -575 -11
627 12 -247 167 -40 388
627 13 135 169 -93 230
627 14 60 77 42 68
627 15 -144 45 -146 -21
628 0 485 157 -78 -238
628 1 559 17 -21 -153
628 2 -222 -154 65 -140
628 3 -251 -508 52 -31
628 4 56 -136 -16 217
628 5 225 87 281 -153
628 6 -248 104 127 -19
628 7 228 421 509 294
628 8 -25 -267 204 -241
628 9 -522 -51 123 382
628 10 221 -141 75 -620
628 11 117 -21 284 349
628 12 -497 -314 509 169
628 13 -208 -124 -245 626
628 14 35 -27 -45 71
628 15 -260 11 112 109
629 0 -503 126 -178 -401
629 1 -8 -244 306 -58
629 2 89 66 168 -219
629 3 -191 -446 -155 257
629 4 308 -10 -457 -114
629 5 498 -65 128 189
629 6 204 -235 -366 213
629 7 -188 -167 -535 30
629 8 -40 -176 -464 -231
629 9 -219 -84 321 263
629 10 54 -28 -128 63
629 11 19 139 156 276
629 12 378 -360 169 -105
629 13 -277 374 -380 44
629 14 -229 -298 -411 12
629 15 -600 -190 -192 279
630 0 120 210 49 30
630 1 -68 -168 -175 144
630 2 32 313 3 -26
630 3 17 211 35 248
630 4 -190 -54 452 197
630 5 -13 -208 -11 -201
630 6 -272 -168 -130 -24
630 7 -151 -288 -88 205
630 8 -52 79 178 305
630 9 437 466 65 91
630 10 -21 -6 -382 349
630 11 -281 -324 92 -390
630 12 35 164 -364 110
630 13 144 -236 528 -152
630 14 98 -185 77 -3
630 15 366 320 149 -51
631 0 318 -194 28 -288
631 1 -49 53 -140 -84
631 2 64 41 104 -170
631 3 397 -54 -204 4
631 4 -117 -330 102 138
631 5 31 -428 394 -279
631 6 127 157 644 125
631 7 -206 -121 -197 47
631 8 48 -57 97 -243
631 9 -355 313 -94 -239
631 10 86 -119 199 149
631 11 -174 -128 -309 -150
631 12 -461 46 111 -197
631 13 716 167 579 259
631 14 -289 -284 -394 103
631 15 -21 -209 348 39
632 0 -125 247 -251 206
632 1 -191 288 -460 -273
632 2 -212 -2 198 -185
632 3 28 -24 -627 86
632 4 -299 55 92 52
632 5 142 557 195 210
632 6 -75 -97 101 30
632 7 -34 285 51 109
632 8 -225 -129 59 -55
632 9 461 319 50 271
632 10 11 86 351 119
632 11 79 -139 33 -152
632 12 -491 -339 -15 308
632 13 68 142 -161 60
632 14 -4 46 317 357
632 15 -133 -467 -437 -159
633 0 100 -220 57 181
633 1 -103 665 95 -532
633 2 -160 353 310 241
633 3 -274 77 -65 87
633 4 357 92 51 -346
633 5 68 379 -150 -237
633 6 -261 -278 -90 164
633 7 199 -271 23 25
633 8 16 13 -85 532
633 9 108 -176 215 -143
633 10 500 -708 -119 -747
633 11 211 211 68 -307
633 12 -74 95 471 140
633 13 -264 222 66 -234
633 14 -171 -45 -18 -124
633 15 -19 321 -432 413
634 0 227 -79 -154 507
634 1 253 -28 140 -89
634 2 -267 469 -140 22
634 3 381 195 -150 126
634 4 -1 -119 202 -658
634 5 -180 180 528 263
634 6 269 -339 -241 -150
634 7 -255 69 -824 -238
634 8 -545 -28 -205 -197
634 9 -374 66 -253 211
634 10 409 564 374 -231
634 11 36 545 -58 181
634 12 17 794 592 -154
634 13 113 389 628 277
634 14 -135 -422 -14 -94
634 15 -559 -223 479 -100
635 0 -52 199 104 29
635 1 -246 -155 11 -181
635 2 195 164 -256 -194
635 3 385 188 -166 -491
635 4 -111 -422 -17 -354
635 5 -381 435 333 381
635 6 24 68 -365 398
635 7 94 -28 -654 534
635 8 -452 -136 -45 41
635 9 226 -17 46 -36
635 10 525 771 371 195
635 11 344 153 82 552
635 12 309 -476 -162 247
635 13 198 -143 507 147
635 14 -208 -467 298 -41
635 15 -432 -11 -298 -440
636 0 -22 -170 15 33
636 1 72 -194 -64 4
636 2 42 -10 -344 660
636 3 -315 -226 -443 61
636 4 -133 334 410 -447
636 5 -90 67 -256 -191
636 6 308 -406 -115 50
636 7 80 -118 -183 -578
636 8 -468 -31 -211 -136
636 9 -252 207 5 160
636 10 383 -106 1 -279
636 11 312 762 355 35
636 12 -213 628 621 90
636 13 -249 50 -76 -227
636 14 6 -162 -251 441
636 15 602 -488 444 -364
637 0 -81 -53 138 177
637 1 270 172 25 423
637 2 -52 139 139 -388
637 3 64 270 307 -291
637 4 706 -165 -7 63
637 5 -365 -277 -628 164
637 6 104 11 -339 -253
637 7 -84 159 -286 266
637 8 -242 135 74 -111
637 9 293 -30 -463 -264
637 10 -195 496 383 24
637 11 -76 -256 -6 -315
637 12 229 5 -86 -156
637 13 13 -278 -61 71
637 14 -137 634 329 261
637 15 112 -251 148 112
638 0 -48 478 505 385
638 1 46 179 133 412
638 2 460 439 97 -184
638 3 266 5 -296 -60
638 4 216 -211 -222 289
638 5 340 -28 251 -154
638 6 52 107 129 86
638 7 6 68 -636 501
638 8 30 160 90 -39
638 9 -246 412 -152 189
638 10 184 349 -253 48
638 11 285 -415 -103 144
638 12 242 127 -68 -222
638 13 356 -195 87 256
638 14 141 145 252 142
638 15 -307 -78 -12 115
639 0 -8 -142 -155 17
639 1 -87 628 40 -389
639 2 170 -190 153 -15
639 3 -42 -485 -377 130
639 4 -154 -84 126 246
639 5 203 355 165 -34
639 6 -176 -397 306 -96
639 7 -274 -397 -348 263
639 8 -35 205 -35 47
639 9 -155 284 138 -144
639 10 -138 113 -146 -579
639 11 144 415 217 340
639 12 -140 -233 -246 398
639 13 -11 -331 -320 -565
639 14 253 -12 132 -200
639 15 -168 344 311 4
640 0 -307 -17 111 -85
640 1 15 251 -61 48
640 2 233 194 190 454
640 3 196 -287 -59 -294
640 4 250 -457 -104 -151
640 5 -341 -89 -427 -242
640 6 -277 212 -274 -7
640 7 368 -83 -161 414
640 8 -84 87 -167 47
640 9 -32 63 4 -39
640 10 128 -339 -427 -194
640 11 227 -11 -603 155
640 12 324 511 334 -40
640 13 -217 -109 316 -66
640 14 -163 -262 32 -62
640 15 131 0 60 -10
641 0 10 -57 -23 -435
641 1 -93 -134 -76 -306
641 2 -171 -122 660 -330
641 3 -370 -637 -187 267
641 4 129 -464 -244 308
641 5 249 357 111 -217
641 6 -91 55 -321 292
641 7 140 -107 694 -113
641 8 299 -208 -335 6
641 9 323 52 97 8
641 10 -71 -469 -249 40
641 11 -463 -376 -197 -96
641 12 -61 -71 55 210
641 13 171 444 275 -111
641 14 -238 -141 -144 123
641 15 150 145 -83 117
642 0 54 126 110 -260
642 1 -477 377 108 201
642 2 299 -245 -258 464
642 3 -377 -315 53 68
642 4 -116 341 -115 462
642 5 200 -153 -58 -478
642 6 379 160 287 55
642 7 422 -222 -133 -490
642 8 -55 -113 73 213
642 9 -412 -494 330 -470
642 10 -296 -215 11 -72
642 11 219 229 -88 815
642 12 132 122 214 126
642 13 296 -501 -212 -290
642 14 42 -292 74 11
642 15 135 159 -188 141
643 0 36 -99 -117 -45
643 1 -219 -78 -108 283
643 2 -101 158 -46 218
643 3 478 -15 52 -617
643 4 -229 28 -474 -148
643 5 11 327 176 -77
643 6 92 10 262 -99
643 7 92 -34 -323 -209
643 8 -324 -247 229 81
643 9 -653 -222 -331 372
643 10 -55 42 147 -198
643 11 356 -59 184 420
643 12 299 158 90 -185
643 13 17 -453 153 -269
643 14 -165 429 267 7
643 15 -99 -122 -21 66
644 0 183 92 154 -94
644 1 277 -269 150 -106
644 2 -16 -349 -34 38
644 3 -287 475 -112 698
644 4 15 469 242 -418
644 5 -8 218 -186 -128
644 6 258 -303 -36 351
644 7 -49 -72 64 -287
644 8 -61 -63 146 -73
644 9 119 103 -352 98
644 10 547 -105 419 178
644 11 -351 -64 458 -44
644 12 21 41 -43 -138
644 13 277 39 231 243
644 14 -337 -179 -113 194
644 15 31 -404 -260 -152
645 0 375 -46 87 -175
645 1 -42 -464 87 217
645 2 43 147 79 -396
645 3 -234 -158 -55 164
645 4 -244 372 554 -125
645 5 -254 213 396 34
645 6 103 -440 -69 -128
645 7 150 -492 182 -148
645 8 258 -231 -191 206
645 9 517 240 293 -16
645 10 -60 409 192 -147
645 11 -142 -73 476 199
645 12 -187 -284 -874 23
645 13 340 -246 277 -129
645 14 65 158 174 336
645 15 -334 199 -118 -105
646 0 -66 52 -590 -412
646 1 -231 -55 -2 342
646 2 -52 173 -277 105
646 3 -1 -375 -599 -189
646 4 -389 -209 208 444
646 5 -36 142 291 56
646 6 410 113 -185 146
646 7 1 233 257 -71
646 8 -381 160 340 -538
646 9 -296 -284 -194 102
646 10 -17 48 266 119
646 11 -486 -409 -156 -31
646 12 -630 -154 445 142
646 13 -317 -233 113 -120
646 14 -56 -319 15 45
646 15 194 -524 -205 65
647 0 -40 214 138 -372
647 1 -583 -126 693 284
647 2 483 53 -95 581
647 3 -196 -91 -73 -90
647 4 303 84 340 89
647 5 -49 -184 88 -24
647 6 95 -54 166 146
647 7 -378 -154 -567 -32
647 8 386 79 199 -207
647 9 -302 113 76 -143
647 10 41 71 -516 247
647 11 321 145 -130 -50
647 12 16 28 100 461
647 13 -290 -480 -394 -89
647 14 381 -650 -102 381
647 15 371 -534 -86 -335
648 0 -582 205 -226 558
648 1 278 436 -737 -55
648 2 -280 -430 76 398
648 3 216 275 -195 1
648 4 -266 179 140 -39
648 5 130 -95 -617 102
648 6 -136 322 90 -120
648 7 275 -178 -43 -89
648 8 -171 173 -254 -162
648 9 61 283 -157 -68
648 10 -277 220 -164 315
648 11 78 250 -4 154
648 12 -59 345 15 94
648 13 -353 261 -247 160
648 14 -149 -7 -119 -486
648 15 339 -3 103 54
649 0 273 -142 -81 -277
649 1 -245 301 151 -558
649 2 81 -764 -608 478
649 3 45 402 129 330
649 4 156 143 30 67
649 5 116 -294 -12 -121
649 6 4 -704 470 -12
649 7 -394 21 -264 24
649 8 -364 109 165 81
649 9 -243 -175 -136 -362
649 10 227 -152 384 -212
649 11 104 303 499 -387
649 12 -472 -135 -22 332
649 13 -7 -288 -289 -34
649 14 239 -23 263 -106
649 15 163 294 405 183
650 0 -120 -85 168 -314
650 1 425 -557 -83 440
650 2 493 115 -83 13
650 3 -107 -52 275 -198
650 4 205 -32 -96 -92
650 5 -18 -454 -348 200
650 6 -377 35 -414 285
650 7 358 -336 96 -95
650 8 -122 206 158 -56
650 9 -166 -327 480 -54
650 10 -504 -22 -436 -75
650 11 38 1 -88 3
650 12 316 -145 -267 -522
650 13 -200 226 -379 100
650 14 284 183 -18 -157
650 15 175 -8 554 173
651 0 -46 158 -300 222
651 1 4 6 10 221
651 2 -175 219 274 -382
651 3 251 -76 -83 -176
651 4 -124 -147 -552 145
651 5 241 259 -22 4
651 6 -176 507 24 217
651 7 -229 -222 -117 -177
651 8 -335 -120 356 86
651 9 -482 -54 -89 364
651 10 -120 42 -60 137
651 11 -460 -150 -64 222
651 12 408 -4 12 38
651 13 133 148 323 -54
651 14 -10 236 -140 -423
651 15 -76 92 236 184
652 0 -6 -214 217 422
652 1 359 -10 -486 -36
652 2 -255 287 -42 -215
652 3 447 386 -76 -18
652 4 199 193 65 -381
652 5 2 454 246 330
652 6 -55 100 -128 156
652 7 53 -89 -97 -383
652 8 -143 153 322 -172
652 9 100 -260 -195 -222
652 10 92 291 304 -363
652 11 -81 193 -126 -246
652 12 -435 23 -118 150
652 13 440 309 234 206
652 14 68 -58 -137 -157
652 15 88 -64 -15 65
653 0 -46 -32 704 55
653 1 183 123 -1 -88
653 2 -66 -125 90 -37
653 3 198 363 97 -240
653 4 226 -37 39 -416
653 5 73 114 -158 573
653 6 161 61 -188 -99
653 7 108 -321 -311 -316
653 8 183 -250 -188 277
653 9 367 -367 -42 -167
653 10 38 437 -47 232
653 11 503 252 -3 178
653 12 529 11 39 203
653 13 -121 266 -305 136
653 14 384 -129 153 -350
653 15 101 -142 -70 -76
654 0 -201 -369 173 -308
654 1 181 -477 84 54
654 2 493 527 -131 -773
654 3 -389 -671 -421 -154
654 4 -307 -459 -282 609
654 5 541 272 286 302
654 6 511 151 -371 366
654 7 77 96 248 -30
654 8 -4 404 38 -471
654 9 -57 -8 440 142
654 10 -376 -126 -403 -143
654 11 -142 -42 20 223
654 12 219 -754 51 -596
654 13 43 143 -248 -699
654 14 181 122 -246 113
654 15 -74 -34 -51 -120
655 0 -159 93 -3 -83
655 1 -312 4 -35 252
655 2 -56 -356 121 -166
655 3 -255 -186 12 132
655 4 -6 175 4 485
655 5 630 -176 -153 -330
655 6 46 -175 240 460
655 7 143 -139 -65 -233
655 8 221 167 -396 -214
655 9 -107 90 -106 135
655 10 7 296 241 106
655 11 -359 84 354 -56
655 12 40 -299 -285 110
655 13 120 -143 -493 -211
655 14 -167 440 -39 -69
655 15 206 -203 -38 49
656 0 -165 66 -323 24
656 1 -7 -222 -567 -5
656 2 -547 118 38 -98
656 3 -139 14 151 128
656 4 -204 65 -243 -323
656 5 -73 427 143 160
656 6 -621 -138 -96 -208
656 7 130 -151 179 -424
656 8 -193 -437 -77 708
656 9 297 -300 150 266
656 10 -227 -214 -226 -443
656 11 281 71 -114 38
656 12 -137 358 -178 269
656 13 253 12 109 146
656 14 316 225 418 117
656 15 -253 210 -27 -100
657 0 153 366 -40 -128
657 1 153 295 59 21
657 2 252 408 -306 -54
657 3 106 25 -233 -139
657 4 -300 62 647 16
657 5 -178 -174 281 209
657 6 364 -79 107 -149
657 7 -73 -87 8 -53
657 8 110 -503 330 159
657 9 -48 -275 105 3
657 10 -186 42 146 211
657 11 -105 136 -254 314
657 12 -481 -224 138 161
657 13 -109 -67 -130 66
657 14 128 -284 -221 254
657 15 60 -148 -32 566
658 0 75 -107 287 -177
658 1 330 69 124 136
658 2 201 83 5 -302
658 3 -703 89 -282 309
658 4 -238 323 587 -279
658 5 89 221 12 -397
658 6 439 -358 -181 -258
658 7 16 -574 161 -409
658 8 283 -581 -112 486
658 9 286 -10 -347 -238
658 10 147 203 -323 85
658 11 60 -294 565 396
658 12 17 331 -97 -28
658 13 70 -304 -12 -165
658 14 -98 25 124 211
658 15 181 180 -217 200
659 0 235 195 651 737
659 1 -130 270 189 -406
659 2 -200 516 295 -140
659 3 201 207 692 -312
659 4 177 66 53 226
659 5 148 195 248 120
659 6 161 160 311 -191
659 7 -94 278 -225 -92
659 8 874 -223 -68 348
659 9 15 297 25 195
659 10 -187 -17 -238 29
659 11 372 611 -137 210
659 12 543 -157 -101 132
659 13 258 -14 -96 -306
659 14 80 125 -415 242
659 15 156 445 -251 -17
660 0 -153 44 466 90
660 1 391 301 70 -43
660 2 190 68 216 161
660 3 7 -267 -139 253
660 4 605 246 -219 -145
660 5 233 347 -426 -10
660 6 187 -50 -179 -285
660 7 68 -209 -222 6
660 8 -63 -30 102 -118
660 9 62 88 62 30
660 10 -21 -373 -309 -473
660 11 237 190 99 255
660 12 225 202 164 192
660 13 -197 -247 -134 -239
660 14 105 -12 -52 153
660 15 -8 65 -113 347
661 0 -374 151 -195 321
661 1 -224 27 53 -51
661 2 6 133 183 -431
661 3 88 66 -17 251
661 4 132 -96 -178 281
661 5 104 33 220 395
661 6 98 141 -297 -144
661 7 -178 -2 -111 -144
661 8 204 89 -227 -122
661 9 407 14 227 -230
661 10 -641 317 -128 442
661 11 -438 -145 -492 -100
661 12 62 -54 -502 34
661 13 149 500 -8 15
661 14 231 -141 46 -159
661 15 -401 255 -73 241
662 0 4 25 -97 244
662 1 -76 -79 -18 241
662 2 -3 -34 401 423
662 3 -18 223 -246 -238
662 4 -153 -65 -7 -241
662 5 107 97 479 -103
662 6 -142 -92 -258 145
662 7 255 -203 150 -435
662 8 201 -5 -268 70
662 9 -477 -164 -342 -141
662 10 -105 475 -380 360
662 11 180 -606 9 -116
662 12 -9 717 148 -369
662 13 -293 797 -132 483
662 14 -20 -47 293 -408
662 15 166 -56 275 180
663 0 -199 -474 66 -525
663 1 -129 -93 -343 -94
663 2 -210 -66 47 259
663 3 416 -38 -150 218
663 4 -158 202 81 46
663 5 -42 -136 -133 -99
663 6 243 27 237 -326
663 7 284 -250 -288 -276
663 8 -40 76 50 -315
663 9 169 308 176 -22
663 10 -152 -482 55 -25
663 11 -116 -83 -294 -9
663 12 21 54 -234 -217
663 13 371 -312 566 -168
663 14 -55 -575 -233 -105
663 15 -133 -256 -408 -241
664 0 6 119 -204 -358
664 1 -110 -149 -101 -248
664 2 -308 -133 55 -34
664 3 -245 -150 -139 11
664 4 -376 -642 170 84
664 5 -207 271 -145 385
664 6 -164 48 -46 410
664 7 17 -58 361 143
664 8 -30 80 -182 217
664 9 348 -41 -16 225
664 10 240 -303 -68 -5
664 11 -72 167 -156 -13
664 12 12 -184 271 268
664 13 -89 3 254 -163
664 14 12 -194 61 24
664 15 154 -261 -92 -481
665 0 79 -505 5 -363
665 1 181 -464 -275 -2
665 2 76 -414 269 55
665 3 237 -370 -148 -189
665 4 291 -288 -293 -142
665 5 -272 268 -110 181
665 6 -50 -105 19 -163
665 7 -267 -408 82 104
665 8 -303 247 27 -425
665 9 4 387 -170 -401
665 10 -319 46 -216 -296
665 11 276 -85 402 -135
665 12 -214 49 -362 48
665 13 125 -133 312 -289
665 14 -96 242 80 281
665 15 280 87 689 -289
666 0 -16 -370 -62 369
666 1 -315 99 222 -142
666 2 45 378 235 -177
666 3 -126 201 286 -135
666 4 353 124 -260 190
666 5 -116 401 -216 -284
666 6 -70 155 -541 -181
666 7 19 190 -99 -481
666 8 -199 -50 455 38
666 9 61 21 56 -113
666 10 -509 -26 -155 73
666 11 -451 -153 -266 -126
666 12 545 213 -219 -44
666 13 128 -60 257 -422
666 14 174 34 281 -24
666 15 234 324 -49 -22
667 0 133 -146 48 -148
667 1 -16 -173 144 -258
667 2 -293 158 224 -392
667 3 -84 -31 -254 286
667 4 -158 -10 251 242
667 5 142 185 -196 175
667 6 126 -51 -304 -175
667 7 -214 15 23 -410
667 8 -164 -192 244 -57
667 9 475 452 217 561
667 10 -96 -139 22 392
667 11 -683 -51 -36 -339
667 12 353 -162 -91 171
667 13 -17 126 285 -235
667 14 487 -266 -63 -67
667 15 209 -301 13 -335
668 0 36 318 42 229
668 1 199 -121 30 263
668 2 -155 -119 -301 38
668 3 -302 -162 25 12
668 4 -137 263 347 96
668 5 -179 -118 -463 -118
668 6 -11 406 112 128
668 7 152 143 250 134
668 8 -14 75 -18 -82
668 9 56 257 71 265
668 10 472 102 147 -121
668 11 -87 469 222 228
668 12 -87 -110 116 378
668 13 -89 -378 -29 162
668 14 44 55 -348 137
668 15 277 -157 -62 -486
669 0 -700 284 -374 69
669 1 -364 8 -48 27
669 2 -132 143 -271 64
669 3 -112 -267 -459 160
669 4 86 173 -301 479
669 5 83 -353 -71 -188
669 6 -16 31 -145 72
669 7 -193 179 -162 134
669 8 -213 127 -143 92
669 9 -51 290 229 97
669 10 244 -238 -9 86
669 11 -226 -139 -134 -526
669 12 -321 -260 -123 194
669 13 103 285 -119 199
669 14 212 -62 -545 160
669 15 109 82 -134 8
670 0 181 -58 33 121
670 1 -169 -171 213 -39
670 2 87 -342 -88 382
670 3 -37 328 364 -208
670 4 -89 -90 46 -233
670 5 -83 99 -474 -160
670 6 -135 429 172 265
670 7 431 101 667 -215
670 8 288 17 -118 -174
670 9 0 -161 -84 179
670 10 119 -337 -220 150
670 11 -260 182 -167 2
670 12 145 390 147 41
670 13 -516 -59 130 -76
670 14 -100 160 219 -261
670 15 278 2 -126 -16
671 0 150 -177 -207 -71
671 1 234 -197 128 87
671 2 132 149 -355 -190
671 3 -38 -74 -381 -181
671 4 -317 -176 488 -145
671 5 -240 68 158 144
671 6 286 -133 115 20
671 7 -211 -53 176 322
671 8 -88 172 -13 -325
671 9 -50 231 -228 39
671 10 368 222 94 -228
671 11 -63 73 378 -79
671 12 -559 -171 61 -60
671 13 -269 -233 165 -132
671 14 -129 149 -97 178
671 15 -31 -128 115 -96
672 0 -238 49 -594 488
672 1 -307 350 -4 -63
672 2 -426 299 245 -23
672 3 -508 298 116 45
672 4 110 93 -13 336
672 5 9 -24 -147 -141
672 6 -243 380 -280 322
672 7 72 -128 -497 -134
672 8 -348 368 93 154
672 9 -312 123 248 -392
672 10 -57 211 -124 4
672 11 -122 30 44 43
672 12 240 -60 246 -59
672 13 90 232 198 245
672 14 -232 -488 -185 -410
672 15 -100 222 -303 -226
673 0 -100 313 131 -47
673 1 201 -126 -754 155
673 2 -28 -254 147 182
673 3 -145 -440 -25 121
673 4 59 347 116 -16
673 5 22 248 173 -25
673 6 -93 -228 4 -215
673 7 -133 -239 135 -132
673 8 65 -301 2 149
673 9 263 78 -58 -383
673 10 -497 232 -202 -50
673 11 617 154 386 316
673 12 -523 53 -287 594
673 13 339 -230 -370 -102
673 14 -127 56 -101 738
673 15 608 151 297 -35
674 0 3 143 -100 132
674 1 74 -383 -190 685
674 2 206 263 -392 -413
674 3 -247 80 -209 503
674 4 -458 341 212 10
674 5 270 -51 339 89
674 6 -12 235 348 300
674 7 -117 -6 81 -107
674 8 44 457 202 -201
674 9 175 -106 177 -16
674 10 -3 162 32 -52
674 11 -143 -43 -81 -63
674 12 -477 -33 -173 -188
674 13 488 -195 -63 38
674 14 121 68 41 149
674 15 -318 -399 -223 -295
675 0 969 -87 671 150
675 1 -242 2 422 26
675 2 -392 383 -79 273
675 3 194 205 -25 -286
675 4 -135 -230 218 16
675 5 -105 337 404 -2
675 6 570 83 69 -116
675 7 222 111 331 -472
675 8 38 -117 126 358
675 9 -18 -244 -280 216
675 10 691 -177 218 -83
675 11 51 -154 38 -207
675 12 119 598 733 119
675 13 56 -25 875 -67
675 14 331 -99 268 -136
675 15 342 17 -120 -142
676 0 -159 390 -7 287
676 1 -155 362 79 9
676 2 -207 19 61 -73
676 3 -219 132 -175 45
676 4 345 342 29 281
676 5 28 165 -212 152
676 6 81 -192 -197 155
676 7 302 -314 -354 -224
676 8 -229 -74 -60 323
676 9 21 -51 194 -89
676 10 50 328 377 -259
676 11 -92 118 287 145
676 12 1 -389 -349 278
676 13 139 40 -193 263
676 14 264 170 128 -25
676 15 -194 107 -247 291
677 0 29 -324 -3 -289
677 1 36 -31 69 11
677 2 103 184 -276 -68
677 3 22 280 -256 -566
677 4 -196 -311 241 -301
677 5 -424 50 -161 326
677 6 327 376 105 65
677 7 299 -194 140 -165
677 8 -98 -167 121 -32
677 9 -25 -301 -7 -219
677 10 133 -88 29 -61
677 11 177 12 -224 151
677 12 -199 -106 289 -221
677 13 -156 -37 260 128
677 14 35 -115 78 -12
677 15 -71 -378 -295 -51
678 0 247 159 -297 -71
678 1 -240 403 -99 -63
678 2 115 -25 315 363
678 3 170 -449 -347 117
678 4 -642 169 -147 -182
678 5 -160 -222 178 -617
678 6 44 -24 376 -349
678 7 -99 27 1 266
678 8 -256 -427 -91 395
678 9 -165 314 182 212
678 10 62 -455 235 428
678 11 164 -239 -100 417
678 12 224 445 389 -316
678 13 123 160 385 -187
678 14 -583 -109 -113 145
678 15 -187 -8 116 77
679 0 -10 112 -161 -59
679 1 249 381 403 394
679 2 -134 -121 -8 -434
679 3 -402 528 7 306
679 4 -108 -70 605 124
679 5 -92 -481 -293 17
679 6 -283 -167 305 -61
679 7 -62 -499 -172 -165
679 8 355 -49 -52 496
679 9 -87 -127 -410 -8
679 10 73 443 -40 -107
679 11 -473 -261 -152 -107
679 12 6 216 -385 -104
679 13 107 -241 -258 540
679 14 588 310 395 -511
679 15 -366 -204 167 120
680 0 -127 257 -155 473
680 1 295 55 270 -98
680 2 225 191 -181 -160
680 3 89 -49 -262 -391
680 4 -56 -115 -79 -38
680 5 -390 231 -220 282
680 6 283 382 -161 166
680 7 -15 -28 75 415
680 8 -229 70 80 -123
680 9 -288 213 21 64
680 10 223 165 82 -74
680 11 -118 285 187 459
680 12 85 -384 -40 -87
680 13 -272 153 194 6
680 14 -172 188 -400 -23
680 15 -148 283 79 147
681 0 -84 274 -197 289
681 1 -204 -122 37 -243
681 2 -290 -223 73 286
681 3 -154 -133 -197 -60
681 4 95 -177 -174 738
681 5 -144 215 -423 378
681 6 342 415 -165 196
681 7 361 -7 215 -281
681 8 -330 378 -42 -332
681 9 -159 437 353 -21
681 10 -328 -191 -71 41
681 11 -307 260 30 150
681 12 38 -203 -26 96
681 13 -72 274 357 51
681 14 240 -180 -206 0
681 15 213 144 93 -197
682 0 -147 141 -381 302
682 1 -100 157 -133 26
682 2 -340 418 208 309
682 3 179 57 300 143
682 4 601 279 -226 200
682 5 -498 28 150 74
682 6 -375 110 -209 -257
682 7 201 -45 -91 177
682 8 -42 347 287 131
682 9 -90 -40 358 -461
682 10 -347 -368 -88 -656
682 11 -21 -244 -400 -237
682 12 -415 15 -379 13
682 13 275 40 462 398
682 14 41 -284 -146 47
682 15 -441 602 -307 352
683 0 134 -396 277 84
683 1 -68 364 143 -513
683 2 -180 -20 -215 -271
683 3 200 232 -70 135
683 4 154 -91 -241 139
683 5 476 83 -56 -144
683 6 23 -129 235 -262
683 7 -224 -229 -622 -57
683 8 -407 -48 105 195
683 9 -58 273 97 88
683 10 377 -81 -72 -380
683 11 5 205 347 -150
683 12 256 -29 -10 244
683 13 191 -267 341 -152
683 14 488 -63 175 -551
683 15 -252 536 95 8
684 0 59 255 200 -4
684 1 261 262 95 -295
684 2 -204 -13 -76 -311
684 3 49 415 47 88
684 4 224 139 -52 119
684 5 195 -156 -490 269
684 6 375 120 -235 -100
684 7 -202 179 -539 76
684 8 -583 -332 426 30
684 9 153 94 90 252
684 10 160 92 474 525
684 11 -128 46 370 123
684 12 569 -582 329 73
684 13 -105 -32 -3 217
684 14 -7 -273 -149 -119
684 15 -11 -225 -255 69
685 0 -131 -88 -260 -33
685 1 -463 -212 152 86
685 2 -192 -12 -45 337
685 3 47 -680 -198 -373
685 4 218 -252 -300 252
685 5 -78 -128 273 61
685 6 202 58 -201 -85
685 7 346 158 -108 -278
685 8 -211 72 -647 -402
685 9 -402 -5 377 -9
685 10 -77 198 68 -285
685 11 135 311 -259 91
685 12 -226 287 303 119
685 13 -177 381 47 214
685 14 205 -154 -47 69
685 15 -229 -60 316 -119
686 0 -180 183 -299 172
686 1 -432 -28 266 -126
686 2 -239 70 -163 167
686 3 -257 233 401 -152
686 4 228 -436 -227 224
686 5 14 -36 -190 351
686 6 -144 99 65 173
686 7 -397 321 -76 -138
686 8 70 154 -72 166
686 9 -138 -221 -122 76
686 10 -166 -257 -376 40
686 11 132 389 -278 -394
686 12 88 162 442 290
686 13 -328 20 -284 -155
686 14 278 120 84 178
686 15 278 -80 105 -146
687 0 151 309 61 -172
687 1 -298 -139 -20 493
687 2 -310 -63 155 37
687 3 -625 -241 98 26
687 4 -382 158 375 245
687 5 -30 -215 -225 -40
687 6 102 442 75 517
687 7 624 16 264 -317
687 8 242 88 -350 125
687 9 217 -212 351 101
687 10 203 98 368 245
687 11 -3 219 -136 416
687 12 285 -168 369 -10
687 13 183 -41 -113 151
687 14 -205 -218 -127 77
687 15 97 -715 -548 -667
688 0 -118 -116 30 170
688 1 70 -23 -206 -56
688 2 -591 -275 116 358
688 3 506 414 488 -104
688 4 572 -128 -175 -287
688 5 -536 -99 -529 -66
688 6 -350 158 -20 -215
688 7 269 -218 -35 157
688 8 -45 97 -264 110
688 9 147 136 -408 -181
688 10 350 -118 49 -356
688 11 -68 -38 -100 -338
688 12 22 519 -287 224
688 13 94 -159 816 412
688 14 -188 96 29 -310
688 15 -9 440 15 9
689 0 173 173 164 -274
689 1 395 24 -272 50
689 2 214 54 -19 -171
689 3 81 -395 165 267
689 4 -283 -357 199 127
689 5 538 26 325 36
689 6 -207 -37 93 -144
689 7 -146 186 308 744
689 8 310 145 19 -252
689 9 356 -51 44 252
689 10 -122 -152 -498 -31
689 11 167 -141 28 182
689 12 -160 -89 254 193
689 13 -413 -505 -208 -356
689 14 -139 -185 190 -114
689 15 -103 211 -107 180
690 0 -311 -260 -367 169
690 1 65 557 -302 -51
690 2 -10 -349 -337 -70
690 3 -277 -28 -207 243
690 4 -312 292 -275 -217
690 5 214 140 20 -356
690 6 1 316 465 -251
690 7 -269 160 214 16
690 8 -83 2 27 75
690 9 -89 -382 -259 -480
690 10 117 -145 1 -269
690 11 326 45 34 219
690 12 -505 259 383 173
690 13 58 -223 -389 -105
690 14 -233 124 39 -148
690 15 -156 175 -293 10
691 0 -494 182 250 -146
691 1 21 65 -325 262
691 2 378 -240 -319 -64
691 3 278 -142 -117 -127
691 4 209 292 -193 109
691 5 -162 -229 168 -316
691 6 144 -96 -190 -144
691 7 4 68 -253 77
691 8 7 -356 75 59
691 9 14 -246 -316 -502
691 10 -128 603 349 266
691 11 119 -294 -126 277
691 12 -230 -192 -640 236
691 13 640 -199 -317 260
691 14 -34 40 -114 299
691 15 238 162 84 180
692 0 175 359 -52 -7
692 1 364 -155 -500 118
692 2 212 -245 -476 -44
692 3 -179 210 -37 144
692 4 -199 -34 162 -54
692 5 280 -381 -227 -351
692 6 -359 -144 -188 127
692 7 185 31 23 192
692 8 -820 -295 121 132
692 9 84 66 132 169
692 10 131 302 6 282
692 11 16 -118 517 53
692 12 -218 182 159 81
692 13 -92 -92 17 451
692 14 -23 101 466 -38
692 15 240 191 568 176
693 0 257 147 112 184
693 1 18 45 198 -134
693 2 195 23 295 -232
693 3 -327 -83 105 136
693 4 242 93 43 -191
693 5 -122 -102 -14 -377
693 6 -374 -22 189 170
693 7 50 -97 -167 -17
693 8 126 -376 -140 296
693 9 -114 356 299 12
693 10 121 54 20 -163
693 11 74 294 -50 224
693 12 89 92 -167 -1
693 13 500 211 32 405
693 14 -31 92 -51 382
693 15 -250 15 315 -113
694 0 177 126 181 -180
694 1 95 46 505 0
694 2 118 -128 240 -243
694 3 164 -162 546 21
694 4 300 -330 -101 341
694 5 110 59 26 254
694 6 -47 4 -136 -91
694 7 -483 252 -41 -90
694 8 434 -117 354 -182
694 9 -167 -336 -323 219
694 10 -555 200 -102 273
694 11 -478 116 -441 194
694 12 563 -78 -96 340
694 13 -98 -255 -401 -306
694 14 385 -34 59 -139
694 15 210 -79 431 82
695 0 159 -336 121 29
695 1 18 -160 562 -90
695 2 -223 -7 -100 -167
695 3 -542 266 361 366
695 4 369 196 -238 -34
695 5 36 275 -247 297
695 6 574 -307 -111 -8
695 7 -124 -113 70 -687
695 8 51 190 -101 172
695 9 -28 -428 -151 -167
695 10 -45 -345 131 -459
695 11 -136 320 332 -73
695 12 368 91 121 -301
695 13 66 -29 -25 -432
695 14 116 399 52 116
695 15 -172 108 -145 90
696 0 -126 -162 375 -41
696 1 34 -333 -228 17
696 2 27 -13 -176 100
696 3 -86 -176 12 237
696 4 -25 174 211 323
696 5 293 -67 291 -153
696 6 220 85 -77 -103
696 7 -19 2 183 -265
696 8 423 221 -46 -288
696 9 174 201 48 -309
696 10 -141 32 -482 117
696 11 31 10 19 -165
696 12 -286 83 -190 211
696 13 240 -46 -8 -128
696 14 205 -463 -430 50
696 15 541 294 -13 -258
697 0 -194 585 88 -57
697 1 -70 -221 189 239
697 2 154 126 -295 -18
697 3 -225 -124 49 157
697 4 217 -199 -62 58
697 5 116 -41 -286 91
697 6 87 403 277 425
697 7 87 -212 -206 179
697 8 72 -46 -191 -29
697 9 -60 54 214 170
697 10 334 -314 -350 -214
697 11 103 497 -121 423
697 12 -63 -17 200 374
697 13 88 -430 229 144
697 14 -52 -173 -235 372
697 15 -240 -112 -279 19
698 0 -597 -128 48 -71
698 1 167 166 -136 339
698 2 335 17 223 144
698 3 70 -122 -101 168
698 4 233 227 -392 86
698 5 -29 -41 -749 -120
698 6 -300 223 20 -104
698 7 83 -219 -434 63
698 8 -163 382 386 -106
698 9 -110 211 95 28
698 10 -443 -403 -378 -241
698 11 30 -89 -412 136
698 12 561 101 -341 -337
698 13 182 -421 -206 -293
698 14 199 120 13 -31
698 15 -23 -302 -27 -178
699 0 -237 188 26 436
699 1 -59 21 -233 -87
699 2 -313 27 312 -201
699 3 370 116 87 -188
699 4 -148 29 -254 -85
699 5 204 392 25 411
699 6 -35 573 434 141
699 7 -134 17 182 250
699 8 527 153 -154 -140
699 9 221 208 -70 198
699 10 43 -80 -107 145
699 11 155 160 -1 27
699 12 50 -406 -180 182
699 13 -93 128 -37 -144
699 14 -301 219 -382 -118
699 15 -144 5 -600 -85
700 0 -412 -469 -143 47
700 1 95 -129 124 352
700 2 -123 496 224 -228
700 3 87 -341 -183 -217
700 4 28 146 -15 -6
700 5 224 -169 88 134
700 6 -127 -40 -393 -359
700 7 -1 -368 -579 -120
700 8 -26 272 -235 -220
700 9 -191 245 353 216
700 10 -211 449 -410 -254
700 11 10 -20 46 -80
700 12 433 6 -229 -301
700 13 -383 156 -229 -127
700 14 402 -60 -186 -585
700 15 -373 18 118 -137
701 0 -168 -83 227 -393
701 1 -136 -593 -191 110
701 2 84 111 254 -307
701 3 268 85 175 667
701 4 -151 204 -184 -552
701 5 822 653 876 -362
701 6 -247 -408 -32 578
701 7 -350 -165 -162 202
701 8 651 55 -96 -213
701 9 346 -147 -514 315
701 10 567 12 -207 173
701 11 -192 -505 299 -127
701 12 135 -98 -423 136
701 13 360 -336 243 -426
701 14 -797 -356 -70 -126
701 15 -282 3 -874 -10
702 0 217 109 -52 494
702 1 -696 312 171 -210
702 2 -234 7 46 320
702 3 -406 482 -178 -347
702 4 -49 221 462 439
702 5 -307 -273 387 167
702 6 205 -166 159 -363
702 7 95 -370 -17 -462
702 8 273 -88 -315 692
702 9 85 302 361 -813
702 10 -355 501 -228 313
702 11 532 -214 327 -399
702 12 -452 18 -401 88
702 13 30 588 -147 449
702 14 638 -32 225 40
702 15 223 582 64 20
703 0 -305 197 -112 -134
703 1 83 -595 -120 240
703 2 -93 110 -511 -82
703 3 -22 402 645 96
703 4 -92 127 -90 -164
703 5 -2 -351 -53 537
703 6 -177 -133 139 -117
703 7 -143 -75 10 -136
703 8 262 -74 -96 347
703 9 193 -391 170 188
703 10 -403 -209 -358 -19
703 11 236 276 -31 -115
703 12 40 -127 -415 -147
703 13 -88 -192 -327 3
703 14 307 325 -11 142
703 15 -240 180 -69 140
704 0 119 -175 -347 -228
704 1 177 -88 -69 -54
704 2 -59 -556 295 141
704 3 254 -240 -191 439
704 4 -164 127 -621 -304
704 5 55 492 252 252
704 6 -186 -104 197 -215
704 7 -519 135 171 -286
704 8 -274 49 425 -245
704 9 -312 -275 -232 148
704 10 -425 -244 163 -62
704 11 -54 -167 -140 105
704 12 8 300 67 -46
704 13 102 184 -194 -103
704 14 150 42 260 -91
704 15 -256 -387 433 -156
705 0 -30 -206 -102 -119
705 1 -43 279 208 82
705 2 206 -92 261 180
705 3 36 -137 -410 50
705 4 -311 56 -68 -5
705 5 -163 217 349 -138
705 6 -158 42 -12 -121
705 7 87 105 295 -16
705 8 293 164 242 13
705 9 -224 -214 -156 -79
705 10 -75 -41 -58 -14
705 11 -98 -638 -480 26
705 12 7 181 -92 -299
705 13 -9 189 -204 107
705 14 282 -174 246 -377
705 15 -205 -201 -148 -119
706 0 -310 178 -104 -56
706 1 -67 -251 -524 327
706 2 -209 -149 -152 225
706 3 62 -184 229 -355
706 4 -138 -125 -285 508
706 5 -312 187 -189 329
706 6 407 325 -308 -139
706 7 256 244 327 275
706 8 -192 381 34 -184
706 9 262 -179 -220 -354
706 10 -492 103 48 197
706 11 331 -284 182 365
706 12 90 -290 -97 -43
706 13 -42 -520 128 -401
706 14 -409 122 78 251
706 15 353 223 -392 -240
707 0 -395 -382 149 -366
707 1 369 345 197 -60
707 2 457 -272 -191 -16
707 3 -389 -321 -295 126
707 4 -162 -51 2 -50
707 5 250 -210 -218 143
707 6 170 486 290 43
707 7 -92 -63 185 201
707 8 456 395 -18 -322
707 9 -157 -343 193 -446
707 10 36 -341 -492 -203
707 11 378 243 -312 318
707 12 -37 -275 479 -163
707 13 -368 6 -827 -145
707 14 171 -408 -450 -392
707 15 -86 -269 -280 -206
708 0 134 117 -130 -148
708 1 66 49 -66 -784
708 2 212 -503 -292 125
708 3 -172 204 -318 5
708 4 -311 -520 154 -456
708 5 -86 651 -19 111
708 6 -86 -218 124 337
708 7 76 -116 293 56
708 8 -260 -492 -128 140
708 9 65 -14 -168 91
708 10 364 -169 -154 -114
708 11 181 402 227 434
708 12 -368 96 227 430
708 13 -227 -22 192 60
708 14 -75 -171 459 140
708 15 -28 121 131 33
709 0 126 -315 397 -158
709 1 194 -626 55 438
709 2 165 12 -181 -32
709 3 -276 343 183 -94
709 4 -161 -11 620 -38
709 5 12 -43 -278 276
709 6 45 150 -30 298
709 7 161 -747 226 42
709 8 370 684 -36 -165
709 9 375 173 26 -336
709 10 112 265 -668 -36
709 11 91 -30 623 -184
709 12 119 -201 -463 -116
709 13 -300 -462 167 -363
709 14 129 -20 -9 -375
709 15 429 203 -130 -427
710 0 56 128 -374 79
710 1 114 30 296 -104
710 2 -47 7 -398 -216
710 3 -308 274 79 142
710 4 -157 212 219 -515
710 5 -83 236 21 -141
710 6 -459 19 -200 167
710 7 -817 379 280 65
710 8 -93 -388 574 313
710 9 67 -444 -393 300
710 10 612 97 98 201
710 11 -349 125 127 -344
710 12 -201 -49 351 756
710 13 -408 -116 -384 33
710 14 136 -75 -108 -58
710 15 448 -117 27 -173
711 0 95 70 109 -463
711 1 -391 97 -70 83
711 2 507 -215 -163 -87
711 3 -372 -413 -559 52
711 4 -554 -338 -76 314
711 5 381 -251 490 -238
711 6 297 -142 468 397
711 7 -72 -408 -56 127
711 8 -23 25 -367 329
711 9 -124 -86 201 -482
711 10 97 43 -114 226
711 11 486 -172 229 324
711 12 -200 -170 164 -175
711 13 453 92 -143 -227
711 14 -140 -31 91 134
711 15 -2 53 173 -43
712 0 190 107 616 -508
712 1 452 -264 -157 -69
712 2 66 -471 168 241
712 3 86 -253 41 82
712 4 214 137 -248 -38
712 5 -24 -375 -266 -170
712 6 268 54 -89 -297
712 7 348 204 71 191
712 8 -121 -390 -31 -130
712 9 45 278 151 119
712 10 110 -227 169 330
712 11 442 -299 262 350
712 12 387 -106 180 -309
712 13 143 49 56 517
712 14 -194 -256 -192 289
712 15 57 -218 22 -177
713 0 18 -78 -390 -369
713 1 -49 -331 6 101
713 2 -246 430 -140 14
713 3 -20 -250 -266 -220
713 4 -295 -255 22 11
713 5 175 -181 436 -74
713 6 -83 -274 43 111
713 7 134 -73 -266 -63
713 8 -294 -166 -168 16
713 9 -613 91 159 563
713 10 312 -119 -108 -368
713 11 103 -54 147 -47
713 12 -217 25 377 -305
713 13 -143 78 204 293
713 14 40 -97 -97 -13
713 15 -377 -218 107 34
714 0 -82 -131 -103 137
714 1 -108 -114 -193 6
714 2 -80 98 -113 -506
714 3 364 -195 442 -166
714 4 38 56 -367 -88
714 5 243 30 185 117
714 6 74 101 -85 -10
714 7 -208 208 372 12
714 8 153 -117 -235 -125
714 9 370 -517 63 8
714 10 -245 74 388 121
714 11 -376 247 -61 -131
714 12 -74 -336 -208 214
714 13 -75 179 -154 -547
714 14 -374 542 -225 -83
714 15 -29 427 -42 513
715 0 -81 15 1 109
715 1 -135 315 230 5
715 2 187 -258 211 -27
715 3 -284 190 -177 -96
715 4 -349 317 -153 -90
715 5 -142 84 -399 17
715 6 -214 145 179 21
715 7 166 60 310 -1
715 8 183 -44 105 454
715 9 149 -72 153 179
715 10 -41 -144 141 221
715 11 100 -246 -54 67
715 12 514 -294 -253 -355
715 13 -169 166 -600 -43
715 14 267 494 317 -182
715 15 -141 -288 -339 -227
716 0 54 -115 141 -16
716 1 129 23 -172 -49
716 2 -100 -310 -5 63
716 3 9 84 104 120
716 4 106 -185 347 280
716 5 130 -117 -405 -4
716 6 27 11 117 384
716 7 337 -566 -115 -522
716 8 -46 244 -143 -231
716 9 -181 68 -56 -224
716 10 -172 156 -22 -204
716 11 -485 554 -41 149
716 12 -44 176 -199 177
716 13 292 -49 248 -70
716 14 116 -104 -132 -358
716 15 395 71 545 41
717 0 -360 -73 -88 -280
717 1 180 -314 -316 -283
717 2 -397 -152 -167 80
717 3 102 235 228 428
717 4 233 -24 -368 79
717 5 388 -236 166 -65
717 6 -16 -154 -89 -541
717 7 -519 300 -417 109
717 8 -163 -163 92 -137
717 9 -18 326 -257 60
717 10 -58 -231 -521 250
717 11 320 -388 258 -367
717 12 -50 206 155 67
717 13 27 -167 134 354
717 14 6 -534 -163 64
717 15 -23 252 -96 -113
718 0 199 157 498 359
718 1 -317 263 18 -298
718 2 -185 592 240 195
718 3 201 260 -179 -377
718 4 726 137 366 378
718 5 243 -33 -152 -121
718 6 23 -117 -321 125
718 7 291 159 -240 -111
718 8 -82 -81 233 -93
718 9 224 524 328 218
718 10 291 -81 75 74
718 11 -146 -79 112 -951
718 12 -264 -332 130 421
718 13 -241 324 87 241
718 14 325 -149 -166 236
718 15 708 -101 -240 329
719 0 99 -302 95 188
719 1 45 -90 -162 434
719 2 -101 49 -296 63
719 3 153 -395 226 338
719 4 -50 842 -102 -233
719 5 209 -237 -22 -586
719 6 -144 548 -149 -402
719 7 72 -68 192 64
719 8 -207 236 75 -180
719 9 354 -151 578 -172
719 10 344 -23 73 -147
719 11 -214 96 173 32
719 12 22 248 2 393
719 13 -74 -289 338 -228
719 14 -93 -354 -392 -645
719 15 -28 644 -237 -131
720 0 -406 -237 -64 -196
720 1 -86 131 -284 250
720 2 320 -321 -71 312
720 3 65 -299 -527 -266
720 4 -319 -31 -402 4
720 5 -197 19 188 183
720 6 99 316 94 294
720 7 -68 -20 49 -68
720 8 -101 495 161 -104
720 9 -381 -509 -133 -696
720 10 -175 148 123 88
720 11 494 -153 -363 180
720 12 -118 -125 161 -271
720 13 308 369 -511 -79
720 14 7 -133 -201 -142
720 15 308 -429 151 -444
721 0 -244 -342 268 -209
721 1 9 -70 -207 -318
721 2 391 -262 25 242
721 3 313 -412 -246 435
721 4 30 203 -351 -337
721 5 -10 101 117 53
721 6 -195 -418 -307 -47
721 7 30 79 -63 -67
721 8 -136 218 -124 -99
721 9 378 -136 432 -78
721 10 -165 -271 182 -110
721 11 37 225 -469 -112
721 12 192 72 -303 -125
721 13 293 485 -226 -336
721 14 251 -252 -13 -61
721 15 -98 -53 304 -200
722 0 -124 -146 136 152
722 1 -6 201 493 -217
722 2 72 -13 -20 -242
722 3 297 345 -33 43
722 4 434 -218 -278 -10
722 5 -181 213 -193 253
722 6 126 226 -451 32
722 7 -498 -195 38 253
722 8 -29 281 293 60
722 9 284 -227 -313 -392
722 10 290 52 -28 228
722 11 -591 -355 -88 -462
722 12 297 -178 -257 308
722 13 -168 195 383 -205
722 14 194 -129 -126 -649
722 15 151 561 -57 253
723 0 185 447 -163 -133
723 1 342 -128 165 291
723 2 -41 234 -158 5
723 3 -26 463 338 9
723 4 -430 2 545 -19
723 5 -114 282 336 431
723 6 -9 -315 51 289
723 7 -137 -88 13 -10
723 8 380 -14 546 198
723 9 -390 -507 -598 343
723 10 -115 247 -18 -22
723 11 -147 -75 137 420
723 12 49 -262 -133 -101
723 13 -161 -566 -233 -37
723 14 -12 -20 120 -65
723 15 -21 -227 -214 181
724 0 -5 335 498 -112
724 1 229 234 -138 428
724 2 140 84 -53 346
724 3 35 -483 -103 446
724 4 -97 466 89 122
724 5 8 -433 31 -167
724 6 401 -107 -138 -46
724 7 233 -113 173 252
724 8 186 301 -177 281
724 9 273 -359 186 -249
724 10 245 -280 340 27
724 11 106 -109 -84 192
724 12 121 8 173 -184
724 13 226 69 -72 -213
724 14 -268 -172 -531 -31
724 15 163 115 -220 244
725 0 187 446 -321 401
725 1 -403 527 -7 8
725 2 -316 555 330 58
725 3 123 -37 323 -6
725 4 -63 64 143 541
725 5 333 -407 567 -653
725 6 -356 -376 367 37
725 7 -14 165 -771 461
725 8 130 -22 -140 335
725 9 -611 497 23 360
725 10 131 182 140 -134
725 11 32 -88 123 41
725 12 73 -26 32 -144
725 13 303 -216 137 174
725 14 -439 -1 -116 -6
725 15 -390 347 -88 307
726 0 -533 -183 -914 77
726 1 -333 -217 -215 385
726 2 -164 392 -47 202
726 3 293 -355 -373 193
726 4 0 291 -224 -61
726 5 -213 175 284 64
726 6 58 -58 -36 -162
726 7 -638 -79 -785 228
726 8 -621 647 188 -616
726 9 -282 406 -21 -167
726 10 -159 83 54 -277
726 11 -12 30 53 -166
726 12 -394 103 -76 16
726 13 122 -345 418 -416
726 14 -444 -349 -356 289
726 15 -331 -228 -86 -325
727 0 -384 435 -149 511
727 1 232 88 -271 430
727 2 -279 671 250 128
727 3 266 -101 -133 -296
727 4 -20 171 -45 -79
727 5 -269 190 254 276
727 6 -397 296 -68 -405
727 7 -87 -109 -101 62
727 8 255 -120 228 406
727 9 -209 91 -44 227
727 10 -258 73 -567 -255
727 11 415 -182 -376 43
727 12 -152 289 -157 144
727 13 -55 97 -89 357
727 14 400 71 -236 93
727 15 -47 92 -41 91
728 0 -165 106 -13 42
728 1 100 -204 -136 -116
728 2 70 -169 -81 72
728 3 67 7 -61 89
728 4 229 223 -302 -195
728 5 19 -62 -14 -133
728 6 155 17 -476 -215
728 7 73 151 446 147
728 8 -152 -259 -181 -75
728 9 345 -48 97 -151
728 10 56 -91 14 388
728 11 -88 -450 258 -230
728 12 -201 20 -79 23
728 13 -322 453 96 241
728 14 -288 10 -98 40
728 15 55 472 -136 489
729 0 -114 87 -180 277
729 1 -165 239 -63 -220
729 2 297 -317 -191 255
729 3 256 -333 -54 96
729 4 -166 -120 -623 57
729 5 -90 249 182 48
729 6 -188 135 72 231
729 7 -244 177 393 84
729 8 -118 330 87 126
729 9 -198 -505 38 -286
729 10 -190 -282 101 -127
729 11 -119 301 -459 120
729 12 -89 115 -22 193
729 13 179 378 -152 -430
729 14 84 171 -90 -228
729 15 151 490 503 142
730 0 -127 480 280 332
730 1 372 185 -392 395
730 2 -327 260 59 -73
730 3 -2 108 -90 75
730 4 -42 141 -30 527
730 5 -15 -331 -268 386
730 6 -88 -37 102 -124
730 7 -243 -58 -43 140
730 8 -62 351 321 646
730 9 115 137 -115 83
730 10 -162 -75 -5 -17
730 11 275 -222 112 -453
730 12 90 -240 -145 -155
730 13 350 95 -326 83
730 14 497 577 -245 141
730 15 495 -40 269 -74
731 0 365 -62 388 287
731 1 -310 14 241 -208
731 2 64 52 391 -270
731 3 -54 36 450 13
731 4 293 13 -236 220
731 5 324 317 385 -196
731 6 -323 400 -193 -81
731 7 81 213 233 -52
731 8 465 -80 138 18
731 9 320 -7 371 -159
731 10 -247 171 -378 228
731 11 -82 -285 -171 -15
731 12 347 -47 -269 331
731 13 97 114 59 45
731 14 296 -286 313 -325
731 15 -81 592 -265 -89
732 0 284 175 -139 -59
732 1 -290 180 258 -588
732 2 129 -475 83 322
732 3 -164 -81 -304 267
732 4 -134 -266 222 127
732 5 435 137 -147 21
732 6 267 -328 246 419
732 7 360 -251 -182 -366
732 8 -263 -102 -493 -370
732 9 -271 321 367 313
732 10 -7 -136 90 60
732 11 -301 674 179 420
732 12 14 136 328 92
732 13 -325 280 77 -79
732 14 -49 -295 246 -126
732 15 -235 -198 297 241
733 0 91 133 -89 231
733 1 -308 -353 187 172
733 2 -125 352 247 332
733 3 -55 340 414 158
733 4 -113 284 -162 75
733 5 -306 41 -269 138
733 6 -305 175 -76 170
733 7 279 77 -43 -177
733 8 15 418 308 250
733 9 33 182 449 387
733 10 -267 -552 -145 77
733 11 -146 -55 -314 -120
733 12 767 61 -252 -577
733 13 132 23 376 -138
733 14 133 -62 63 -19
733 15 -178 -135 -334 -433
734 0 188 190 39 261
734 1 -9 61 -78 153
734 2 139 -275 -81 -124
734 3 349 492 -403 135
734 4 -59 155 312 -83
734 5 182 349 102 270
734 6 76 67 210 219
734 7 -207 -299 -291 -165
734 8 -281 144 403 -424
734 9 84 145 -260 -120
734 10 17 724 283 325
734 11 -328 -88 259 -46
734 12 -369 -63 -372 415
734 13 121 -124 114 185
734 14 212 -112 395 -246
734 15 45 -319 111 2
735 0 -155 -117 -135 28
735 1 113 -415 -253 670
735 2 -305 446 54 -194
735 3 -460 -91 148 -4
735 4 1 161 198 126
735 5 340 60 -314 -122
735 6 200 468 -204 170
735 7 369 -269 -216 -524
735 8 -204 194 -24 -415
735 9 -115 76 93 86
735 10 -169 155 -352 -143
735 11 -86 159 227 332
735 12 174 265 364 -119
735 13 -29 -456 271 -135
735 14 -316 -171 -141 43
735 15 105 -346 -343 -276
736 0 -150 -24 202 -260
736 1 -135 -254 -71 -161
736 2 139 -8 -258 59
736 3 36 -12 -373 32
736 4 -209 -258 -54 225
736 5 362 -325 422 461
736 6 305 -596 -52 -158
736 7 -216 -106 -244 -46
736 8 -62 102 -383 147
736 9 146 118 233 -7
736 10 -203 85 -291 294
736 11 472 -151 243 -426
736 12 -76 -148 -69 -294
736 13 -126 478 -366 -61
736 14 522 9 125 42
736 15 8 56 332 53
737 0 -136 484 -346 661
737 1 -119 -63 -214 50
737 2 -275 427 -29 -473
737 3 39 73 512 113
737 4 -62 301 86 25
737 5 266 -178 402 -332
737 6 -24 1 -205 -86
737 7 69 329 -252 -128
737 8 114 -567 -451 46
737 9 77 115 120 322
737 10 -199 582 271 397
737 11 -411 297 -25 356
737 12 9 135 -211 122
737 13 230 197 137 243
737 14 -544 61 -222 164
737 15 -414 453 -121 448
738 0 442 281 140 -2
738 1 -603 260 390 -19
738 2 7 -439 130 511
738 3 276 -227 -217 -195
738 4 -8 257 -242 135
738 5 -301 -1 -264 3
738 6 255 -125 80 -202
738 7 -200 -100 116 -22
738 8 -373 -175 77 399
738 9 164 29 163 84
738 10 121 -81 600 472
738 11 -52 -53 297 -106
738 12 385 -67 -61 423
738 13 -214 78 72 -386
738 14 235 308 178 11
738 15 433 51 299 12
739 0 65 288 95 146
739 1 -34 80 -30 231
739 2 141 766 -158 -204
739 3 -99 -122 217 -291
739 4 247 168 122 325
739 5 241 -102 180 -270
739 6 265 -26 -67 274
739 7 382 29 -432 226
739 8 -100 -68 91 -50
739 9 -324 -8 293 53
739 10 86 70 158 -377
739 11 128 183 291 395
739 12 -87 -503 126 -152
739 13 155 -430 80 -65
739 14 -484 63 -262 404
739 15 -197 201 -451 502
740 0 68 -109 -295 -531
740 1 360 -223 -543 1
740 2 -24 -541 -335 94
740 3 296 1 107 154
740 4 -638 141 36 -787
740 5 52 -140 -238 3
740 6 -519 16 395 -263
740 7 -377 -18 281 293
740 8 -362 -408 210 54
740 9 327 -209 -9 433
740 10 126 -286 40 228
740 11 216 173 233 91
740 12 -131 96 194 296
740 13 -429 -402 -162 -150
740 14 -193 35 148 -173
740 15 54 -246 204 -185
741 0 -353 -280 37 -191
741 1 -63 -201 -662 -53
741 2 -364 29 45 -112
741 3 145 -28 75 -59
741 4 107 -43 -279 31
741 5 21 398 59 338
741 6 -113 -68 -274 -26
741 7 16 -410 25 -130
741 8 -133 181 -4 224
741 9 498 -253 11 -438
741 10 -269 -51 -170 -286
741 11 264 -106 170 -195
741 12 -125 -271 -428 276
741 13 297 -112 193 -375
741 14 4 19 19 -67
741 15 223 436 -234 -64
742 0 289 596 -158 374
742 1 377 -95 -102 -148
742 2 40 281 -736 -163
742 3 -247 470 278 409
742 4 -479 -38 582 -5
742 5 -79 -307 137 80
742 6 -84 -140 205 -139
742 7 -366 481 158 448
742 8 -107 -166 226 339
742 9 260 202 19 344
742 10 177 -112 -123 175
742 11 29 295 150 -40
742 12 -421 83 235 68
742 13 -40 -291 124 215
742 14 67 -47 27 397
742 15 -44 292 132 24
743 0 -75 222 193 430
743 1 -169 242 -269 383
743 2 -91 409 11 -78
743 3 380 -98 0 -304
743 4 -27 269 -38 -117
743 5 460 310 203 237
743 6 -149 17 -2 78
743 7 -118 -240 -436 -235
743 8 -93 -24 88 183
743 9 63 -380 89 223
743 10 -91 489 74 -96
743 11 217 421 70 95
743 12 132 -35 11 555
743 13 -118 -113 -415 -438
743 14 244 279 94 -232
743 15 210 -45 23 200
744 0 140 601 -218 -43
744 1 -509 15 250 -2
744 2 -188 -67 139 220
744 3 -147 102 94 -258
744 4 351 -316 220 639
744 5 -22 -226 -260 69
744 6 -87 174 135 297
744 7 67 -21 97 215
744 8 90 -31 -19 -62
744 9 -38 343 129 95
744 10 -9 -73 -148 288
744 11 -235 -134 107 -354
744 12 -314 -336 1 524
744 13 -375 -127 94 322
744 14 85 -42 42 239
744 15 326 -32 -108 210
745 0 296 -200 691 -218
745 1 206 15 162 -211
745 2 19 37 334 38
745 3 158 -147 305 81
745 4 611 -296 -158 -73
745 5 244 224 262 -38
745 6 101 -248 -626 16
745 7 511 -69 125 -254
745 8 253 -128 -240 -45
745 9 114 -525 -16 -149
745 10 26 -9 -71 -249
745 11 -115 -177 -245 95
745 12 334 316 168 12
745 13 9 309 217 94
745 14 70 -328 240 -367
745 15 -67 357 28 464
746 0 -13 -410 4 162
746 1 -90 754 -175 -149
746 2 -121 135 153 -183
746 3 -35 -82 -168 -108
746 4 43 565 483 112
746 5 -73 94 -111 -453
746 6 -23 -76 251 -163
746 7 28 -192 -48 -201
746 8 209 -80 252 116
746 9 108 64 -35 -376
746 10 32 101 452 -410
746 11 -231 206 22 -125
746 12 -422 -350 -317 356
746 13 310 -280 -256 -332
746 14 -42 144 -303 -8
746 15 343 59 -261 117
747 0 271 322 427 130
747 1 -32 -117 -457 110
747 2 -45 363 -117 -166
747 3 -209 -106 385 396
747 4 -511 -278 93 408
747 5 641 -258 152 -230
747 6 -158 110 -76 452
747 7 167 290 348 -87
747 8 107 186 -110 416
747 9 469 -259 276 319
747 10 -10 -371 -196 396
747 11 -175 162 -329 -114
747 12 371 243 512 -68
747 13 370 153 148 -454
747 14 -83 -92 -61 -103
747 15 539 176 87 -121
748 0 139 -91 -453 -182
748 1 -78 -258 -164 483
748 2 -93 164 283 -157
748 3 -227 20 216 244
748 4 82 -127 298 -171
748 5 -87 -286 -473 2
748 6 -682 4 -582 287
748 7 219 -161 177 40
748 8 -486 366 -23 -127
748 9 648 -183 433 116
748 10 -216 58 95 180
748 11 -684 -234 -252 -560
748 12 149 242 62 -63
748 13 -370 131 237 -77
748 14 -124 -12 521 -317
748 15 4 -357 173 -70
749 0 211 17 275 368
749 1 87 128 19 209
749 2 -10 -204 -25 -7
749 3 -291 -337 -310 11
749 4 41 172 -252 211
749 5 49 159 -42 -121
749 6 288 288 227 -30
749 7 106 95 631 -72
749 8 51 270 -147 46
749 9 -13 -20 -38 -279
749 10 229 -86 132 -342
749 11 209 -45 259 -63
749 12 -342 124 188 42
749 13 151 177 -132 -13
749 14 123 575 -46 166
749 15 214 161 101 -68
750 0 -78 -90 701 -236
750 1 -278 -102 404 -31
750 2 336 -99 74 13
750 3 -216 193 -287 -404
750 4 294 -33 -250 -32
750 5 49 199 -341 -110
750 6 312 391 90 481
750 7 233 -643 22 -138
750 8 287 -138 -15 334
750 9 -19 47 18 -352
750 10 567 -191 -366 113
750 11 318 -229 358 50
750 12 392 -396 -198 79
750 13 129 13 152 2
750 14 104 23 -218 -49
750 15 379 114 -465 -83
751 0 -447 33 -509 -138
751 1 63 -111 -163 581
751 2 319 318 -864 -350
751 3 -544 -10 -419 94
751 4 -407 167 369 246
751 5 160 -596 -333 175
751 6 422 142 484 155
751 7 70 -451 -111 -461
751 8 -325 119 -73 -88
751 9 -218 -205 419 -204
751 10 -376 -136 -121 -301
751 11 -132 524 -53 139
751 12 -774 -130 34 -300
751 13 94 -251 -350 -112
751 14 248 377 -217 345
751 15 -184 -337 115 347
752 0 -119 -172 -616 -516
752 1 -72 -485 450 234
752 2 183 -12 -47 366
752 3 -326 -240 317 -300
752 4 167 -116 173 -2
752 5 -489 -506 9 -122
752 6 -436 80 -166 -129
752 7 -22 167 116 197
752 8 238 37 75 -372
752 9 -564 46 209 -30
752 10 -304 -45 -556 -91
752 11 40 -152 -240 -65
752 12 -181 37 -6 -173
752 13 -606 -168 -296 415
752 14 123 -370 -122 126
752 15 -91 -161 218 -232
753 0 182 -393 59 599
753 1 -4 -34 101 -280
753 2 -173 -404 -114 106
753 3 216 223 289 -182
753 4 94 -31 -485 -419
753 5 39 453 -49 167
753 6 34 593 152 -89
753 7 25 298 222 -453
753 8 -94 120 -111 -385
753 9 -211 -242 -93 -133
753 10 21 149 15 -144
753 11 115 575 -115 208
753 12 154 549 351 170
753 13 -152 300 112 21
753 14 105 60 172 -456
753 15 -109 187 221 -309
754 0 398 -257 395 328
754 1 5 -369 170 -78
754 2 105 157 41 52
754 3 11 54 61 -641
754 4 -76 50 528 1
754 5 -356 358 287 154
754 6 488 -13 -105 -213
754 7 239 -21 376 -460
754 8 480 -171 -84 -244
754 9 -17 337 -127 -155
754 10 -287 535 -156 89
754 11 160 216 295 166
754 12 -133 40 -351 -24
754 13 -100 61 86 -175
754 14 159 162 -47 362
754 15 510 177 220 -195
755 0 163 62 -191 -84
755 1 -221 40 331 63
755 2 267 -23 -148 217
755 3 -313 -241 -165 77
755 4 40 43 66 310
755 5 -4 -488 203 -368
755 6 -128 26 0 -185
755 7 74 289 -150 160
755 8 -188 34 25 -153
755 9 -328 263 482 -69
755 10 -24 76 -151 49
755 11 106 -197 -101 -26
755 12 -186 136 207 -110
755 13 -107 57 -142 482
755 14 338 -391 160 47
755 15 -247 -15 218 -166
756 0 340 -356 156 -1
756 1 312 129 -102 3
756 2 12 386 315 -203
756 3 272 -366 -313 -57
756 4 -423 59 490 -338
756 5 -108 152 363 68
756 6 188 119 1 -386
756 7 -126 -270 -41 -21
756 8 97 -110 79 -144
756 9 192 229 182 4
756 10 -54 192 -7 55
756 11 27 124 -107 308
756 12 46 152 173 -50
756 13 8 114 335 -304
756 14 -93 -435 -294 -177
756 15 -59 -119 120 -185
757 0 -79 -313 13 -226
757 1 16 -86 -209 110
757 2 -24 102 -463 105
757 3 -55 -79 -185 25
757 4 -168 66 442 70
757 5 71 -52 -18 -82
757 6 -186 -271 -373 402
757 7 188 -462 -61 -210
757 8 -346 411 106 56
757 9 58 -329 142 -189
757 10 352 204 59 -408
757 11 -337 265 170 -264
757 12 -249 -147 -125 320
757 13 -3 -145 75 -293
757 14 311 -280 -133 -555
757 15 506 218 236 -117
758 0 -18 -36 511 -201
758 1 33 -189 -244 -70
758 2 372 78 -265 219
758 3 59 -10 132 -312
758 4 43 118 -28 -60
758 5 350 -29 282 -212
758 6 28 22 67 74
758 7 402 84 -299 -202
758 8 97 -345 123 -110
758 9 -310 -98 252 -25
758 10 -100 76 -329 -44
758 11 672 206 56 457
758 12 13 -100 87 -23
758 13 152 -211 -314 182
758 14 100 -353 -5 211
758 15 154 -13 -102 -32
759 0 -266 -241 -31 0
759 1 -754 258 -98 -211
759 2 -316 9 68 -32
759 3 -144 22 -177 -317
759 4 -2 -528 -273 607
759 5 189 295 58 580
759 6 -276 18 -110 -95
759 7 174 58 221 -406
759 8 96 306 -196 379
759 9 526 -363 337 -163
759 10 -538 -103 -384 -148
759 11 200 -172 -554 -679
759 12 -64 -94 -123 335
759 13 -178 268 -441 -276
759 14 1111 215 804 -321
759 15 122 59 -169 -225
760 0 -135 64 127 -191
760 1 -91 45 -312 243
760 2 355 -131 140 64
760 3 -54 -86 -464 -93
760 4 -107 -353 278 260
760 5 151 24 118 -61
760 6 -349 -147 145 388
760 7 387 -328 -66 208
760 8 120 347 -131 -138
760 9 38 221 -27 -199
760 10 -87 329 -309 -143
760 11 192 -352 -110 -83
760 12 -385 -33 -364 -40
760 13 185 -119 -188 181
760 14 221 30 503 -12
760 15 71 -271 112 -136
761 0 175 185 157 -186
761 1 352 -500 222 129
761 2 44 144 -92 -140
761 3 -173 -153 83 365
761 4 5 -280 -27 130
761 5 31 -146 -250 196
761 6 32 -28 -281 128
761 7 -238 -74 231 75
761 8 -153 166 107 75
761 9 133 113 98 387
761 10 88 -397 -312 78
761 11 -366 23 52 -183
761 12 344 101 145 -108
761 13 -74 45 337 -171
761 14 224 1 -206 40
761 15 209 64 433 -84
762 0 -368 196 -40 180
762 1 -382 -260 138 -80
762 2 -198 78 -139 29
762 3 -319 -16 509 -129
762 4 151 225 16 370
762 5 115 -193 20 -105
762 6 206 -274 -442 -307
762 7 200 397 3 -193
762 8 402 -311 -571 99
762 9 243 116 124 199
762 10 -319 260 -170 332
762 11 25 104 176 9
762 12 285 -106 -334 86
762 13 -310 -51 -409 -82
762 14 40 136 -30 292
762 15 74 423 -328 75
763 0 -45 128 -403 57
763 1 -356 -172 350 -498
763 2 86 -106 -53 139
763 3 -177 66 -14 -212
763 4 160 -124 -58 30
763 5 -666 320 137 147
763 6 463 -433 -63 19
763 7 209 147 98 -160
763 8 43 -366 -365 -4
763 9 -229 201 -77 -136
763 10 -237 -55 320 -140
763 11 -34 211 56 336
763 12 -277 -149 -396 -235
763 13 148 169 241 100
763 14 -297 228 89 816
763 15 -398 172 -48 247
764 0 -16 326 265 175
764 1 -17 231 -555 17
764 2 -47 65 -5 104
764 3 324 -162 -277 -50
764 4 -136 13 -141 -94
764 5 267 -123 -12 -70
764 6 231 -27 230 293
764 7 173 -235 -102 126
764 8 -282 -74 -366 249
764 9 137 -11 87 -19
764 10 335 -137 387 92
764 11 275 244 185 75
764 12 -138 -16 298 34
764 13 280 334 200 -132
764 14 -526 238 -312 134
764 15 204 40 50 364
765 0 103 -236 -312 -132
765 1 -12 56 144 4
765 2 49 -134 -1 -656
765 3 -506 -272 -373 324
765 4 -277 -45 -256 -275
765 5 285 -459 -60 -14
765 6 13 298 574 -68
765 7 -721 44 81 88
765 8 -203 -127 -281 116
765 9 178 131 395 -47
765 10 209 -249 106 222
765 11 179 161 91 -286
765 12 -162 -51 588 -163
765 13 74 510 -312 41
765 14 -64 290 -221 186
765 15 -386 -440 245 -292
766 0 -301 63 -182 -448
766 1 -146 54 -169 791
766 2 163 107 47 -213
766 3 194 -296 -550 496
766 4 -210 -41 -119 -137
766 5 124 -315 96 101
766 6 133 125 231 -118
766 7 -150 -444 -463 213
766 8 -252 281 -202 -112
766 9 375 -172 110 -179
766 10 -21 27 129 145
766 11 -34 -486 -456 47
766 12 -90 326 36 -196
766 13 344 -209 291 -43
766 14 -122 -199 265 -101
766 15 -732 -610 -274 0
767 0 105 286 -11 -239
767 1 136 -278 -576 -4
767 2 -278 577 -118 -237
767 3 241 31 471 -76
767 4 -374 -139 98 46
767 5 10 105 397 389
767 6 -89 -207 -383 -204
767 7 88 13 52 -41
767 8 -139 -468 253 532
767 9 455 -455 257 307
767 10 -531 -128 -59 183
767 11 91 -49 -112 279
767 12 174 -235 -79 38
767 13 127 -195 281 -270
767 14 -41 -170 115 132
767 15 -16 360 -171 306
768 0 -271 29 35 122
768 1 442 160 -290 41
768 2 -604 194 257 -114
768 3 -159 -598 -282 285
768 4 -97 20 14 440
768 5 110 121 213 63
768 6 -34 -261 -296 -41
768 7 -32 163 -77 90
768 8 60 415 -159 108
768 9 -159 182 -224 242
768 10 263 103 150 -571
768 11 28 42 48 -40
768 12 29 -128 150 -33
768 13 333 157 -193 37
768 14 146 -42 -526 -93
768 15 90 -64 88 -424
769 0 126 -285 -313 92
769 1 -380 276 129 324
769 2 134 98 485 -138
769 3 272 405 35 -534
769 4 164 -373 51 8
769 5 -166 -137 -294 -9
769 6 -10 76 280 130
769 7 -100 55 -115 273
769 8 4 359 29 -404
769 9 -12 152 -482 -157
769 10 -284 242 287 352
769 11 -233 -540 -132 -559
769 12 42 46 6 -492
769 13 -280 -72 44 -266
769 14 -543 672 544 46
769 15 17 -600 -52 188
770 0 -68 260 -138 46
770 1 -170 96 251 392
770 2 119 37 -222 42
770 3 -285 -90 -44 -181
770 4 145 266 116 118
770 5 -437 -66 -311 11
770 6 251 142 42 138
770 7 -438 -286 -175 35
770 8 -172 42 300 264
770 9 -135 -128 -172 -437
770 10 94 222 207 29
770 11 54 232 300 159
770 12 -57 -267 -72 411
770 13 132 -426 -113 -275
770 14 -82 178 -349 398
770 15 504 -23 105 -115
771 0 -216 -32 -246 -228
771 1 -14 166 -163 -4
771 2 457 -236 -376 110
771 3 274 118 -278 -195
771 4 -367 -241 39 -179
771 5 -301 112 -277 347
771 6 -37 287 260 -98
771 7 -183 -182 -524 -4
771 8 -566 -92 501 -177
771 9 -126 -90 59 -154
771 10 -468 177 -99 189
771 11 221 361 -404 657
771 12 88 50 -16 155
771 13 54 -510 -23 -182
771 14 296 -372 387 -36
771 15 -88 -422 292 -333
772 0 374 467 738 534
772 1 451 -147 69 -183
772 2 175 130 -109 -44
772 3 -183 198 100 603
772 4 26 25 -58 71
772 5 87 237 -187 357
772 6 142 347 238 39
772 7 230 555 270 362
772 8 159 404 146 -53
772 9 480 450 406 367
772 10 220 -609 -181 -184
772 11 351 286 -151 146
772 12 242 16 253 -306
772 13 299 -31 228 182
772 14 280 -75 89 429
772 15 -375 -113 -365 -460
773 0 333 187 49 560
773 1 371 -223 303 -68
773 2 42 246 -219 -498
773 3 -380 225 33 50
773 4 57 -75 86 101
773 5 114 569 -251 87
773 6 169 187 -431 322
773 7 -172 3 499 -109
773 8 -297 38 364 3
773 9 67 55 -163 243
773 10 240 108 -126 -66
773 11 -626 154 580 -15
773 12 75 -102 55 249
773 13 -258 -24 319 -266
773 14 88 399 8 -47
773 15 377 499 221 193
774 0 -144 -380 -207 -161
774 1 -167 -155 40 -175
774 2 -266 -427 55 108
774 3 -73 467 261 -273
774 4 197 -71 49 157
774 5 -240 -112 -111 176
774 6 106 188 21 -188
774 7 153 -87 142 -386
774 8 271 10 -65 -260
774 9 -110 -3 -202 -535
774 10 -430 230 -183 204
774 11 -22 -267 20 -171
774 12 -173 -58 -349 -88
774 13 -110 78 -21 376
774 14 107 -161 99 -212
774 15 77 107 -133 -96
775 0 234 152 391 91
775 1 -279 153 119 89
775 2 176 -159 469 97
775 3 199 -763 -445 545
775 4 -373 66 118 357
775 5 272 473 878 -118
775 6 -5 -736 -204 219
775 7 -122 -126 -329 27
775 8 266 503 -288 14
775 9 92 181 -93 119
775 10 71 693 364 -8
775 11 -210 -16 -55 305
775 12 410 103 -501 182
775 13 637 110 -93 -566
775 14 246 -260 189 -258
775 15 -42 -6 409 -496
776 0 -322 247 69 -379
776 1 -102 58 -22 -166
776 2 -401 -97 61 -41
776 3 -23 -141 -246 -6
776 4 283 -406 9 943
776 5 380 -168 -235 454
776 6 237 -92 -404 -15
776 7 333 -164 -197 -183
776 8 -160 58 -139 -144
776 9 93 117 253 188
776 10 -281 35 -161 106
776 11 -340 -218 -33 -184
776 12 61 -489 -104 281
776 13 -243 88 -89 258
776 14 677 -344 42 -343
776 15 87 4 -93 214
777 0 374 86 374 -19
777 1 210 -135 -76 -447
777 2 -291 -165 212 391
777 3 105 -312 174 47
777 4 119 -52 103 -282
777 5 -64 176 261 54
777 6 -169 -150 313 145
777 7 98 326 59 167
777 8 338 -58 -243 -112
777 9 -176 291 54 337
777 10 518 -290 126 -476
777 11 564 652 49 129
777 12 -145 -4 426 219
777 13 137 134 -10 288
777 14 -144 -298 -411 394
777 15 29 -275 78 -494
778 0 -389 -404 123 53
778 1 218 330 384 23
778 2 399 -20 -58 -474
778 3 -142 -299 -430 29
778 4 601 131 -96 -307
778 5 44 -50 -479 43
778 6 374 151 -279 -296
778 7 -251 -196 -475 -213
778 8 -264 -165 -172 -423
778 9 123 -17 148 -341
778 10 -24 371 110 -148
778 11 -153 428 -156 142
778 12 73 72 93 221
778 13 -141 141 -383 -87
778 14 247 21 -133 15
778 15 -217 -274 237 137
779 0 256 -485 161 -104
779 1 330 246 -688 -39
779 2 -141 134 282 -237
779 3 149 -283 179 -290
779 4 265 148 169 -201
779 5 -153 -294 -241 -184
779 6 -351 252 -15 -545
779 7 43 207 178 239
779 8 -242 -194 250 -121
779 9 564 123 397 -331
779 10 -312 -60 209 -133
779 11 372 6 -73 -316
779 12 -343 -138 222 149
779 13 55 -36 -99 8
779 14 -183 59 -54 275
779 15 339 -97 143 -116
780 0 96 16 115 18
780 1 395 189 -796 193
780 2 78 142 -265 -219
780 3 132 76 392 -132
780 4 -118 -29 181 215
780 5 161 -255 21 -27
780 6 -457 390 187 -54
780 7 116 -6 149 290
780 8 -102 129 526 70
780 9 184 -326 220 -428
780 10 -458 73 -205 -178
780 11 272 28 -123 114
780 12 -427 -252 -46 194
780 13 260 -439 -152 14
780 14 29 -41 63 -150
780 15 305 385 109 136
781 0 632 201 -13 17
781 1 -32 -118 63 157
781 2 45 112 55 80
781 3 133 -52 339 88
781 4 -49 -142 232 218
781 5 353 -144 217 -272
781 6 -240 -14 36 195
781 7 -332 319 106 312
781 8 -114 197 396 -315
781 9 -103 103 -68 328
781 10 64 44 -19 318
781 11 -336 -110 206 -302
781 12 -24 87 404 245
781 13 -285 -264 147 -221
781 14 -211 -135 82 -77
781 15 453 -12 342 30
782 0 -94 127 -63 108
782 1 -565 107 -9 -144
782 2 114 31 -19 204
782 3 153 -13 -451 -52
782 4 -329 402 -223 16
782 5 29 410 225 -5
782 6 -41 59 168 127
782 7 -361 -12 -39 -383
782 8 -109 -190 483 326
782 9 -9 -22 167 107
782 10 -48 -189 102 352
782 11 -8 11 -117 -148
782 12 -7 -221 -207 388
782 13 236 190 -171 -328
782 14 373 -89 -130 135
782 15 419 -165 -100 -201
783 0 -72 -65 149 -242
783 1 158 220 -142 -236
783 2 -239 -19 -25 -220
783 3 316 344 -11 491
783 4 -374 -162 239 -315
783 5 177 -236 -205 281
783 6 171 -340 139 -515
783 7 -540 201 -183 43
783 8 54 -290 -99 243
783 9 795 29 -325 499
783 10 41 -317 147 634
783 11 -161 -55 -323 -416
783 12 364 312 290 -44
783 13 -127 -32 30 -350
783 14 70 -74 155 -76
783 15 -34 -480 -127 -46
784 0 -420 58 -105 -576
784 1 28 -417 -313 16
784 2 -25 -259 -277 356
784 3 285 -89 85 176
784 4 -49 275 -114 -56
784 5 -256 -638 26 -158
784 6 -47 -563 7 -194
784 7 -185 69 -415 130
784 8 -132 -209 -79 115
784 9 -133 191 -89 110
784 10 -12 -126 240 219
784 11 186 -77 63 -139
784 12 -9 -149 -428 -233
784 13 390 -89 -87 217
784 14 -140 -143 -442 395
784 15 103 -132 244 -154
785 0 102 -12 67 270
785 1 -106 105 361 -34
785 2 164 -17 117 277
785 3 -143 -64 133 139
785 4 226 419 317 0
785 5 -315 50 7 -13
785 6 -73 -318 20 214
785 7 -58 6 173 24
785 8 496 452 -17 -35
785 9 -18 34 36 -219
785 10 51 -7 221 -328
785 11 -170 342 -11 -255
785 12 -146 -205 -392 39
785 13 8 100 -371 -253
785 14 37 163 -306 175
785 15 216 36 50 -54
786 0 47 -81 262 -409
786 1 89 -66 495 -230
786 2 460 -170 -21 247
786 3 -209 -126 -434 -238
786 4 132 5 -17 64
786 5 -17 122 -244 -247
786 6 338 -315 10 191
786 7 452 -158 169 -130
786 8 63 -295 22 -91
786 9 -534 204 -15 285
786 10 269 -374 -74 -265
786 11 -24 -142 314 214
786 12 61 -259 -88 -358
786 13 -254 -26 -168 106
786 14 147 212 -7 234
786 15 35 -165 -19 302
787 0 -170 -847 -245 -29
787 1 206 -13 -246 35
787 2 235 554 -255 -232
787 3 151 51 -307 -183
787 4 -484 -104 349 -353
787 5 377 -14 277 -61
787 6 89 217 502 -85
787 7 -299 16 -186 119
787 8 117 453 147 -723
787 9 -224 246 -49 -19
787 10 25 -188 -500 -312
787 11 217 191 -82 -276
787 12 -513 90 456 -463
787 13 -308 -230 -53 -506
787 14 -277 -161 -289 -135
787 15 -117 -374 -210 -170
788 0 -77 -257 -157 8
788 1 -61 -264 25 -193
788 2 214 -116 322 -236
788 3 150 -88 169 -124
788 4 486 -481 -476 -239
788 5 79 57 -233 182
788 6 -789 -111 -27 209
788 7 -621 46 -274 282
788 8 -246 203 56 -203
788 9 28 320 82 157
788 10 -252 0 -350 -88
788 11 51 236 -96 -614
788 12 199 -8 -168 159
788 13 -114 241 -252 -201
788 14 204 404 231 139
788 15 127 -145 829 -273
789 0 38 -159 192 19
789 1 622 307 -59 -227
789 2 445 300 -48 -456
789 3 86 -226 -226 73
789 4 -268 -182 251 -58
789 5 -109 7 98 -232
789 6 135 -391 -103 -523
789 7 68 569 -35 262
789 8 -2 -411 121 -94
789 9 63 276 -192 448
789 10 -227 32 173 -117
789 11 -87 -48 -407 374
789 12 92 162 20 -549
789 13 205 -165 -165 -88
789 14 56 235 262 414
789 15 -344 -226 267 113
790 0 241 -362 -14 290
790 1 -51 228 246 111
790 2 158 346 11 -54
790 3 3 188 92 8
790 4 -84 330 394 -102
790 5 -229 -194 -64 98
790 6 514 12 -173 -745
790 7 -216 188 -341 -9
790 8 -165 163 144 -270
790 9 386 232 215 -270
790 10 -467 300 126 417
790 11 64 -25 24 26
790 12 345 226 155 -393
790 13 -303 -168 77 -453
790 14 -74 -209 207 30
790 15 -171 -90 -139 -142
791 0 192 -6 85 -229
791 1 -27 289 -139 -103
791 2 -302 85 342 34
791 3 124 205 296 128
791 4 73 242 -108 -26
791 5 35 -15 -84 31
791 6 -83 220 347 -244
791 7 -150 -157 -126 -180
791 8 116 -288 488 360
791 9 54 -167 114 -77
791 10 -258 -538 -8 81
791 11 159 -134 -161 49
791 12 205 -117 128 66
791 13 257 -187 123 -14
791 14 -48 -260 -145 -8
791 15 -2 -85 -389 105
792 0 202 141 -190 24
792 1 -86 150 9 -355
792 2 -149 107 372 -126
792 3 -60 -402 -397 -79
792 4 21 -550 -99 265
792 5 255 312 -9 -54
792 6 -325 -290 33 137
792 7 0 165 -238 359
792 8 -460 -54 -125 -79
792 9 -152 680 154 709
792 10 213 -120 -43 -339
792 11 31 81 195 -84
792 12 34 -71 321 121
792 13 -169 7 139 3
792 14 106 178 370 213
792 15 -216 -232 310 -159
793 0 179 72 395 -340
793 1 457 -437 19 232
793 2 75 54 114 345
793 3 309 -9 480 637
793 4 245 334 -170 -127
793 5 165 -73 39 364
793 6 -150 -175 32 -260
793 7 -4 56 107 193
793 8 330 452 378 -241
793 9 163 -144 268 303
793 10 -317 -733 -334 -282
793 11 113 -180 -152 -148
793 12 256 19 -161 -361
793 13 -116 -283 -41 -101
793 14 213 -235 -45 -34
793 15 -333 -71 -221 104
794 0 273 -370 227 -306
794 1 -31 234 196 -80
794 2 -144 -323 401 -265
794 3 -348 -322 -387 538
794 4 296 -166 -178 177
794 5 424 36 87 103
794 6 44 -10 223 -179
794 7 -245 -365 -95 -430
794 8 -34 151 -130 -21
794 9 128 4 238 -365
794 10 -95 -114 -160 -280
794 11 52 -103 -82 -248
794 12 -95 274 262 188
794 13 314 288 -75 107
794 14 604 -209 259 -219
794 15 -230 -222 298 -208
795 0 -119 101 -75 -8
795 1 3 -101 10 108
795 2 -77 284 -210 -1
795 3 -58 -189 360 -202
795 4 144 -127 -269 221
795 5 -28 -239 49 -319
795 6 -81 352 -222 39
795 7 69 425 212 347
795 8 48 -6 57 28
795 9 -187 -206 4 21
795 10 212 -238 -138 -62
795 11 -7 -149 -149 -13
795 12 14 -69 323 19
795 13 -74 -138 133 108
795 14 -268 -96 -346 25
795 15 114 368 -221 83
796 0 -100 -183 -35 -117
796 1 -467 126 -300 168
796 2 -325 116 -1 42
796 3 213 -14 -88 -595
796 4 -232 -108 23 232
796 5 425 -43 41 77
796 6 47 449 5 -10
796 7 152 -484 -146 -116
796 8 -149 25 -99 34
796 9 130 -159 260 -191
796 10 -14 289 -285 296
796 11 205 -141 296 -57
796 12 58 -233 161 437
796 13 -458 -120 94 -268
796 14 48 -248 15 -711
796 15 332 269 -348 42
797 0 17 87 -368 507
797 1 -359 -84 14 -270
797 2 662 222 -564 -32
797 3 -237 501 -53 -308
797 4 -222 -74 -212 49
797 5 -307 181 -5 -3
797 6 -91 13 -85 471
797 7 -392 185 127 12
797 8 -588 128 586 336
797 9 -149 -73 138 -408
797 10 -312 -61 -88 303
797 11 2 140 134 -227
797 12 -176 -241 -181 -177
797 13 158 244 -18 -417
797 14 4 405 174 421
797 15 523 464 462 84
798 0 207 -140 -290 424
798 1 -105 153 -182 -217
798 2 -94 -7 33 -171
798 3 151 245 -46 51
798 4 -331 -235 4 -166
798 5 -74 297 259 231
798 6 345 71 593 -31
798 7 -45 116 -286 -304
798 8 -163 50 -207 -286
798 9 -195 191 -176 -123
798 10 -335 150 316 -81
798 11 127 494 -213 434
798 12 -196 414 216 -358
798 13 488 79 393 -105
798 14 -375 115 276 282
798 15 -562 -291 135 -147
799 0 -266 -308 -95 172
799 1 -133 40 -221 165
799 2 -175 557 -76 -562
799 3 -337 264 -249 -350
799 4 -317 153 572 -4
799 5 170 -182 371 -191
799 6 -8 -167 -290 124
799 7 -12 -401 -53 -503
799 8 246 -265 -234 465
799 9 170 -118 -92 -291
799 10 88 711 -87 233
799 11 -149 -203 203 -439
799 12 -303 -152 -279 -5
799 13 133 441 -241 50
799 14 104 149 -232 -222
799 15 413 176 -65 118
800 0 7 410 3 165
800 1 -107 331 597 29
800 2 27 116 188 201
800 3 -196 81 256 -39
800 4 276 -56 -157 594
800 5 370 -230 66 -467
800 6 47 102 176 210
800 7 261 213 189 301
800 8 653 89 -82 18
800 9 -726 28 -236 232
800 10 243 -328 -332 -94
800 11 -249 -468 32 -4
800 12 109 -84 149 -251
800 13 -370 -60 -194 325
800 14 -161 143 -193 -256
800 15 -169 380 -437 667
801 0 -29 548 301 -149
801 1 26 50 -515 395
801 2 47 -186 50 153
801 3 430 -443 -340 119
801 4 -233 -308 207 223
801 5 -13 54 0 -38
801 6 108 219 135 270
801 7 151 -225 494 415
801 8 196 149 -200 -62
801 9 524 -35 -323 -60
801 10 241 -38 128 257
801 11 -246 -221 -274 60
801 12 -436 133 -77 556
801 13 245 -222 436 -204
801 14 -320 -20 -128 96
801 15 516 -45 -16 151
802 0 -195 226 84 480
802 1 642 218 -96 -33
802 2 339 482 -52 -115
802 3 -141 365 95 -199
802 4 64 107 552 -144
802 5 -104 196 28 251
802 6 168 -321 -629 25
802 7 335 4 -224 165
802 8 76 -10 105 -74
802 9 -75 -82 -157 -112
802 10 -325 614 -133 -58
802 11 134 98 209 504
802 12 89 -189 -127 -404
802 13 -366 34 -405 68
802 14 -235 -14 69 45
802 15 -62 194 -105 499
803 0 -42 388 -212 837
803 1 -144 -246 -287 -1
803 2 21 221 177 95
803 3 -23 278 -105 420
803 4 -59 518 -143 53
803 5 -195 601 534 -23
803 6 -340 -227 -573 248
803 7 -138 71 291 -39
803 8 -115 409 321 278
803 9 283 188 27 -262
803 10 -217 276 10 200
803 11 -297 -469 192 -386
803 12 -208 38 -795 -5
803 13 458 578 280 13
803 14 -36 51 61 111
803 15 208 677 45 6
804 0 -571 -494 -393 -152
804 1 58 -267 -221 125
804 2 -47 63 -41 -431
804 3 -400 -32 46 99
804 4 -33 -306 -136 190
804 5 -113 -194 -295 -52
804 6 -143 248 -151 -299
804 7 86 -40 -139 6
804 8 -93 239 -258 -196
804 9 204 332 94 -275
804 10 -478 20 -561 -142
804 11 11 -204 -264 2
804 12 90 204 -275 -441
804 13 209 -233 181 9
804 14 50 -25 197 21
804 15 -398 86 -71 -449
805 0 -297 35 71 118
805 1 162 98 37 177
805 2 -505 148 -49 207
805 3 -12 -232 -522 -183
805 4 379 157 -185 106
805 5 -131 -65 -204 413
805 6 422 180 -47 -129
805 7 -232 -124 -212 -160
805 8 -256 241 -24 11
805 9 -293 57 -99 -126
805 10 442 -78 129 -386
805 11 373 151 218 -373
805 12 -287 -112 480 213
805 13 -92 325 -128 294
805 14 322 20 -682 119
805 15 297 -326 19 -167
806 0 333 -386 74 -454
806 1 -126 45 -2 107
806 2 181 -147 -113 -14
806 3 121 -426 208 114
806 4 -110 320 70 -133
806 5 163 -419 51 -266
806 6 -318 -211 77 -64
806 7 -160 -67 28 285
806 8 -134 174 77 0
806 9 295 -291 529 -59
806 10 117 -68 377 -102
806 11 -60 161 156 -210
806 12 80 -354 -46 164
806 13 -126 -217 -287 -491
806 14 -4 -21 -45 -338
806 15 49 94 170 -87
807 0 332 62 -141 317
807 1 -329 -262 197 214
807 2 -385 314 85 174
807 3 44 261 248 -96
807 4 269 90 73 208
807 5 2 -60 124 215
807 6 38 -35 411 -151
807 7 -146 -129 -102 56
807 8 117 408 -64 -91
807 9 -99 467 109 53
807 10 -12 -143 -231 -322
807 11 196 -35 437 -581
807 12 -326 51 -106 -32
807 13 -181 -203 347 16
807 14 82 317 57 229
807 15 -161 170 -123 34
808 0 -487 -256 -91 -175
808 1 121 315 -228 -62
808 2 10 208 -127 51
808 3 237 64 -122 -538
808 4 196 -75 -24 48
808 5 -207 -417 -233 -55
808 6 -108 246 -297 -183
808 7 179 305 -550 294
808 8 -348 -54 265 -209
808 9 -231 -5 69 -145
808 10 14 213 116 65
808 11 274 -159 -330 -35
808 12 73 -338 241 -178
808 13 -135 -10 -252 420
808 14 15 -416 -201 -174
808 15 37 -316 -191 -149
809 0 -595 710 -206 123
809 1 202 -396 -170 243
809 2 387 21 -530 -115
809 3 -225 192 -204 139
809 4 -247 -14 132 -113
809 5 5 -36 -8 550
809 6 101 -236 -441 716
809 7 465 -143 -70 104
809 8 -152 114 -442 -12
809 9 106 -357 213 115
809 10 -16 468 148 145
809 11 -82 281 41 482
809 12 -114 -419 -373 -279
809 13 -94 344 -391 335
809 14 -113 90 56 94
809 15 -447 -123 -140 312
810 0 13 191 322 63
810 1 8 -357 280 76
810 2 524 23 -741 -61
810 3 -148 239 62 -43
810 4 -318 -185 7 203
810 5 -229 -244 -294 127
810 6 649 161 -129 351
810 7 -160 -38 191 -206
810 8 -162 65 130 248
810 9 18 -226 -101 -180
810 10 25 -76 -2 556
810 11 -284 320 -6 213
810 12 393 -34 -27 -224
810 13 263 13 256 -471
810 14 85 136 -311 154
810 15 616 271 406 -45
811 0 6 46 204 40
811 1 81 237 34 -171
811 2 -18 -398 53 524
811 3 -76 278 258 196
811 4 88 358 467 -215
811 5 -169 -20 -264 -129
811 6 -279 -427 8 51
811 7 481 -108 18 286
811 8 384 246 -268 84
811 9 216 75 -52 -51
811 10 322 63 108 -301
811 11 176 132 251 51
811 12 72 -60 -349 19
811 13 -284 -285 -277 116
811 14 -96 -87 200 -247
811 15 -82 114 -371 -73
812 0 -273 194 -461 -241
812 1 -292 -529 65 71
812 2 48 -158 -95 407
812 3 97 -69 55 -69
812 4 -42 153 -193 -108
812 5 -319 57 199 -39
812 6 -195 -351 -54 115
812 7 299 101 -315 -57
812 8 -125 -154 -149 -184
812 9 -476 168 80 362
812 10 -123 93 111 -132
812 11 72 27 -13 349
812 12 6 -25 -480 -231
812 13 86 -156 36 358
812 14 -84 -91 154 344
812 15 -516 -221 -37 -172
813 0 -88 -308 58 61
813 1 33 0 373 -466
813 2 359 227 -432 -170
813 3 -121 440 139 -131
813 4 72 100 272 -196
813 5 -169 47 251 -123
813 6 312 -122 17 16
813 7 84 119 162 -123
813 8 508 -257 19 -49
813 9 -135 -139 -79 -285
813 10 110 -106 -108 -157
813 11 -138 141 -88 11
813 12 -354 -240 -271 -222
813 13 -4 50 -46 66
813 14 -55 -102 -252 132
813 15 -178 399 -368 397
814 0 316 16 -46 190
814 1 420 23 179 -134
814 2 -33 418 61 -29
814 3 32 -63 485 -116
814 4 -101 -248 -11 233
814 5 -127 -292 203 19
814 6 79 106 -142 -116
814 7 -96 274 112 262
814 8 106 141 202 61
814 9 -504 -28 31 68
814 10 -227 -205 -185 -26
814 11 -58 63 -94 231
814 12 359 5 379 -555
814 13 -101 198 193 -58
814 14 -232 -116 -455 -175
814 15 -15 474 346 201
815 0 -165 -130 -264 -396
815 1 -66 -299 -14 -370
815 2 237 -266 60 -393
815 3 -173 26 22 65
815 4 293 -350 -499 223
815 5 316 50 252 -9
815 6 -171 -96 -23 44
815 7 -245 262 39 -349
815 8 -46 -461 196 -264
815 9 -294 -38 14 -56
815 10 -676 -83 -306 206
815 11 -159 -287 -222 -122
815 12 -274 -152 -209 -57
815 13 253 300 -326 360
815 14 251 8 255 356
815 15 -131 -63 358 237
816 0 -2 -36 19 -173
816 1 -253 79 -47 -49
816 2 -481 261 16 -183
816 3 -238 128 232 -177
816 4 65 -121 -91 233
816 5 159 -71 185 -16
816 6 32 354 30 -69
816 7 -82 -85 -379 -577
816 8 -13 -468 183 434
816 9 -220 -293 65 -166
816 10 -89 30 -217 105
816 11 242 57 -191 169
816 12 174 46 404 316
816 13 388 -55 127 289
816 14 263 -506 -156 -65
816 15 139 -7 -199 -218
817 0 322 72 281 -122
817 1 142 319 210 154
817 2 308 -266 -181 329
817 3 110 -214 -77 -104
817 4 201 -52 -74 -190
817 5 264 -243 305 -228
817 6 312 -68 200 -188
817 7 88 131 -150 187
817 8 -64 -152 -195 -251
817 9 -461 -372 -154 -227
817 10 276 261 128 -109
817 11 519 -27 164 386
817 12 -224 390 690 38
817 13 -305 -83 -294 318
817 14 -145 -118 244 -89
817 15 -212 -61 188 381
818 0 -356 -321 -99 -148
818 1 257 -130 27 305
818 2 -48 85 299 -419
818 3 -429 -339 -442 -71
818 4 -44 -20 102 18
818 5 245 -5 -129 -224
818 6 67 -11 -289 -54
818 7 201 -86 -183 -185
818 8 0 -67 -344 -335
818 9 -159 359 -131 246
818 10 68 461 -161 -69
818 11 -59 -253 182 134
818 12 186 76 55 -341
818 13 -121 65 -292 201
818 14 -14 113 10 -34
818 15 -186 -516 -34 -311
819 0 -156 -135 128 -46
819 1 48 -277 -53 109
819 2 16 388 -50 -569
819 3 71 -420 -559 -96
819 4 -56 5 -205 -76
819 5 99 50 276 117
819 6 126 121 -294 243
819 7 131 -104 133 54
819 8 -153 5 -256 -15
819 9 263 -1 425 141
819 10 455 92 312 -156
819 11 -197 -97 -8 -219
819 12 -165 -474 -140 -97
819 13 245 582 169 115
819 14 89 128 -378 -45
819 15 -296 -41 -134 -6
820 0 16 -110 -336 -329
820 1 -7 -238 -191 -48
820 2 176 -390 -35 154
820 3 -308 -416 -394 -97
820 4 -361 406 1 128
820 5 -130 -29 119 -84
820 6 -110 -146 -294 -99
820 7 261 25 732 -367
820 8 -214 -260 151 -4
820 9 -39 -146 499 -80
820 10 -479 15 141 186
820 11 -130 -287 201 12
820 12 -396 -356 -334 -72
820 13 -220 491 -544 144
820 14 317 89 24 56
820 15 284 39 320 56
821 0 -201 338 36 38
821 1 -287 199 -475 538
821 2 309 151 -272 -76
821 3 214 -68 -242 109
821 4 151 197 161 23
821 5 510 -455 -139 -60
821 6 60 -83 -22 -146
821 7 -225 -351 -649 220
821 8 -598 -13 -121 -103
821 9 620 23 362 -264
821 10 -216 468 32 475
821 11 165 3 229 -212
821 12 -302 89 16 518
821 13 -145 -297 -154 -272
821 14 -78 8 322 121
821 15 174 -52 102 433
822 0 -380 177 359 394
822 1 54 -165 42 222
822 2 302 222 -582 418
822 3 357 -180 -292 -141
822 4 48 -139 150 -123
822 5 -218 145 375 322
822 6 477 -45 -455 124
822 7 -168 428 -24 647
822 8 169 755 -311 -471
822 9 241 -97 -409 -262
822 10 623 450 -2 1
822 11 350 152 -71 -203
822 12 -308 102 227 217
822 13 -318 0 -51 -262
822 14 -124 -286 -323 99
822 15 339 63 -162 -277
823 0 -83 101 -51 -205
823 1 -405 -10 90 172
823 2 457 328 103 65
823 3 -206 -418 -230 -208
823 4 111 -73 19 56
823 5 -48 -67 -8 -533
823 6 -738 -48 -492 583
823 7 546 25 -15 126
823 8 -206 -73 59 178
823 9 8 -123 614 238
823 10 220 -13 -7 -150
823 11 -276 -142 -487 -111
823 12 93 -131 -119 124
823 13 33 157 -117 148
823 14 228 -156 254 -19
823 15 69 -175 44 -63
824 0 300 -243 111 -178
824 1 155 -182 -215 -140
824 2 63 12 -313 -153
824 3 255 -27 -41 -137
824 4 -14 22 182 -274
824 5 -139 258 413 -27
824 6 22 -343 57 -86
824 7 -50 337 62 -117
824 8 -169 -311 264 -217
824 9 14 -154 -214 82
824 10 111 213 482 -311
824 11 55 160 31 -45
824 12 -572 -74 -50 194
824 13 314 -232 14 64
824 14 55 92 207 442
824 15 50 -235 199 -76
825 0 -27 -163 284 127
825 1 148 267 213 -286
825 2 284 -103 86 -348
825 3 -171 -235 -575 515
825 4 -5 -118 -118 248
825 5 465 31 316 -404
825 6 349 -21 -109 162
825 7 -73 359 57 456
825 8 106 400 -258 -425
825 9 98 393 -110 -133
825 10 596 66 144 104
825 11 -256 -435 76 -170
825 12 -63 -107 215 -302
825 13 224 383 69 97
825 14 -242 -266 -168 -207
825 15 -291 63 -239 -95
826 0 -126 -199 -268 -316
826 1 -80 -249 648 -115
826 2 131 -80 -36 -18
826 3 -433 -401 -57 -248
826 4 487 -361 -176 14
826 5 -291 -144 -28 47
826 6 109 -319 -244 124
826 7 -140 -23 -105 -174
826 8 -6 -142 -386 -108
826 9 -590 -58 -31 -81
826 10 52 71 -81 -413
826 11 -1 305 10 -8
826 12 -66 7 130 -58
826 13 -185 272 -287 186
826 14 184 166 -162 352
826 15 -111 -103 566 13
827 0 48 -157 -143 -270
827 1 -135 165 -280 -125
827 2 -460 -11 178 16
827 3 94 -50 447 145
827 4 19 -133 -558 271
827 5 107 186 -169 -41
827 6 116 294 149 180
827 7 43 502 359 -335
827 8 -56 80 365 -9
827 9 -86 -655 -245 70
827 10 -256 -885 433 -80
827 11 -319 -27 -564 -48
827 12 191 -20 587 -143
827 13 382 -109 189 -412
827 14 -447 47 -151 86
827 15 192 -299 -408 58
828 0 -598 133 -232 83
828 1 -9 -200 -87 111
828 2 -417 -366 68 79
828 3 181 214 8 148
828 4 443 -120 -535 -4
828 5 6 25 -750 135
828 6 -171 3 -278 468
828 7 -55 -258 43 -377
828 8 -281 189 -224 22
828 9 -88 -167 -512 212
828 10 199 -175 172 6
828 11 -726 53 -98 -544
828 12 196 221 -227 196
828 13 16 375 152 66
828 14 -6 505 -222 -287
828 15 387 -96 320 214
829 0 -38 -51 241 202
829 1 382 -171 227 -68
829 2 63 -151 -414 -182
829 3 525 88 -172 -280
829 4 218 -118 -113 -284
829 5 125 126 -64 207
829 6 160 122 286 362
829 7 -108 74 25 -29
829 8 49 17 -33 -516
829 9 -498 -51 -431 393
829 10 669 206 345 -396
829 11 -324 555 84 -112
829 12 -344 -173 -15 239
829 13 -92 125 -76 242
829 14 162 421 -414 -176
829 15 21 -203 361 187
830 0 81 31 -302 104
830 1 -253 -87 270 50
830 2 -39 380 -22 -295
830 3 -40 198 6 47
830 4 30 -223 98 -260
830 5 -76 579 391 443
830 6 356 48 32 123
830 7 -235 -254 -141 -304
830 8 87 -76 -42 -105
830 9 72 -341 -153 -185
830 10 -150 121 -52 -126
830 11 -156 200 -158 247
830 12 -244 175 93 193
830 13 29 -124 413 -256
830 14 -181 -145 221 189
830 15 -483 -61 -336 253
831 0 172 -310 523 -22
831 1 313 13 -10 -385
831 2 129 289 -221 -607
831 3 -72 247 56 -106
831 4 189 -242 514 224
831 5 9 -194 -239 145
831 6 109 -176 -28 -43
831 7 -87 -39 -219 -210
831 8 17 -190 223 58
831 9 316 334 124 -11
831 10 -100 125 -9 -94
831 11 -198 438 -52 -293
831 12 -29 -375 -252 62
831 13 397 -65 0 -85
831 14 542 69 -131 239
831 15 390 -4 404 -119
832 0 170 -29 -340 -18
832 1 72 -136 -240 71
832 2 255 412 -11 -527
832 3 -288 515 326 5
832 4 -141 -46 69 -883
832 5 -132 82 -13 -79
832 6 -861 386 74 419
832 7 -213 -21 132 153
832 8 -170 -398 452 433
832 9 385 -445 299 -55
832 10 66 -200 -164 119
832 11 112 -4 -300 -110
832 12 -122 6 229 2
832 13 109 75 81 213
832 14 -353 -23 307 172
832 15 -242 -240 -226 -40
833 0 82 255 38 -123
833 1 -194 -49 117 179
833 2 97 22 -115 204
833 3 -287 -364 183 -287
833 4 66 -291 163 637
833 5 113 -607 -4 -35
833 6 8 24 141 105
833 7 -107 -159 -73 466
833 8 144 319 -255 77
833 9 -218 250 286 -255
833 10 -68 95 -448 31
833 11 400 133 370 -52
833 12 -68 -308 125 141
833 13 -271 -193 -256 -113
833 14 52 0 -288 89
833 15 408 388 340 -48
834 0 -372 96 3 142
834 1 -275 897 -99 -271
834 2 -106 55 462 231
834 3 271 -517 -445 -321
834 4 104 182 -35 -38
834 5 -31 360 169 -69
834 6 220 37 -52 -309
834 7 -22 -276 -341 309
834 8 205 -258 -283 169
834 9 84 24 14 -346
834 10 103 189 118 -52
834 11 437 72 -7 465
834 12 -14 -238 82 569
834 13 -226 40 -234 -280
834 14 -329 -319 -331 -113
834 15 -32 228 -516 295
835 0 252 150 -108 317
835 1 -212 51 247 -362
835 2 -168 -36 116 418
835 3 234 299 557 -337
835 4 221 -669 -24 453
835 5 -54 78 -9 87
835 6 -217 166 397 293
835 7 96 32 -91 146
835 8 293 358 -4 -194
835 9 -701 314 -245 63
835 10 -149 -195 -512 -291
835 11 -38 351 -147 42
835 12 50 197 66 60
835 13 -142 -204 411 29
835 14 2 -60 29 -194
835 15 108 438 318 65
836 0 175 -124 -88 -323
836 1 -48 -63 321 244
836 2 47 -248 42 -14
836 3 -445 21 -69 311
836 4 194 125 -74 -72
836 5 -274 -93 -205 -40
836 6 -73 -69 241 146
836 7 -5 -297 419 -371
836 8 119 66 67 296
836 9 -56 -374 -22 -312
836 10 27 -410 122 -373
836 11 -202 -183 -142 -276
836 12 -281 154 -119 -125
836 13 294 76 -55 170
836 14 260 352 144 173
836 15 -81 -219 115 65
837 0 136 342 8 138
837 1 106 -66 -103 17
837 2 164 405 88 347
837 3 118 -105 433 -162
837 4 256 353 20 -427
837 5 -165 -111 49 -335
837 6 -303 -294 -509 -162
837 7 -125 473 -137 69
837 8 -210 -598 310 213
837 9 -70 -138 97 373
837 10 -138 -62 92 297
837 11 184 147 -48 46
837 12 246 246 347 119
837 13 -268 92 -235 -5
837 14 -339 -77 -142 556
837 15 443 -48 268 280
838 0 186 85 -133 -353
838 1 147 0 459 38
838 2 163 -21 -105 167
838 3 32 -499 64 -149
838 4 -208 -64 310 239
838 5 -388 -356 -18 85
838 6 -108 -428 -221 -349
838 7 -564 333 -99 641
838 8 -55 76 304 29
838 9 -147 198 -21 425
838 10 6 161 122 134
838 11 -33 58 160 -7
838 12 365 -391 8 94
838 13 -519 -401 -454 -357
838 14 308 -43 -175 63
838 15 290 -112 534 -367
839 0 -81 -39 429 -318
839 1 -308 -252 307 553
839 2 194 -403 -453 264
839 3 -221 -5 284 214
839 4 440 44 -310 -18
839 5 442 -596 -515 -103
839 6 154 240 -241 -161
839 7 -25 -203 -104 -90
839 8 -219 211 -372 -27
839 9 461 -472 258 -314
839 10 194 41 -383 366
839 11 182 -92 180 -288
839 12 428 498 350 377
839 13 -522 -287 -158 -137
839 14 365 -121 382 -446
839 15 238 168 18 -34
840 0 -57 -186 565 140
840 1 27 100 358 -318
840 2 140 -177 -227 227
840 3 57 209 81 278
840 4 618 385 -28 44
840 5 348 -199 -250 -180
840 6 279 -266 135 -71
840 7 103 279 27 -19
840 8 389 238 -187 -348
840 9 81 191 23 43
840 10 419 -385 66 -291
840 11 -81 193 145 -617
840 12 -171 -109 -81 3
840 13 -197 60 -347 43
840 14 234 145 -246 44
840 15 77 85 -266 274
841 0 74 -109 349 7
841 1 130 -303 -78 192
841 2 402 -59 -608 -170
841 3 -41 392 97 59
841 4 1 -123 0 -172
841 5 1 -246 -93 172
841 6 361 531 54 127
841 7 194 103 44 -16
841 8 -189 209 41 -324
841 9 298 -276 186 -512
841 10 44 120 -35 248
841 11 182 77 -165 145
841 12 -123 111 207 -217
841 13 228 -64 273 209
841 14 -24 -281 164 -10
841 15 -135 -51 -150 -176
842 0 -203 -150 -59 -239
842 1 -499 390 -70 -284
842 2 512 -264 130 298
842 3 407 -143 -833 67
842 4 -541 -199 83 79
842 5 -64 303 295 97
842 6 -93 -295 367 80
842 7 164 20 -225 -6
842 8 49 199 34 -211
842 9 82 213 122 85
842 10 -276 -62 149 131
842 11 -27 -144 -755 53
842 12 -134 -4 -387 -171
842 13 262 104 -188 -242
842 14 431 -266 555 -54
842 15 -301 -650 -36 -293
843 0 90 -286 98 -278
843 1 363 -26 313 -28
843 2 -211 -254 170 -11
843 3 241 -400 -94 90
843 4 156 169 46 -133
843 5 -332 10 92 26
843 6 172 -143 -229 -308
843 7 -26 -10 -322 88
843 8 -52 10 -18 -341
843 9 -272 135 -144 86
843 10 321 406 502 -289
843 11 -155 76 89 387
843 12 295 -119 -129 -5
843 13 128 -104 141 254
843 14 53 -394 -310 -289
843 15 -376 -180 151 -397
844 0 -350 11 117 119
844 1 -360 275 -236 -151
844 2 -110 112 -329 -131
844 3 153 428 25 -70
844 4 117 -184 25 512
844 5 98 97 -264 -78
844 6 238 436 -111 386
844 7 243 121 -289 -77
844 8 -179 245 257 -161
844 9 234 -107 -159 -331
844 10 140 55 203 204
844 11 -418 5 -353 -72
844 12 -8 -304 -54 317
844 13 442 -349 436 -111
844 14 -82 -431 -62 -222
844 15 316 71 -612 -96
845 0 -520 106 463 -154
845 1 -125 163 -437 30
845 2 296 -37 -284 477
845 3 496 -31 98 -253
845 4 207 15 103 24
845 5 152 -379 -275 -57
845 6 -159 -136 -389 -122
845 7 434 493 -230 534
845 8 47 134 -179 -288
845 9 604 -106 144 116
845 10 32 88 26 328
845 11 333 -52 -390 -281
845 12 110 -155 -5 200
845 13 -459 -243 -530 -98
845 14 44 -261 191 -48
845 15 368 -210 -395 13
846 0 369 155 33 -289
846 1 127 43 527 -17
846 2 -203 -409 434 -32
846 3 -287 -100 420 308
846 4 218 55 22 95
846 5 65 146 98 154
846 6 205 52 270 -171
846 7 -287 102 707 -401
846 8 887 -330 64 -33
846 9 -136 -454 -388 10
846 10 -354 -311 -68 116
846 11 -319 -121 -163 114
846 12 -59 91 130 246
846 13 -208 9 -420 52
846 14 60 86 -105 128
846 15 60 -166 -87 334
847 0 -24 -266 100 -222
847 1 -100 -518 -365 -209
847 2 375 -338 372 46
847 3 -104 -49 -3 -341
847 4 -16 -684 -85 -39
847 5 -59 632 -135 306
847 6 -172 361 127 751
847 7 325 -359 400 233
847 8 231 530 -153 -565
847 9 193 316 28 -467
847 10 -333 -103 -622 -54
847 11 355 82 108 221
847 12 -85 -303 -271 -107
847 13 46 -67 264 -394
847 14 -504 -55 202 244
847 15 278 -60 -69 -471
848 0 281 54 109 -306
848 1 119 -161 -362 -238
848 2 -12 -167 -102 -611
848 3 -218 290 678 222
848 4 -147 -268 206 157
848 5 406 -92 -176 47
848 6 -296 162 154 201
848 7 -71 -43 -46 39
848 8 -48 -298 226 74
848 9 501 -75 250 15
848 10 -383 52 -137 333
848 11 -123 290 140 317
848 12 240 -420 -109 288
848 13 278 -520 59 -174
848 14 -135 -199 264 -24
848 15 52 175 -38 -126
849 0 556 98 -532 -21
849 1 -249 -166 358 -369
849 2 37 -132 -137 54
849 3 -121 -5 227 -108
849 4 -340 -289 270 58
849 5 -300 243 200 -351
849 6 -639 151 354 255
849 7 -290 486 221 637
849 8 -73 -19 452 -192
849 9 -309 511 24 477
849 10 423 -87 -55 -121
849 11 -231 154 150 67
849 12 -224 -233 53 410
849 13 -193 -603 360 86
849 14 -84 -266 186 113
849 15 -85 78 84 -610
850 0 -156 122 -410 -1
850 1 126 22 -215 308
850 2 -222 481 -46 88
850 3 -417 72 217 189
850 4 -159 147 325 107
850 5 -35 -714 -59 -155
850 6 -145 -302 39 -412
850 7 -152 90 -743 128
850 8 -290 5 -57 275
850 9 -215 388 185 127
850 10 -293 19 -272 -1
850 11 507 34 112 23
850 12 151 311 370 -537
850 13 32 -267 -136 207
850 14 -134 -167 -45 371
850 15 -233 -241 107 -237
851 0 -183 231 47 -216
851 1 197 -310 125 168
851 2 -219 47 -248 164
851 3 168 -83 312 206
851 4 323 123 -154 242
851 5 299 -313 -78 344
851 6 500 330 -46 -136
851 7 -120 206 -172 -138
851 8 77 88 103 -586
851 9 -251 -180 95 149
851 10 -156 -262 -122 152
851 11 -122 226 -97 124
851 12 21 -117 404 107
851 13 -280 -140 -35 150
851 14 -16 -532 -616 -14
851 15 -46 -172 -253 199
852 0 -142 159 106 -261
852 1 -472 -123 143 -245
852 2 420 90 -182 554
852 3 -127 162 -170 327
852 4 36 -402 197 -200
852 5 -349 84 409 26
852 6 -64 -598 67 312
852 7 141 -160 -165 -122
852 8 347 37 -360 378
852 9 110 -116 -35 -308
852 10 63 -431 -400 -185
852 11 306 76 -682 -140
852 12 -341 583 -108 -83
852 13 448 129 273 57
852 14 183 -448 328 547
852 15 -129 -81 2 -24
853 0 11 -297 236 -45
853 1 399 375 -201 -30
853 2 -186 -449 344 -136
853 3 16 -180 73 91
853 4 101 -142 -133 -378
853 5 -217 -9 -169 -217
853 6 -339 340 413 150
853 7 112 -268 58 224
853 8 302 127 -288 160
853 9 -96 -138 -329 -449
853 10 481 47 205 -536
853 11 284 206 -218 341
853 12 41 193 97 30
853 13 579 30 93 309
853 14 -336 32 -237 -320
853 15 -201 -44 90 -384
854 0 -185 -169 -119 203
854 1 411 161 -376 155
854 2 77 45 566 1
854 3 -380 -266 -486 270
854 4 5 248 430 -139
854 5 -167 443 297 81
854 6 45 -181 -21 51
854 7 185 -396 19 -220
854 8 341 372 -136 -310
854 9 -104 250 -162 -638
854 10 -419 363 -167 -490
854 11 294 -30 3 318
854 12 -574 181 -232 -293
854 13 388 247 -254 119
854 14 -276 -140 -118 353
854 15 -110 -311 12 -145
855 0 -238 210 44 338
855 1 187 -39 383 -154
855 2 481 245 446 -275
855 3 -338 -36 20 320
855 4 211 81 -176 -537
855 5 -3 466 -7 115
855 6 -205 313 -334 0
855 7 64 -174 -434 223
855 8 210 -193 -160 -58
855 9 155 324 510 45
855 10 -177 118 -643 57
855 11 275 196 -208 859
855 12 712 133 -138 -181
855 13 -83 169 26 176
855 14 -137 -534 103 52
855 15 -934 81 -388 -148
856 0 -278 48 -132 100
856 1 -424 42 -218 -140
856 2 -3 -141 -169 359
856 3 257 -585 21 -239
856 4 -70 559 -654 151
856 5 -155 -65 275 -444
856 6 -118 -13 -62 -516
856 7 104 570 -9 21
856 8 -195 -402 -26 191
856 9 -162 36 424 122
856 10 -199 -92 314 -4
856 11 374 53 -115 256
856 12 46 -124 -283 165
856 13 229 38 -307 -2
856 14 119 87 -172 303
856 15 -49 392 -5 -133
857 0 7 8 -389 -107
857 1 -67 -177 113 -119
857 2 -388 52 14 -154
857 3 -293 283 408 288
857 4 -237 24 588 357
857 5 111 -89 79 37
857 6 328 78 173 78
857 7 -191 1 371 9
857 8 674 189 -89 -321
857 9 149 185 -260 -65
857 10 -113 -169 -200 301
857 11 -567 -59 214 -154
857 12 -294 -310 -93 30
857 13 -253 -301 209 -235
857 14 -523 -320 -494 -30
857 15 108 182 -625 108
858 0 -414 263 -270 -193
858 1 -77 -348 38 -303
858 2 800 -143 -229 203
858 3 -64 -6 -513 285
858 4 -102 48 -10 -56
858 5 -139 264 -16 93
858 6 -93 -274 -74 362
858 7 -67 -230 -101 -70
858 8 -171 -101 282 -224
858 9 -143 352 321 36
858 10 -418 -275 -398 154
858 11 -224 136 -186 217
858 12 -283 -216 -662 -50
858 13 134 126 -84 -39
858 14 222 -291 -29 492
858 15 -34 -74 266 140
859 0 -76 -649 251 -531
859 1 73 -186 277 -199
859 2 554 391 -178 -193
859 3 -285 157 70 -3
859 4 237 44 165 -526
859 5 35 -403 -172 -314
859 6 157 -289 -170 161
859 7 178 -490 -550 -308
859 8 -75 -306 -115 92
859 9 -97 -90 438 -264
859 10 110 -301 -239 -162
859 11 101 295 -29 91
859 12 338 -14 74 -594
859 13 153 99 120 -137
859 14 -185 -334 -251 89
859 15 -210 -45 -4 195
860 0 415 -182 -419 122
860 1 94 -203 412 -169
860 2 -10 334 -201 -205
860 3 -541 -139 14 44
860 4 -317 -220 174 225
860 5 -368 194 335 211
860 6 -121 10 -71 -42
860 7 -40 243 345 263
860 8 -119 408 204 47
860 9 -192 151 415 34
860 10 -7 -160 -205 -599
860 11 14 76 110 74
860 12 -170 -212 105 -349
860 13 -115 -65 214 -10
860 14 319 -70 150 32
860 15 -512 328 71 -413
861 0 519 -77 347 -132
861 1 119 -323 347 89
861 2 323 142 -230 -560
861 3 -441 -328 475 234
861 4 -22 -287 -106 631
861 5 -66 -221 203 -15
861 6 550 136 -158 5
861 7 -370 261 48 -30
861 8 -54 189 268 16
861 9 2 -105 132 -416
861 10 -418 104 61 204
861 11 -161 172 17 450
861 12 498 -193 87 -276
861 13 740 -277 275 -506
861 14 -3 -97 -186 367
861 15 178 380 490 -371
862 0 252 147 68 329
862 1 -49 15 391 -187
862 2 114 -124 373 11
862 3 -165 -177 -79 54
862 4 -213 291 38 55
862 5 74 365 159 -82
862 6 98 -71 -96 -38
862 7 33 81 147 85
862 8 250 -33 -96 -60
862 9 -53 433 156 308
862 10 7 237 12 224
862 11 -67 -11 414 384
862 12 465 -196 -240 -95
862 13 -252 156 -154 -155
862 14 -51 38 2 -85
862 15 -166 172 -92 -163
863 0 157 -62 -463 -64
863 1 364 -144 4 25
863 2 -148 -73 19 -62
863 3 49 6 -270 -33
863 4 -372 119 158 -223
863 5 -452 251 205 387
863 6 98 -231 -168 -176
863 7 -565 -42 314 -127
863 8 -257 -73 466 52
863 9 -196 -139 -387 15
863 10 -190 210 290 143
863 11 -218 -183 279 -66
863 12 -237 -116 -64 -65
863 13 -154 233 -74 -71
863 14 32 151 -154 48
863 15 240 -157 470 -38
864 0 -346 -299 -225 100
864 1 109 49 -223 -531
864 2 68 -257 -455 117
864 3 168 -60 334 99
864 4 220 -197 -485 136
864 5 36 10 50 -155
864 6 -59 45 -185 -323
864 7 -264 417 194 340
864 8 -149 192 20 -257
864 9 -42 -113 -109 -425
864 10 -214 -289 -333 -218
864 11 27 111 -67 -103
864 12 -291 92 -6 179
864 13 -122 -104 53 -237
864 14 -123 -147 -142 -146
864 15 87 953 186 221
865 0 7 140 -131 55
865 1 643 -238 427 -442
865 2 -359 -16 -209 -287
865 3 -527 311 378 461
865 4 -1 107 607 9
865 5 -24 90 -91 165
865 6 59 -366 -344 377
865 7 -2 -6 166 -407
865 8 396 -173 -19 29
865 9 -343 -72 -278 419
865 10 322 82 55 -298
865 11 -774 630 241 227
865 12 65 -284 -108 54
865 13 -86 130 -130 323
865 14 107 -261 -631 -203
865 15 -2 151 88 71
866 0 -367 -331 -103 -196
866 1 -55 385 -74 -585
866 2 62 -517 408 393
866 3 433 21 -285 10
866 4 56 -28 -333 42
866 5 -270 496 177 -245
866 6 -202 -255 17 -44
866 7 -258 194 -432 66
866 8 55 54 474 -219
866 9 -552 275 -686 -187
866 10 -100 55 118 9
866 11 19 -334 -288 155
866 12 202 -70 -389 -24
866 13 467 -73 -79 28
866 14 -60 -467 -61 -119
866 15 160 -184 63 -419
867 0 -261 -548 -456 143
867 1 -220 252 -298 134
867 2 -375 68 -265 -137
867 3 107 172 94 -431
867 4 79 398 386 38
867 5 -294 -280 -428 -73
867 6 -43 338 252 -220
867 7 -109 -564 -511 -532
867 8 -350 11 191 -105
867 9 -137 61 131 -587
867 10 -274 463 228 -278
867 11 -206 640 86 -60
867 12 -390 -150 -363 478
867 13 201 -382 101 -167
867 14 110 -23 -395 -256
867 15 345 121 196 -148
868 0 -275 282 -231 -286
868 1 -95 522 -377 162
868 2 -107 -93 237 172
868 3 500 -500 -399 -318
868 4 -153 -125 -104 113
868 5 -29 8 281 -144
868 6 -219 -155 -49 -138
868 7 157 54 -404 617
868 8 -246 -191 -64 8
868 9 -162 -80 -185 151
868 10 139 420 434 -17
868 11 254 -410 -111 388
868 12 -95 -232 25 253
868 13 -56 -261 -177 206
868 14 -258 -148 197 -174
868 15 -275 -227 -182 128
869 0 -18 521 -336 152
869 1 54 37 -432 65
869 2 -153 -100 186 431
869 3 140 -231 -161 -39
869 4 -414 40 7 270
869 5 -113 -109 -214 -371
869 6 -511 54 -261 110
869 7 205 270 410 469
869 8 -381 24 189 157
869 9 -25 375 40 540
869 10 97 -165 57 391
869 11 -272 -411 90 -108
869 12 72 26 39 49
869 13 -289 132 150 129
869 14 -224 37 -60 -126
869 15 493 112 218 -43
870 0 170 -261 52 -255
870 1 -268 -57 271 -44
870 2 343 66 187 -69
870 3 -299 -49 84 -124
870 4 12 -191 -3 -89
870 5 144 15 154 -275
870 6 -200 -340 -118 -45
870 7 -29 -293 -40 -106
870 8 125 -241 -146 312
870 9 17 -35 121 -90
870 10 -211 37 -471 60
870 11 157 -234 145 -25
870 12 289 203 -128 -125
870 13 -165 -30 -120 -283
870 14 120 132 471 -17
870 15 8 263 215 127
871 0 -215 316 30 12
871 1 -341 227 -200 283
871 2 35 -103 349 48
871 3 285 114 -398 342
871 4 53 573 -476 317
871 5 210 237 312 -46
871 6 385 -348 -100 -106
871 7 -263 33 -63 -272
871 8 -56 -25 372 178
871 9 152 -210 -385 -199
871 10 -418 56 540 616
871 11 -239 -984 59 -305
871 12 2 -176 -516 -156
871 13 505 223 -206 -161
871 14 -120 301 165 232
871 15 153 -180 -352 474
872 0 -168 -604 -487 -317
872 1 307 -502 -332 -7
872 2 -217 -111 -231 -115
872 3 -286 -66 -55 -16
872 4 -671 198 199 -804
872 5 -18 156 578 461
872 6 -221 -261 -83 -140
872 7 -407 -190 380 -269
872 8 154 3 -226 72
872 9 98 -530 17 -194
872 10 -83 256 -244 -150
872 11 531 195 376 -85
872 12 -419 -49 110 -116
872 13 -441 391 -617 -129
872 14 -12 -74 -157 -236
872 15 -90 -72 96 -379
873 0 364 314 191 -36
873 1 -210 205 128 446
873 2 311 139 144 -92
873 3 -69 -182 86 -73
873 4 485 -174 194 250
873 5 90 21 -257 -55
873 6 73 382 -174 129
873 7 264 -153 -107 -2
873 8 -260 -30 213 -309
873 9 281 -219 299 -271
873 10 -301 257 45 127
873 11 -247 -13 -245 273
873 12 -38 136 232 509
873 13 -77 -431 206 -69
873 14 5 -203 508 133
873 15 96 -190 -14 291
874 0 31 91 141 1
874 1 -558 209 201 -308
874 2 189 -242 -171 -102
874 3 -252 199 66 12
874 4 -27 -160 -24 620
874 5 157 -203 -45 -428
874 6 206 -150 179 -295
874 7 15 557 67 294
874 8 178 -192 -171 108
874 9 391 454 -63 0
874 10 -62 -24 -35 495
874 11 35 -456 93 -237
874 12 57 -134 -227 7
874 13 65 -386 -92 -76
874 14 114 200 550 353
874 15 29 248 -355 -86
875 0 106 311 -114 -15
875 1 -235 376 -10 -112
875 2 -188 -337 437 197
875 3 -79 -122 18 233
875 4 -135 113 262 112
875 5 58 -151 -185 -149
875 6 237 35 366 -215
875 7 531 -379 -323 -102
875 8 121 -335 -617 -25
875 9 64 416 335 21
875 10 -241 76 141 200
875 11 42 230 21 826
875 12 242 215 -45 -24
875 13 46 -124 272 194
875 14 -387 -330 158 -44
875 15 -633 -51 -300 141
876 0 -211 -406 -119 -88
876 1 493 -420 -733 162
876 2 -218 -396 -79 -133
876 3 56 -549 -273 533
876 4 -541 208 201 166
876 5 498 33 43 1
876 6 73 -65 -153 -396
876 7 83 42 356 -304
876 8 -167 379 -264 -795
876 9 358 360 85 205
876 10 -466 255 -137 23
876 11 -344 114 181 36
876 12 -285 297 -190 -10
876 13 -67 -29 -102 -334
876 14 112 -119 -69 -307
876 15 154 -50 405 -391
877 0 -257 55 254 -24
877 1 239 220 -360 -546
877 2 -161 284 95 -114
877 3 44 351 -27 130
877 4 56 -215 301 192
877 5 -37 140 -185 192
877 6 -147 -284 -319 93
877 7 26 74 -359 -147
877 8 -41 -167 348 304
877 9 264 205 -102 159
877 10 -144 -179 -101 79
877 11 -102 119 -352 -171
877 12 206 -226 -102 42
877 13 393 80 48 29
877 14 280 -405 -133 135
877 15 402 -144 -40 -135
878 0 -76 161 -71 -64
878 1 133 -389 -287 99
878 2 -185 -364 -109 -364
878 3 -250 -228 436 -16
878 4 242 -448 -128 292
878 5 -178 -47 -401 12
878 6 151 401 -55 79
878 7 -174 174 365 216
878 8 -48 -32 -254 -257
878 9 343 132 -331 -304
878 10 -161 152 -22 168
878 11 -111 220 151 195
878 12 -147 -23 -1 424
878 13 267 -402 314 -108
878 14 -488 227 -148 530
878 15 405 217 232 -267
879 0 -543 -171 30 -258
879 1 128 -200 -328 115
879 2 -213 92 -130 41
879 3 -133 119 691 -125
879 4 -100 338 -25 105
879 5 -32 -199 -141 324
879 6 -235 -89 -192 87
879 7 -36 -53 -159 93
879 8 417 363 138 298
879 9 100 -442 54 -194
879 10 -340 -28 -185 -117
879 11 421 210 127 69
879 12 490 -756 -404 -196
879 13 -3 -352 -705 -416
879 14 -69 -32 -485 -180
879 15 272 174 -461 -333
880 0 -56 -73 -494 -84
880 1 138 -384 -231 -7
880 2 -83 -72 -350 -215
880 3 -35 6 181 304
880 4 -266 179 -49 177
880 5 -353 -68 -120 388
880 6 4 11 -167 74
880 7 -535 427 246 291
880 8 -435 538 521 -264
880 9 313 -37 107 -88
880 10 -295 -142 472 171
880 11 -376 98 98 -299
880 12 -135 -644 -213 -135
880 13 159 -117 0 -407
880 14 -181 23 -314 233
880 15 165 -77 82 -436
881 0 26 -370 -34 319
881 1 -11 214 247 -144
881 2 1 301 -174 -512
881 3 -106 -51 -219 -579
881 4 -135 -124 46 254
881 5 -167 -175 217 24
881 6 494 291 187 -412
881 7 -199 528 505 67
881 8 362 -119 -118 -81
881 9 -23 118 -123 -170
881 10 -8 117 145 70
881 11 35 -162 -68 -369
881 12 -432 -299 136 -274
881 13 -147 351 -292 2
881 14 121 557 -274 233
881 15 57 104 -82 81
882 0 -242 116 163 -263
882 1 -275 352 -41 55
882 2 232 -430 256 -32
882 3 -20 -26 -420 -24
882 4 -97 237 -78 -92
882 5 63 266 -201 81
882 6 440 293 151 58
882 7 -185 -698 -22 -139
882 8 149 -292 16 201
882 9 356 -197 -101 -615
882 10 -123 151 32 630
882 11 126 -235 220 439
882 12 151 -323 -262 418
882 13 69 -61 -137 -344
882 14 -261 -164 -112 -87
882 15 276 -34 -442 172
883 0 93 -445 77 -49
883 1 67 -183 98 267
883 2 409 129 -274 275
883 3 -10 -820 -66 72
883 4 -129 271 15 -396
883 5 -200 -158 85 -372
883 6 -264 -293 -298 -201
883 7 365 184 364 -139
883 8 -91 176 -341 -99
883 9 61 -323 539 200
883 10 63 -176 137 -654
883 11 -78 494 -446 24
883 12 -36 565 72 -154
883 13 -152 141 -231 -409
883 14 309 211 66 -26
883 15 -95 34 569 -127
884 0 -326 -260 63 -180
884 1 301 152 -404 -724
884 2 -206 -365 -82 -132
884 3 243 404 -258 267
884 4 -148 -327 -118 -191
884 5 347 260 -10 -189
884 6 -75 -59 41 -161
884 7 -132 -154 -15 -155
884 8 -63 -471 6 92
884 9 78 192 -497 51
884 10 239 -230 -401 167
884 11 -148 -239 8 -96
884 12 -142 291 -23 223
884 13 141 117 382 241
884 14 44 -383 1 -424
884 15 107 359 -7 163
885 0 -507 -306 515 -259
885 1 -33 139 128 144
885 2 257 -16 -80 106
885 3 -225 160 -151 -233
885 4 41 -116 175 5
885 5 84 6 -245 -164
885 6 266 -15 -341 637
885 7 848 -276 44 -361
885 8 531 244 -415 30
885 9 -71 -585 -318 -296
885 10 397 136 -3 -143
885 11 -108 -91 -357 166
885 12 349 -63 -57 -381
885 13 69 108 -302 -27
885 14 -46 -93 -60 -470
885 15 213 -265 -566 19
886 0 -279 -135 -200 379
886 1 -299 -42 224 31
886 2 55 -121 -62 -148
886 3 -203 56 -74 -174
886 4 225 42 -217 -35
886 5 -176 161 -386 -109
886 6 179 270 -3 149
886 7 -128 -236 -77 40
886 8 -116 203 -317 -105
886 9 43 297 -97 -347
886 10 192 225 -26 -42
886 11 -94 211 336 -10
886 12 61 -20 -271 142
886 13 -17 -55 209 -247
886 14 -265 359 -115 64
886 15 29 307 -50 -134
887 0 324 112 -88 -459
887 1 -355 156 236 103
887 2 -18 -247 -364 323
887 3 161 -107 -160 -163
887 4 -88 -354 8 369
887 5 -156 -105 -141 163
887 6 231 -45 74 24
887 7 111 69 190 199
887 8 -445 169 170 -20
887 9 33 -392 5 35
887 10 200 -209 391 -32
887 11 -184 -195 -32 -121
887 12 -166 -122 323 269
887 13 -332 -424 218 -169
887 14 260 -14 475 -187
887 15 76 -124 -17 106
888 0 -95 -225 -9 -163
888 1 616 172 -191 202
888 2 151 629 -372 40
888 3 -41 -55 1 6
888 4 -200 490 509 -397
888 5 -139 -157 205 -395
888 6 4 -229 -375 -349
888 7 439 68 -111 -47
888 8 -74 -325 334 87
888 9 -234 -420 75 97
888 10 133 -33 57 -507
888 11 56 -33 -145 422
888 12 -200 146 227 -359
888 13 -95 -333 -90 178
888 14 -115 -374 -190 -82
888 15 -237 29 -313 363
889 0 120 -115 73 -358
889 1 -26 -171 -23 31
889 2 27 -205 6 -123
889 3 57 -412 -493 127
889 4 -225 -94 39 161
889 5 279 325 33 13
889 6 181 -85 220 195
889 7 132 -290 264 -457
889 8 -60 -89 -12 -261
889 9 -66 36 19 328
889 10 24 -166 107 -226
889 11 -434 133 -8 87
889 12 -270 -23 -118 232
889 13 159 -79 110 -241
889 14 305 126 44 10
889 15 93 -318 215 16
890 0 -17 43 292 -288
890 1 -79 -547 137 82
890 2 -68 515 -233 117
890 3 175 -276 41 -342
890 4 431 -11 -449 -355
890 5 -171 -175 313 117
890 6 67 -117 -449 -237
890 7 -203 -28 -7 -11
890 8 -159 -501 -85 489
890 9 61 -287 311 112
890 10 374 -345 -222 -96
890 11 491 -110 85 -410
890 12 -17 40 239 190
890 13 -115 366 224 190
890 14 249 -32 -382 383
890 15 151 319 112 228
891 0 196 -84 -42 212
891 1 -162 25 -135 -21
891 2 365 306 -307 -154
891 3 -7 280 296 -393
891 4 142 -385 304 163
891 5 111 -154 -194 -265
891 6 49 176 -76 198
891 7 406 304 -32 178
891 8 -288 44 8 -482
891 9 122 95 139 -110
891 10 -208 173 -38 100
891 11 -177 154 -80 -17
891 12 -238 69 230 -88
891 13 -217 -336 264 -151
891 14 -370 84 455 198
891 15 111 98 -12 292
892 0 336 -192 -313 -217
892 1 159 -66 59 -511
892 2 344 -675 -105 247
892 3 407 -138 83 -23
892 4 -250 67 -287 -394
892 5 -694 -44 -57 85
892 6 -72 110 349 3
892 7 -129 146 66 63
892 8 -438 -180 356 -251
892 9 -470 -10 257 -153
892 10 -271 -180 654 52
892 11 -87 547 -232 667
892 12 77 -196 -172 -246
892 13 365 226 202 89
892 14 -231 -206 -221 66
892 15 -293 -71 702 -250
893 0 361 -30 471 -64
893 1 307 -102 -149 173
893 2 -185 7 285 265
893 3 409 148 -36 83
893 4 -165 70 94 -273
893 5 -131 114 200 104
893 6 104 -177 -17 92
893 7 579 -148 174 -250
893 8 151 96 -59 97
893 9 -44 -213 -207 201
893 10 228 -58 382 -128
893 11 -26 -278 -158 94
893 12 225 322 -7 -520
893 13 307 287 409 265
893 14 -71 -11 117 -287
893 15 -158 -280 -58 25
894 0 48 147 -253 548
894 1 21 186 340 134
894 2 -241 267 187 -40
894 3 189 107 341 -155
894 4 696 480 -77 -150
894 5 -390 158 -334 213
894 6 -29 371 -310 -443
894 7 21 12 -29 -138
894 8 -113 -161 252 -172
894 9 52 -83 274 -43
894 10 -301 136 209 -213
894 11 -382 190 -118 25
894 12 -14 22 -213 387
894 13 -390 1 125 205
894 14 131 104 -60 -43
894 15 -305 260 -152 469
895 0 -23 512 62 201
895 1 73 355 -424 -72
895 2 -240 130 255 723
895 3 -185 -292 298 181
895 4 259 4 124 328
895 5 42 -272 57 -128
895 6 -12 75 -225 -342
895 7 104 456 219 315
895 8 208 93 -116 74
895 9 152 22 125 -293
895 10 -332 -423 -439 173
895 11 589 -76 -226 -44
895 12 -250 426 779 215
895 13 -321 127 -187 131
895 14 -331 -555 -260 391
895 15 520 228 -144 189
896 0 -184 212 316 180
896 1 355 -5 -51 -97
896 2 74 40 -284 134
896 3 44 290 303 409
896 4 88 210 53 -27
896 5 376 -228 105 -50
896 6 305 -166 -16 -271
896 7 -18 243 -431 159
896 8 182 9 -125 -161
896 9 -54 140 -132 68
896 10 32 32 -269 131
896 11 311 110 170 274
896 12 198 198 145 -227
896 13 -34 -216 -112 160
896 14 -164 -365 -157 6
896 15 -243 222 -256 153
897 0 247 29 126 247
897 1 50 -372 -77 53
897 2 -248 -156 -114 162
897 3 -191 503 314 293
897 4 -155 228 123 -177
897 5 -41 168 35 -81
897 6 178 -365 -363 283
897 7 310 -77 33 -663
897 8 -206 32 -146 229
897 9 -11 -221 -323 0
897 10 113 323 323 172
897 11 -245 68 356 113
897 12 365 469 -83 -292
897 13 338 192 374 51
897 14 -191 44 232 -140
897 15 198 130 171 -145
898 0 -45 -223 -25 -19
898 1 -8 -211 39 -130
898 2 243 -68 103 -176
898 3 321 473 152 -74
898 4 -214 47 -266 -406
898 5 208 605 570 -83
898 6 -154 -86 -218 298
898 7 -29 264 279 -348
898 8 364 -245 363 -168
898 9 -205 -571 -579 147
898 10 -145 241 55 386
898 11 -399 -521 -226 38
898 12 167 23 -332 -237
898 13 45 239 -158 -19
898 14 -186 17 314 -347
898 15 -58 -56 -260 243
899 0 -88 415 -388 -104
899 1 -73 -258 28 364
899 2 47 216 -514 75
899 3 -111 539 352 95
899 4 -193 288 102 -301
899 5 24 -324 -57 -8
899 6 -84 149 348 143
899 7 -295 -120 -301 70
899 8 -126 -246 321 241
899 9 -220 -252 -14 134
899 10 116 -171 -165 232
899 11 144 76 210 135
899 12 -112 -26 140 19
899 13 -125 -500 39 179
899 14 -276 -102 -107 180
899 15 -172 -95 -349 199
900 0 225 49 -47 170
900 1 -184 -51 -181 -20
900 2 -658 0 210 166
900 3 444 -4 656 208
900 4 403 287 -554 68
900 5 513 27 236 254
900 6 155 14 -148 -419
900 7 -188 779 -186 -117
900 8 -230 108 39 -484
900 9 153 -300 105 326
900 10 -317 -103 469 220
900 11 66 17 43 -284
900 12 242 84 587 130
900 13 -305 69 -101 -95
900 14 -272 -134 111 -60
900 15 -230 -154 -346 124
901 0 -197 -241 397 -551
901 1 -276 -287 -124 347
901 2 131 59 -274 331
901 3 416 279 68 22
901 4 339 -84 -6 -43
901 5 612 -289 -59 356
901 6 294 -385 191 73
901 7 -70 -587 -798 -260
901 8 -104 379 -111 -333
901 9 75 -222 0 -141
901 10 -141 -66 -354 -22
901 11 353 70 188 -433
901 12 31 97 18 13
901 13 -197 -441 -72 -422
901 14 197 -164 227 -153
901 15 133 -316 -86 249
902 0 192 -309 60 66
902 1 194 447 274 -436
902 2 -310 -202 242 -102
902 3 -62 -226 -64 -106
902 4 132 84 -10 -44
902 5 -241 143 357 -7
902 6 -120 -3 -82 -245
902 7 -364 417 215 170
902 8 305 -40 149 106
902 9 -168 -143 -225 -222
902 10 377 229 370 -238
902 11 140 -43 -14 -164
902 12 -115 -310 219 271
902 13 -2 362 -436 295
902 14 211 -184 -337 -240
902 15 77 49 45 -351
903 0 -193 -62 521 -227
903 1 102 -111 -279 21
903 2 625 -21 -305 -160
903 3 382 -20 91 -10
903 4 -62 -230 -77 -202
903 5 432 -283 -12 -213
903 6 -354 -191 -74 458
903 7 56 203 -163 727
903 8 46 260 -123 -164
903 9 410 -102 46 192
903 10 403 78 35 181
903 11 88 5 -89 -230
903 12 240 -341 -145 -100
903 13 7 -146 -296 -311
903 14 -217 100 98 -190
903 15 124 -39 -7 -25
904 0 -209 313 119 318
904 1 116 -228 189 -7
904 2 352 285 -199 -499
904 3 -152 372 -74 17
904 4 27 -406 -328 -442
904 5 280 14 113 61
904 6 -270 276 4 459
904 7 -409 56 75 220
904 8 160 -249 -151 357
904 9 71 -113 -143 198
904 10 468 -35 -512 314
904 11 82 -66 -145 -274
904 12 60 173 207 -13
904 13 -20 528 -52 313
904 14 31 268 -34 51
904 15 -107 88 88 176
905 0 106 226 377 -134
905 1 317 338 -128 315
905 2 339 -5 -52 -7
905 3 220 -48 63 158
905 4 372 176 -40 -233
905 5 538 -135 -245 71
905 6 -321 -26 46 -227
905 7 177 -616 -46 -178
905 8 -118 -341 173 230
905 9 184 -604 407 3
905 10 -341 -122 -357 -267
905 11 35 76 -100 127
905 12 -100 275 -34 457
905 13 -367 -163 -391 18
905 14 562 185 459 -413
905 15 -91 255 290 976
906 0 -348 12 -58 211
906 1 -81 226 37 -249
906 2 43 -99 -68 -250
906 3 -77 299 10 -5
906 4 642 -116 -288 44
906 5 -199 -328 -484 253
906 6 354 102 -120 -335
906 7 -176 322 -163 25
906 8 -217 -164 -240 -113
906 9 411 104 45 -434
906 10 -327 -37 210 312
906 11 53 2 -241 -385
906 12 -154 -23 53 -78
906 13 19 381 -141 266
906 14 -32 251 77 492
906 15 -140 -84 -27 292
907 0 -135 -55 130 -84
907 1 203 36 147 -357
907 2 200 -440 -100 25
907 3 -13 -235 -97 82
907 4 -452 -316 -102 159
907 5 -376 45 -401 58
907 6 135 283 259 175
907 7 175 166 666 24
907 8 387 97 -141 53
907 9 -23 45 -117 163
907 10 29 -547 47 0
907 11 -363 354 -571 366
907 12 281 -59 -154 -245
907 13 236 146 50 -259
907 14 112 158 -359 -68
907 15 128 -7 197 -314
908 0 -32 68 -440 -285
908 1 -223 63 -316 421
908 2 -434 166 45 95
908 3 -133 -413 -231 -321
908 4 -75 -12 296 183
908 5 -41 -208 267 -48
908 6 154 -316 -155 -389
908 7 -43 -235 -76 -38
908 8 -271 -257 -306 139
908 9 33 -88 -93 -165
908 10 -131 412 100 -29
908 11 283 -301 410 -110
908 12 -563 114 236 325
908 13 -308 -196 -72 17
908 14 -158 101 137 244
908 15 185 -33 61 226
909 0 -222 270 -154 231
909 1 391 175 -241 -450
909 2 -297 -515 377 -168
909 3 185 246 266 143
909 4 39 -301 -232 199
909 5 584 157 -446 -15
909 6 -132 176 125 96
909 7 281 224 115 222
909 8 129 -139 -291 -495
909 9 -150 422 -338 603
909 10 -154 -40 -135 245
909 11 -401 -1 181 322
909 12 306 -72 -4 -83
909 13 -425 39 -65 255
909 14 -454 186 92 -418
909 15 -288 102 -146 385
910 0 -330 -28 -20 -163
910 1 -395 18 178 -419
910 2 325 155 -195 122
910 3 -122 -106 -463 -218
910 4 -229 -24 14 -158
910 5 -178 294 179 -65
910 6 15 -301 -142 287
910 7 159 87 -275 -82
910 8 -30 -320 -95 239
910 9 -77 71 219 222
910 10 298 -92 59 -49
910 11 200 253 -204 201
910 12 92 -305 -109 0
910 13 113 142 -181 -73
910 14 180 -247 -31 308
910 15 -95 -245 -260 -266
911 0 273 105 -187 -222
911 1 -23 756 587 -271
911 2 198 -244 409 -37
911 3 -112 235 -124 293
911 4 31 -98 79 -377
911 5 -313 119 -2 266
911 6 52 42 373 -131
911 7 -433 -75 -22 -54
911 8 285 -371 305 300
911 9 -54 -496 -174 -270
911 10 -177 -267 239 232
911 11 -75 -109 -609 281
911 12 98 128 366 16
911 13 -52 203 -267 158
911 14 43 -279 264 -46
911 15 -483 -534 -150 279
912 0 186 -234 109 -440
912 1 268 202 299 -269
912 2 135 -354 162 -457
912 3 -288 -11 -203 263
912 4 -151 -393 16 281
912 5 119 -41 -288 55
912 6 138 136 262 -410
912 7 -110 325 328 292
912 8 159 -108 152 -195
912 9 296 309 -70 217
912 10 -137 -333 -152 177
912 11 -129 -501 -134 -1
912 12 175 -166 129 -289
912 13 -152 -275 -135 71
912 14 314 39 462 -9
912 15 -381 -349 -202 -225
913 0 -139 -119 -109 339
913 1 77 137 -144 -164
913 2 -281 -66 589 -478
913 3 -159 -45 -42 1
913 4 330 -584 -109 -199
913 5 187 497 -50 453
913 6 -165 260 -284 316
913 7 -293 174 22 -37
913 8 78 235 -358 -386
913 9 374 -53 -311 -175
913 10 -106 444 -32 118
913 11 -44 208 -267 -211
913 12 29 166 455 306
913 13 -122 554 -192 -33
913 14 -246 14 170 -25
913 15 53 -463 97 -304
914 0 163 -49 -354 -184
914 1 182 -228 -433 -130
914 2 -225 -114 -275 81
914 3 103 402 863 -300
914 4 47 10 467 -378
914 5 -73 -134 194 -202
914 6 -845 -24 -16 151
914 7 247 263 88 60
914 8 106 -401 242 -170
914 9 -169 -401 -72 64
914 10 -67 363 -13 -191
914 11 23 294 -3 89
914 12 -512 -91 -53 451
914 13 -241 -428 -195 549
914 14 -236 -317 189 -141
914 15 87 125 15 51
915 0 151 311 449 422
915 1 498 43 205 726
915 2 114 564 338 -482
915 3 188 -312 8 116
915 4 379 152 -324 -119
915 5 116 217 -149 -1
915 6 115 442 -539 -63
915 7 -234 -179 -17 108
915 8 -165 43 341 105
915 9 149 -257 -131 160
915 10 122 235 34 67
915 11 -385 -269 -55 193
915 12 636 277 150 109
915 13 80 24 303 -215
915 14 -43 275 -177 -204
915 15 78 127 165 319
916 0 -229 -35 363 -119
916 1 -3 -679 475 724
916 2 21 19 -35 84
916 3 -524 -136 120 -44
916 4 921 411 -167 -62
916 5 115 -219 -415 -133
916 6 153 173 -297 -402
916 7 -17 128 -214 -366
916 8 146 -123 -142 -407
916 9 -12 278 7 94
916 10 70 228 -546 -97
916 11 402 -188 323 -336
916 12 88 393 52 210
916 13 -338 -377 -423 480
916 14 512 145 95 615
916 15 155 -492 -119 -386
917 0 319 106 445 87
917 1 385 -130 634 -257
917 2 409 -192 -201 -195
917 3 164 -93 -51 170
917 4 135 126 -237 -506
917 5 -22 510 92 121
917 6 382 -16 389 107
917 7 -96 138 534 -212
917 8 486 -447 21 -116
917 9 -252 -273 -232 434
917 10 398 -413 251 -411
917 11 -267 507 -105 398
917 12 -111 22 -66 86
917 13 66 89 -87 -28
917 14 144 479 -207 315
917 15 -353 -57 87 424
918 0 -146 -221 -201 -186
918 1 -254 369 -9 -898
918 2 42 -219 543 -152
918 3 379 -327 -153 -380
918 4 386 -108 -369 67
918 5 102 560 243 44
918 6 -220 -186 -164 -183
918 7 -156 170 -163 269
918 8 11 -486 144 -317
918 9 -19 287 222 41
918 10 -354 43 111 -5
918 11 5 -48 51 89
918 12 -69 -797 -388 462
918 13 -248 193 -321 -95
918 14 -67 -189 14 58
918 15 -191 223 -151 293
919 0 63 202 372 -126
919 1 600 208 -20 -206
919 2 43 -203 122 478
919 3 -104 102 648 654
919 4 138 76 98 56
919 5 164 -64 8 -114
919 6 -44 -382 33 39
919 7 -48 -108 61 57
919 8 599 219 150 246
919 9 -327 -342 -424 -188
919 10 -174 -523 -438 -270
919 11 116 157 -54 378
919 12 324 306 132 -187
919 13 132 -248 -188 -184
919 14 -242 -356 -357 -168
919 15 253 456 106 334
920 0 521 -93 88 54
920 1 -71 -195 -225 176
920 2 -518 311 33 -20
920 3 83 331 723 -263
920 4 143 -67 400 22
920 5 -119 -28 8 -114
920 6 -205 7 43 104
920 7 718 106 201 -172
920 8 116 -12 -90 -8
920 9 156 -177 11 168
920 10 84 28 301 -434
920 11 -144 85 -7 -111
920 12 -159 121 28 -38
920 13 106 -412 540 188
920 14 -252 167 360 9
920 15 -100 47 -336 61
921 0 -109 -31 -179 -204
921 1 -198 147 25 -52
921 2 278 153 -8 -296
921 3 18 -123 -160 -270
921 4 -113 -645 -313 327
921 5 -227 -163 -276 -174
921 6 -51 475 84 143
921 7 -382 -222 -43 184
921 8 -325 -139 334 323
921 9 -112 78 -43 -263
921 10 -184 -312 -314 345
921 11 -237 -189 -402 42
921 12 227 -6 78 39
921 13 359 -61 512 -306
921 14 -29 -5 -148 37
921 15 372 231 413 -3
922 0 16 113 -224 -170
922 1 -249 -426 -103 74
922 2 -393 293 -237 188
922 3 221 -20 143 -457
922 4 -325 87 -121 227
922 5 -298 219 501 349
922 6 263 -17 -436 -55
922 7 96 143 -326 71
922 8 -416 2 291 83
922 9 -227 -141 116 112
922 10 -3 365 271 138
922 11 310 -172 404 407
922 12 306 -564 -65 -57
922 13 9 -275 355 -11
922 14 -99 -466 -106 -65
922 15 -101 186 -402 -391
923 0 -79 -47 -392 -103
923 1 168 -480 -137 28
923 2 34 388 -600 -399
923 3 -621 94 103 110
923 4 -548 -277 319 58
923 5 -236 -234 702 241
923 6 -29 -269 -698 155
923 7 -259 182 105 132
923 8 -218 160 -41 395
923 9 165 -427 123 -435
923 10 -55 527 -167 205
923 11 147 -154 141 -3
923 12 -179 -196 95 -321
923 13 159 309 -27 124
923 14 19 -430 -41 -25
923 15 -31 450 192 -357
924 0 215 -369 -53 7
924 1 56 -108 264 -265
924 2 223 -352 100 581
924 3 67 -186 -240 276
924 4 109 356 -74 -155
924 5 -148 438 216 -413
924 6 2 -508 -29 356
924 7 141 201 191 -264
924 8 -27 432 213 -530
924 9 -702 106 -298 45
924 10 283 -216 392 -561
924 11 -359 101 107 -92
924 12 -225 183 -110 -290
924 13 173 177 7 -96
924 14 -155 -39 -151 53
924 15 140 -183 323 -136
925 0 2 348 274 257
925 1 701 -288 122 368
925 2 321 292 -182 -415
925 3 -281 -120 25 243
925 4 -48 -453 -378 -144
925 5 -383 157 -203 745
925 6 206 -129 -220 -217
925 7 -63 8 179 210
925 8 -192 176 -163 512
925 9 249 -235 -32 147
925 10 -349 -163 -252 -413
925 11 413 128 -199 452
925 12 478 384 20 -687
925 13 243 49 32 -156
925 14 374 797 465 487
925 15 -574 81 514 1
926 0 53 -152 -295 214
926 1 -347 316 -267 -139
926 2 85 266 176 126
926 3 128 -463 -69 -264
926 4 -14 -263 11 -211
926 5 -86 62 395 -486
926 6 -196 349 24 -271
926 7 198 124 155 277
926 8 13 -224 -407 -155
926 9 146 92 314 -352
926 10 -68 -46 -264 -93
926 11 239 46 -447 178
926 12 -506 578 417 298
926 13 -130 128 432 -35
926 14 -489 -354 99 102
926 15 -201 403 -66 199
927 0 50 -288 -37 237
927 1 271 -165 -461 46
927 2 -750 411 400 -891
927 3 -134 -239 237 -87
927 4 93 74 -86 -141
927 5 -180 -14 217 -172
927 6 -221 353 -274 -453
927 7 82 387 183 -124
927 8 41 -504 -266 200
927 9 503 202 104 89
927 10 51 331 369 -106
927 11 -6 -143 -152 -102
927 12 -42 25 -2 -10
927 13 634 332 356 507
927 14 -214 168 -219 272
927 15 -322 24 -176 -420
928 0 32 46 52 66
928 1 -259 -82 501 -78
928 2 533 76 2 -141
928 3 167 -46 220 -292
928 4 349 -465 -70 41
928 5 -119 52 359 39
928 6 -202 -199 -131 -71
928 7 -133 347 -67 70
928 8 403 -228 -102 -201
928 9 -121 -77 -109 66
928 10 -406 378 -254 84
928 11 -139 2 -577 -33
928 12 -7 203 -346 119
928 13 -101 35 -292 57
928 14 409 168 500 240
928 15 -193 60 432 212
929 0 181 98 -351 140
929 1 346 -53 147 64
929 2 402 77 106 -27
929 3 -407 208 116 253
929 4 -146 142 313 -475
929 5 -123 371 -336 500
929 6 -567 351 177 265
929 7 90 -205 794 46
929 8 304 286 403 -121
929 9 261 -322 546 61
929 10 -472 -585 -546 -340
929 11 -163 269 -294 37
929 12 -320 -93 -32 -67
929 13 -700 72 -421 -133
929 14 211 135 274 -62
929 15 -298 -184 -180 247
930 0 308 -118 139 -32
930 1 34 293 319 368
930 2 -174 158 345 -160
930 3 60 -276 -189 -386
930 4 217 -105 171 -213
930 5 -795 369 -121 197
930 6 129 136 -34 -66
930 7 150 -271 514 68
930 8 267 9 -16 313
930 9 253 -413 -347 -266
930 10 334 68 546 -547
930 11 -141 -184 -257 -20
930 12 -175 8 -87 202
930 13 104 -115 279 -101
930 14 14 521 117 123
930 15 -22 -202 -156 39
931 0 -23 -62 -155 -176
931 1 -10 210 254 -75
931 2 375 -299 81 -421
931 3 -124 15 -120 276
931 4 3 -378 84 158
931 5 58 -125 21 326
931 6 21 -138 321 611
931 7 -230 -280 -317 54
931 8 110 441 -114 -262
931 9 -185 -168 -34 -387
931 10 -214 297 322 -63
931 11 -364 338 -295 177
931 12 -27 -393 -237 -217
931 13 427 183 -295 -99
931 14 -42 34 28 -145
931 15 -388 -373 354 -13
932 0 399 -210 -72 81
932 1 -142 -206 -153 52
932 2 155 299 -185 -73
932 3 38 231 200 -150
932 4 -224 -57 71 -369
932 5 259 -126 667 367
932 6 -229 25 473 40
932 7 -277 171 273 66
932 8 239 218 22 -42
932 9 133 -362 384 -206
932 10 -220 -125 -234 -60
932 11 590 87 -30 -516
932 12 -621 -41 327 -194
932 13 -244 338 -370 -51
932 14 55 157 218 115
932 15 -192 -75 -1 98
933 0 -311 -206 435 -182
933 1 253 -73 0 -154
933 2 708 -357 -93 -166
933 3 -616 332 5 645
933 4 401 -18 320 -368
933 5 287 -15 -549 -130
933 6 -222 -344 -136 314
933 7 -246 -232 -452 -157
933 8 78 109 -30 -161
933 9 484 180 -90 -401
933 10 -119 130 -536 120
933 11 151 372 -14 -92
933 12 182 260 -155 100
933 13 223 -216 -536 -172
933 14 156 -241 316 348
933 15 337 -401 262 -375
934 0 203 202 252 -111
934 1 459 424 -68 -2
934 2 197 -13 207 -156
934 3 220 -123 -448 122
934 4 211 -147 -191 127
934 5 35 18 148 11
934 6 552 57 -155 -115
934 7 -32 -183 -67 430
934 8 -363 -48 235 -72
934 9 -96 -68 -206 -455
934 10 104 63 305 141
934 11 41 -643 234 318
934 12 -107 -152 279 -228
934 13 201 173 375 246
934 14 -427 -187 -76 -61
934 15 -186 185 -16 609
935 0 295 75 35 -34
935 1 -20 423 348 198
935 2 177 -38 256 -149
935 3 53 -78 -10 -372
935 4 68 -81 393 -46
935 5 -153 -408 -135 -141
935 6 -105 181 76 -52
935 7 -87 -405 -57 482
935 8 159 -131 -100 123
935 9 47 52 75 -243
935 10 199 500 101 280
935 11 -82 -159 195 87
935 12 109 -218 -43 221
935 13 -409 -32 -80 97
935 14 -135 41 -24 -407
935 15 28 146 146 252
936 0 -212 -399 -289 440
936 1 -178 508 304 -521
936 2 209 -218 -422 -245
936 3 -326 527 235 -160
936 4 340 -54 -101 -98
936 5 -28 175 -269 -139
936 6 -258 99 253 -176
936 7 -226 379 -464 30
936 8 -163 -35 141 -130
936 9 -212 45 -97 -352
936 10 -62 300 -124 -430
936 11 239 508 -28 70
936 12 -136 2 -25 238
936 13 -89 -423 -469 92
936 14 314 144 537 -20
936 15 -364 206 -37 -198
937 0 354 -186 -367 -24
937 1 -528 123 -24 -91
937 2 -490 121 98 -102
937 3 -31 260 193 -415
937 4 -207 172 -99 -205
937 5 -186 -76 139 7
937 6 -320 421 281 -124
937 7 -423 -16 -603 52
937 8 -544 -263 404 409
937 9 -59 80 381 -129
937 10 213 262 284 278
937 11 549 63 352 21
937 12 297 -353 356 286
937 13 119 -153 237 173
937 14 -84 -401 35 -158
937 15 -125 -143 -256 -731
938 0 380 -271 751 132
938 1 0 223 75 42
938 2 -92 -103 526 -327
938 3 88 225 330 21
938 4 591 171 97 148
938 5 377 -253 -173 -49
938 6 165 125 -7 -215
938 7 69 232 66 -433
938 8 454 -68 -20 -247
938 9 487 -17 -27 -196
938 10 -295 276 293 450
938 11 -192 -201 -190 -543
938 12 260 38 4 18
938 13 161 333 -344 97
938 14 194 184 147 -50
938 15 364 -361 -14 60
939 0 -62 254 -346 -253
939 1 -285 -1 -300 -230
939 2 -102 -133 -69 161
939 3 -212 -194 24 287
939 4 82 216 -5 231
939 5 259 -429 -146 4
939 6 -325 -182 -133 66
939 7 157 -120 -40 43
939 8 -444 -97 -135 124
939 9 320 33 943 -7
939 10 -261 -321 49 110
939 11 -46 175 146 -224
939 12 -265 -406 -22 270
939 13 -213 281 -195 139
939 14 87 -293 -43 7
939 15 -71 210 18 278
940 0 178 9 -289 -413
940 1 -146 239 -189 -210
940 2 248 -110 12 154
940 3 336 -317 77 188
940 4 13 -34 -118 -334
940 5 -99 169 458 -455
940 6 -494 -353 -429 -96
940 7 -80 770 -172 624
940 8 -502 -279 370 -252
940 9 213 -368 11 162
940 10 128 99 614 143
940 11 -79 -342 -374 144
940 12 -77 24 321 289
940 13 -33 -306 1 34
940 14 -448 -598 568 97
940 15 -309 -247 -153 -43
941 0 213 -104 -609 -134
941 1 182 302 250 -31
941 2 -324 -42 470 -416
941 3 -607 -47 -227 417
941 4 -230 76 345 160
941 5 -52 181 390 -140
941 6 68 -230 -113 71
941 7 -744 -293 -167 -344
941 8 -43 -103 394 190
941 9 -481 -42 -523 -361
941 10 -123 467 171 175
941 11 -457 -308 318 168
941 12 -55 -31 168 41
941 13 327 154 -55 64
941 14 -221 -359 -272 -136
941 15 117 -150 307 -149
942 0 139 437 205 -123
942 1 199 48 289 174
942 2 271 -57 528 247
942 3 -98 -160 -351 89
942 4 433 177 210 13
942 5 199 63 -137 -46
942 6 181 68 -184 91
942 7 156 -467 -215 -418
942 8 36 -423 200 -291
942 9 -409 218 114 75
942 10 -258 151 -292 321
942 11 -178 -135 56 389
942 12 66 198 112 198
942 13 -230 254 -109 463
942 14 126 -446 -127 120
942 15 194 -412 248 443
943 0 133 -153 -411 232
943 1 243 -2 -297 449
943 2 -83 590 133 200
943 3 462 352 -38 -308
943 4 -375 456 479 -745
943 5 -228 -241 -138 96
943 6 -216 353 467 -110
943 7 -251 -517 -394 289
943 8 -231 205 405 -165
943 9 -202 347 160 104
943 10 96 -62 -95 36
943 11 258 133 284 -97
943 12 -139 66 216 -335
943 13 -433 -149 359 -109
943 14 -600 -92 -464 -182
943 15 -75 -355 -138 31
944 0 -14 618 107 300
944 1 3 162 51 -32
944 2 -205 -105 370 455
944 3 533 -205 -180 141
944 4 723 246 -455 88
944 5 332 -19 279 137
944 6 -95 -160 -167 20
944 7 -184 368 -430 338
944 8 -198 106 31 -396
944 9 -355 209 39 301
944 10 256 151 331 65
944 11 133 -164 132 -345
944 12 -163 -105 246 353
944 13 -238 532 -275 656
944 14 13 -214 -239 39
944 15 -111 -215 102 348
945 0 217 196 189 327
945 1 -170 198 0 85
945 2 -423 44 485 115
945 3 65 91 271 -2
945 4 -81 -103 143 -175
945 5 0 300 -181 226
945 6 -155 -136 -29 119
945 7 117 5 -240 -141
945 8 104 82 -314 282
945 9 296 -14 -194 425
945 10 104 220 253 71
945 11 98 345 -90 123
945 12 707 352 243 116
945 13 -53 -28 33 -290
945 14 -90 171 360 -115
945 15 27 -412 -68 -385
946 0 292 333 -185 -95
946 1 312 -384 -273 -263
946 2 -218 -163 388 584
946 3 79 322 148 96
946 4 -88 379 275 -408
946 5 -191 599 -145 524
946 6 -220 -453 -337 303
946 7 394 -543 17 -493
946 8 -346 -206 394 57
946 9 -190 2 245 371
946 10 -432 -130 19 -34
946 11 -16 277 539 453
946 12 222 -181 -268 -57
946 13 -330 192 127 85
946 14 -123 -291 88 -1
946 15 120 -127 130 200
947 0 -144 -519 -427 -562
947 1 -310 258 322 -94
947 2 -260 -146 492 115
947 3 -367 -237 -222 348
947 4 36 321 545 121
947 5 -289 -429 -183 -265
947 6 -343 -682 -181 -664
947 7 -14 -274 -361 -162
947 8 139 -60 -239 129
947 9 287 501 331 43
947 10 -268 39 1 -85
947 11 -277 -346 -125 -449
947 12 136 68 -489 -106
947 13 -203 -83 -271 62
947 14 497 -329 248 -166
947 15 -324 -323 -26 -350
948 0 -158 189 -198 -93
948 1 -258 -200 31 118
948 2 -140 -285 179 81
948 3 -496 125 486 -120
948 4 268 -274 -44 227
948 5 -194 -41 -506 -95
948 6 -51 167 3 41
948 7 211 248 99 63
948 8 185 -76 -302 -92
948 9 134 192 -243 -55
948 10 -290 -8 -244 191
948 11 179 -69 21 160
948 12 207 150 34 6
948 13 -112 -468 -49 86
948 14 -350 192 374 534
948 15 80 -207 -280 -303
949 0 382 453 -267 45
949 1 -282 -333 209 5
949 2 -508 -233 242 332
949 3 76 -154 234 128
949 4 -159 -286 -81 202
949 5 -140 -162 210 71
949 6 -104 230 -170 126
949 7 135 3 49 -39
949 8 -167 -16 -347 33
949 9 -188 166 217 292
949 10 148 154 66 429
949 11 -292 3 -37 239
949 12 366 362 248 172
949 13 -70 378 711 459
949 14 -70 -559 -54 -398
949 15 -190 181 289 -291
950 0 46 28 -196 -32
950 1 -567 521 -117 -177
950 2 -204 -296 251 483
950 3 53 8 160 -204
950 4 162 -129 15 396
950 5 -261 -110 -65 5
950 6 -274 -421 238 -252
950 7 53 227 -25 230
950 8 87 199 -131 254
950 9 152 27 -82 -253
950 10 -369 -80 206 -124
950 11 348 -168 -143 -405
950 12 -194 -24 -140 145
950 13 -88 -201 -364 -153
950 14 124 310 569 216
950 15 155 -12 -3 -24
951 0 -157 -92 265 14
951 1 285 448 -198 -76
951 2 -159 4 554 66
951 3 149 -69 -464 -203
951 4 252 -308 53 -243
951 5 49 387 -275 450
951 6 -4 37 -42 -318
951 7 446 -326 -135 -252
951 8 38 -188 -255 -52
951 9 163 34 -27 86
951 10 -241 11 -264 -332
951 11 402 -24 -352 168
951 12 27 391 255 20
951 13 -303 239 -167 254
951 14 382 23 482 -115
951 15 -264 -508 -68 159
952 0 426 -4 15 -141
952 1 20 -176 81 129
952 2 207 27 188 -98
952 3 241 101 136 184
952 4 38 -368 -175 -102
952 5 -24 83 62 412
952 6 -138 -315 52 596
952 7 -464 -407 -318 135
952 8 -404 563 297 62
952 9 -108 -230 -85 -125
952 10 -110 1 257 -24
952 11 -183 130 108 -156
952 12 363 -116 -23 -253
952 13 329 106 300 -511
952 14 -186 189 145 -117
952 15 58 -144 659 -14
953 0 -377 217 -277 240
953 1 -8 38 232 -74
953 2 69 -556 280 172
953 3 -162 -130 -422 245
953 4 -151 230 -289 47
953 5 12 519 156 48
953 6 -32 52 -47 -129
953 7 -325 259 -52 -48
953 8 170 36 68 -291
953 9 -340 345 -381 131
953 10 -157 414 -178 298
953 11 59 -247 70 365
953 12 173 102 -261 115
953 13 -100 116 -512 238
953 14 216 -160 105 -19
953 15 -153 -268 -8 -480
954 0 -112 -172 -69 87
954 1 329 89 -3 -145
954 2 -402 -150 23 4
954 3 29 8 11 422
954 4 471 320 -340 142
954 5 257 63 -413 67
954 6 323 -127 -34 -307
954 7 -45 -186 -215 -338
954 8 -405 141 53 -245
954 9 -229 139 -26 38
954 10 -77 -343 120 -492
954 11 -270 176 383 -75
954 12 12 82 36 -47
954 13 -5 -47 176 -23
954 14 52 137 -235 -147
954 15 -196 223 75 361
955 0 -129 -164 -298 73
955 1 165 25 -273 -11
955 2 54 264 -138 -9
955 3 27 130 -252 -12
955 4 -434 -141 138 255
955 5 -75 131 366 110
955 6 264 -208 -254 -48
955 7 31 85 -51 -32
955 8 -250 329 238 -137
955 9 -233 -20 -242 -205
955 10 -365 182 -32 49
955 11 -75 -353 -4 87
955 12 -146 19 -12 -562
955 13 116 64 152 -165
955 14 -131 -153 86 -104
955 15 -4 109 53 48
956 0 266 -412 564 -121
956 1 -28 212 -48 17
956 2 694 -267 192 4
956 3 35 -679 -302 320
956 4 72 436 -174 -406
956 5 558 -316 -38 -798
956 6 -589 -125 488 371
956 7 -187 -237 72 235
956 8 112 225 -120 -2
956 9 111 156 568 -54
956 10 525 -333 103 -300
956 11 122 371 65 -398
956 12 -42 -28 -18 143
956 13 288 304 -532 -430
956 14 -2 298 -328 -105
956 15 327 -87 567 -133
957 0 -218 -98 163 -153
957 1 -100 -84 -355 -172
957 2 -384 -163 428 -27
957 3 359 14 33 145
957 4 385 -147 -488 335
957 5 275 297 17 188
957 6 248 142 166 -68
957 7 67 -17 -269 -189
957 8 67 129 -4 -405
957 9 18 276 -199 -104
957 10 -332 -243 -34 -25
957 11 52 -236 -109 -42
957 12 37 -89 -168 -23
957 13 497 -74 367 35
957 14 -184 -180 -71 149
957 15 -130 -137 -357 -42
958 0 -12 164 -358 100
958 1 28 -254 -107 78
958 2 -116 229 89 15
958 3 -126 54 407 -354
958 4 74 -154 -36 -126
958 5 -98 159 435 381
958 6 -245 -30 -28 310
958 7 78 -236 -323 -33
958 8 53 23 -89 42
958 9 -550 -256 113 -217
958 10 -354 405 -242 -354
958 11 513 355 187 514
958 12 -81 -191 -24 -98
958 13 0 55 -155 242
958 14 -247 -85 -30 94
958 15 -345 169 106 55
959 0 115 -424 158 371
959 1 -90 365 -134 -210
959 2 358 173 2 158
959 3 287 144 -389 -128
959 4 47 26 -203 -62
959 5 140 446 171 -155
959 6 366 241 177 -111
959 7 229 -84 -272 -81
959 8 -359 316 254 -428
959 9 -220 191 89 -488
959 10 -140 -74 -108 -256
959 11 270 -66 -10 219
959 12 -165 274 177 -308
959 13 177 -30 443 -253
959 14 -172 -206 264 -113
959 15 -206 197 -163 145
960 0 -50 -162 -151 29
960 1 -485 -285 368 56
960 2 314 -273 -56 30
960 3 -121 174 139 -13
960 4 -258 54 278 -350
960 5 36 111 -42 -194
960 6 -150 227 75 460
960 7 161 -164 157 -130
960 8 437 107 -395 -351
960 9 193 -5 86 8
960 10 190 309 -123 372
960 11 -412 259 -108 131
960 12 174 104 -314 158
960 13 -305 -43 17 -223
960 14 -219 -194 134 -353
960 15 -103 -100 -277 -286
961 0 187 403 149 119
961 1 -488 -360 68 675
961 2 -102 391 339 50
961 3 -182 -120 71 245
961 4 -76 212 213 592
961 5 156 -233 431 219
961 6 -91 -261 -87 275
961 7 319 -524 -282 -269
961 8 265 552 -272 306
961 9 156 148 568 -45
961 10 -396 365 -120 59
961 11 -54 -239 33 -141
961 12 253 -76 -649 -259
961 13 452 158 104 -15
961 14 398 4 173 -60
961 15 -196 60 5 -147
962 0 -535 99 -181 -12
962 1 -120 -396 147 314
962 2 126 234 -550 -15
962 3 146 -225 -450 -337
962 4 -170 62 113 142
962 5 -347 -87 175 105
962 6 408 201 -145 -411
962 7 174 111 10 289
962 8 96 -60 -277 -336
962 9 62 368 71 125
962 10 172 305 -192 -7
962 11 53 -225 -25 123
962 12 -423 -149 -454 39
962 13 -244 -310 176 256
962 14 260 -85 -154 221
962 15 -377 114 -411 -107
963 0 37 220 -391 -47
963 1 -510 517 185 93
963 2 196 -310 68 104
963 3 -137 -359 -276 -14
963 4 -40 -23 -62 -135
963 5 292 305 338 9
963 6 -157 482 438 -76
963 7 -69 -183 50 -40
963 8 139 -272 -133 -181
963 9 -51 -456 344 -341
963 10 -189 183 -236 -37
963 11 250 151 -312 540
963 12 -550 211 356 844
963 13 -423 -160 -399 116
963 14 153 -397 472 -205
963 15 -500 -92 -298 246
964 0 76 -318 320 -69
964 1 485 35 321 124
964 2 186 181 510 177
964 3 49 -578 -357 -202
964 4 187 352 252 -449
964 5 -489 411 -24 -26
964 6 330 38 -358 -297
964 7 115 -363 125 -97
964 8 321 -99 80 -236
964 9 -186 152 -83 -114
964 10 99 89 -44 -337
964 11 91 55 52 494
964 12 214 99 -33 -82
964 13 -189 77 41 -173
964 14 -126 -227 -534 95
964 15 124 -173 27 -89
965 0 -368 -176 -3 219
965 1 183 -448 -322 -50
965 2 24 -4 -573 -576
965 3 -212 140 228 113
965 4 -556 -313 96 287
965 5 214 -173 -75 84
965 6 -69 -191 -34 274
965 7 2 12 243 -379
965 8 150 162 -405 205
965 9 177 -14 -158 195
965 10 -252 227 -205 6
965 11 -433 516 -99 -81
965 12 107 34 -545 -250
965 13 434 103 -138 -411
965 14 318 601 -81 -126
965 15 275 402 592 -217
966 0 -354 -246 242 -465
966 1 114 -196 150 19
966 2 57 -616 -145 -272
966 3 97 -211 -151 -62
966 4 32 104 -420 -10
966 5 -133 -156 -355 -501
966 6 142 137 75 -30
966 7 237 -3 286 -29
966 8 197 -428 -252 7
966 9 -84 34 -388 152
966 10 514 -8 376 24
966 11 -381 -305 25 188
966 12 222 -210 -572 -48
966 13 405 -159 59 278
966 14 -23 375 -253 -117
966 15 -70 29 -101 -122
967 0 -328 549 20 -72
967 1 424 -328 -252 62
967 2 37 -447 37 198
967 3 -209 533 115 130
967 4 -87 -184 48 -114
967 5 -233 228 -170 126
967 6 -98 170 -207 327
967 7 328 -26 35 385
967 8 143 -27 22 -20
967 9 -53 151 -572 -98
967 10 121 303 -352 376
967 11 321 -504 262 602
967 12 196 -19 -232 -210
967 13 67 -261 155 718
967 14 -444 -364 206 62
967 15 -100 -57 -436 -279
968 0 -272 32 -151 -432
968 1 -70 -412 -138 467
968 2 -254 183 -170 25
968 3 92 -4 327 4
968 4 -66 121 89 -71
968 5 51 -365 4 17
968 6 461 -41 -156 -152
968 7 205 -334 -74 -489
968 8 138 -345 -360 -17
968 9 25 -434 -117 10
968 10 -262 -18 -2 279
968 11 -235 -45 -71 236
968 12 68 259 -15 -131
968 13 -39 -184 273 -97
968 14 -390 -116 -268 23
968 15 -53 -18 -264 445
969 0 254 -38 0 -253
969 1 -230 214 -49 218
969 2 285 -69 -198 399
969 3 483 -121 -199 -114
969 4 -552 314 139 -385
969 5 -186 -588 -176 -478
969 6 46 98 353 -47
969 7 281 -102 118 244
969 8 -257 -167 -70 141
969 9 96 -117 333 205
969 10 420 -344 590 385
969 11 -161 -56 -176 62
969 12 113 145 195 -266
969 13 -143 23 315 -175
969 14 -402 -4 -117 -295
969 15 -41 -192 -52 197
970 0 185 -390 47 4
970 1 319 127 -532 -379
970 2 -248 -151 34 -278
970 3 -105 63 -229 101
970 4 -398 -227 151 -230
970 5 -43 -6 10 -224
970 6 -296 234 267 -249
970 7 -303 -58 593 -160
970 8 -13 -316 92 411
970 9 360 162 -154 -218
970 10 126 -296 -260 92
970 11 74 -97 -93 -412
970 12 -451 384 239 200
970 13 323 365 275 98
970 14 129 17 -133 -54
970 15 536 212 429 -266
971 0 291 -180 45 498
971 1 356 533 -129 95
971 2 17 430 123 -665
971 3 -132 -110 516 -203
971 4 -37 422 178 153
971 5 210 -314 -238 -535
971 6 -447 262 -378 -539
971 7 175 658 38 -21
971 8 -213 -428 442 107
971 9 197 -100 425 362
971 10 -466 440 344 141
971 11 -366 82 -201 190
971 12 515 -87 112 -66
971 13 -126 -108 -534 -56
971 14 175 329 229 -284
971 15 35 166 187 102
972 0 347 -336 358 -651
972 1 -41 -199 240 20
972 2 -90 17 59 2
972 3 -44 81 298 432
972 4 408 -91 49 -43
972 5 165 -683 -173 -115
972 6 -146 -384 266 244
972 7 -137 -272 -410 -22
972 8 -3 271 -62 125
972 9 35 -7 229 -4
972 10 400 -538 155 -276
972 11 -72 90 -26 -659
972 12 204 -38 180 -273
972 13 389 -20 231 45
972 14 76 -157 -198 -34
972 15 -59 -329 190 -143
973 0 -152 -74 4 -215
973 1 -89 -375 185 242
973 2 -118 180 255 -271
973 3 100 -256 406 -58
973 4 485 -340 -364 26
973 5 13 80 -23 439
973 6 -131 317 -386 -75
973 7 -168 -113 -5 248
973 8 191 245 -152 -230
973 9 380 -214 211 -99
973 10 -263 1 -392 -33
973 11 -51 -120 -221 -114
973 12 329 -130 -111 225
973 13 -271 -97 157 -197
973 14 41 -141 22 -163
973 15 -274 183 -202 -29
974 0 125 340 -380 141
974 1 21 -249 -55 -427
974 2 -141 -211 -484 328
974 3 -3 396 464 245
974 4 -177 -287 106 13
974 5 -243 109 -78 313
974 6 -114 -157 85 538
974 7 79 35 253 186
974 8 -169 331 -50 42
974 9 -118 -164 -19 39
974 10 134 -373 62 -244
974 11 -261 599 107 115
974 12 -233 -95 0 66
974 13 -67 -74 446 -72
974 14 -292 -116 -80 -59
974 15 -56 487 120 127
975 0 409 -205 307 48
975 1 -401 -290 225 256
975 2 329 446 -76 -311
975 3 2 -46 66 -471
975 4 229 196 -116 -350
975 5 -139 215 528 -449
975 6 -256 242 -146 -136
975 7 -88 393 171 54
975 8 71 -472 339 126
975 9 279 -122 187 -54
975 10 301 290 40 80
975 11 266 -428 -40 -304
975 12 -187 7 -80 317
975 13 183 -153 96 157
975 14 169 108 376 444
975 15 63 16 -244 -236
976 0 -111 -188 -449 -411
976 1 -90 63 1 -168
976 2 -495 -179 -330 -273
976 3 -17 -162 175 379
976 4 -112 118 -267 -465
976 5 -101 -240 -120 193
976 6 -127 19 -25 -249
976 7 -543 -4 109 336
976 8 -341 -139 -231 394
976 9 626 -560 275 -19
976 10 529 -399 481 -84
976 11 -91 220 82 -266
976 12 -37 -261 328 444
976 13 -233 -10 114 -198
976 14 -199 -125 -248 -336
976 15 -451 208 -344 -38
977 0 191 19 36 38
977 1 370 127 -663 -301
977 2 -474 70 89 -318
977 3 -105 445 262 -131
977 4 -364 -326 201 269
977 5 159 771 103 163
977 6 397 123 -334 -77
977 7 411 218 228 -381
977 8 -228 -387 407 3
977 9 163 -277 -585 -29
977 10 -460 228 55 214
977 11 -17 -283 229 710
977 12 129 -16 308 -35
977 13 195 -454 429 -119
977 14 -441 -235 494 -3
977 15 223 132 -504 68
978 0 -225 17 211 100
978 1 -18 111 331 -118
978 2 -45 -254 -137 64
978 3 -229 -27 1 24
978 4 604 121 -311 -11
978 5 -364 -151 -307 12
978 6 424 -4 -26 -350
978 7 -361 102 -23 74
978 8 96 -119 -242 220
978 9 96 70 -263 -491
978 10 245 -84 76 -75
978 11 348 61 177 -190
978 12 -67 51 14 209
978 13 126 52 -123 141
978 14 55 237 -304 488
978 15 164 221 20 -33
979 0 -38 249 65 177
979 1 -381 546 80 160
979 2 393 241 10 253
979 3 -168 -61 -353 -110
979 4 -151 -30 244 319
979 5 25 -185 -192 -694
979 6 -61 -194 0 428
979 7 141 38 15 632
979 8 -25 336 -40 311
979 9 65 225 -172 -38
979 10 570 -125 121 128
979 11 -103 -393 116 -320
979 12 19 -71 125 -96
979 13 -87 -205 -2 -390
979 14 -412 273 61 66
979 15 479 70 -239 161
980 0 22 135 75 127
980 1 -85 -200 12 -268
980 2 351 -9 -224 11
980 3 -323 30 -79 300
980 4 -72 -27 -296 31
980 5 144 -7 -4 175
980 6 180 140 110 154
980 7 -475 287 126 154
980 8 -159 209 145 30
980 9 215 166 340 -188
980 10 -105 -485 -288 338
980 11 357 182 100 -187
980 12 -4 -145 324 -120
980 13 79 291 -126 -274
980 14 -36 -98 -203 490
980 15 215 41 67 -240
981 0 -418 -294 -512 -47
981 1 95 -184 360 -383
981 2 -162 108 -349 71
981 3 -524 373 431 137
981 4 270 394 18 182
981 5 -188 -227 -434 -280
981 6 110 -392 -9 -315
981 7 -270 350 -45 -101
981 8 150 -72 194 -24
981 9 -439 374 -217 179
981 10 -114 -607 -285 -357
981 11 -180 120 378 -358
981 12 -69 -247 -224 -391
981 13 -273 -406 -277 -80
981 14 -68 255 -453 471
981 15 36 274 -254 114
982 0 -268 317 -195 129
982 1 44 389 176 -97
982 2 312 256 2 -114
982 3 -206 -243 -68 481
982 4 10 18 -69 -50
982 5 276 -212 175 -10
982 6 -309 -396 -15 -93
982 7 -75 52 -591 523
982 8 -24 70 -329 213
982 9 10 81 502 226
982 10 -44 -67 -185 -302
982 11 244 236 -210 297
982 12 198 -4 49 -207
982 13 -106 39 -431 42
982 14 87 -128 181 -22
982 15 -929 113 -66 244
983 0 -274 -251 -189 -352
983 1 162 -478 395 408
983 2 -3 -107 -283 -41
983 3 -183 -314 279 -407
983 4 393 94 -394 -84
983 5 -321 -211 -224 -28
983 6 45 265 -616 -129
983 7 176 255 166 127
983 8 -158 0 -40 -324
983 9 -309 -447 5 -36
983 10 164 275 93 -211
983 11 -32 -191 153 168
983 12 243 -234 28 -90
983 13 -480 -185 -243 288
983 14 5 71 -131 -168
983 15 -177 54 -99 -133
984 0 -165 177 -241 -226
984 1 -319 26 -248 131
984 2 23 -644 -89 -58
984 3 -3 179 -462 123
984 4 -157 -257 -275 -77
984 5 213 18 -215 96
984 6 184 113 571 72
984 7 115 -167 -212 64
984 8 -418 -112 -422 -218
984 9 174 174 -139 -71
984 10 67 141 210 249
984 11 271 -224 181 186
984 12 -297 165 46 14
984 13 121 -202 126 311
984 14 -212 231 718 174
984 15 -556 -517 -217 -72
985 0 116 -17 -243 173
985 1 55 207 55 227
985 2 63 8 84 59
985 3 326 -82 72 -201
985 4 1 137 147 -216
985 5 -191 -419 103 -396
985 6 -107 13 -232 -205
985 7 53 345 380 341
985 8 68 -90 -163 -215
985 9 27 -171 -184 13
985 10 139 314 459 356
985 11 -448 -407 -159 -299
985 12 -215 230 89 -106
985 13 -449 342 -53 199
985 14 -438 208 -39 -277
985 15 32 80 144 471
986 0 -100 368 311 434
986 1 -140 185 184 123
986 2 284 -98 25 60
986 3 -33 133 -190 335
986 4 306 -61 -442 264
986 5 592 217 -251 -412
986 6 373 82 12 320
986 7 493 162 -150 -171
986 8 -149 111 -295 -304
986 9 -195 133 -220 254
986 10 194 -98 23 48
986 11 -328 -160 -61 227
986 12 275 538 186 -229
986 13 146 -8 237 70
986 14 -191 277 436 -1
986 15 -278 -38 -211 444
987 0 -33 -427 -292 -432
987 1 199 183 -411 -184
987 2 -100 194 82 -174
987 3 -470 102 -340 727
987 4 -123 -33 204 110
987 5 -180 176 71 24
987 6 7 -387 -402 -177
987 7 -78 -309 278 -276
987 8 -370 238 414 365
987 9 534 -293 63 -676
987 10 -416 -578 -119 -248
987 11 -274 -625 -220 -419
987 12 -433 162 3 -308
987 13 469 108 407 -232
987 14 65 -396 252 48
987 15 40 164 -130 136
988 0 216 -369 149 102
988 1 130 -33 -118 -617
988 2 -98 -290 -294 -335
988 3 146 183 -293 -192
988 4 -77 -81 -293 -313
988 5 242 477 105 1
988 6 147 98 363 -194
988 7 -374 519 -27 -160
988 8 -418 -485 264 -253
988 9 -80 291 -235 307
988 10 386 34 252 -55
988 11 316 274 376 -80
988 12 -274 -106 353 285
988 13 118 -16 -32 143
988 14 184 171 165 281
988 15 36 -254 123 -398
989 0 262 195 -240 -225
989 1 -225 21 340 -78
989 2 -212 -111 -1 -154
989 3 -58 31 -80 148
989 4 -611 -105 142 311
989 5 113 -57 159 -119
989 6 290 -38 36 -104
989 7 58 49 -194 231
989 8 -179 -189 -93 68
989 9 -34 292 29 500
989 10 271 192 266 493
989 11 -329 -339 340 485
989 12 550 -209 46 -182
989 13 -131 -323 453 16
989 14 -166 -339 223 -409
989 15 -551 33 -387 -204
990 0 -91 343 104 331
990 1 -324 536 546 113
990 2 219 134 268 -55
990 3 11 -261 -438 173
990 4 163 261 61 134
990 5 -38 -334 -114 -311
990 6 375 274 -265 -60
990 7 -60 -177 -118 151
990 8 114 -103 -325 123
990 9 249 169 287 -181
990 10 325 195 282 631
990 11 -542 -205 -252 5
990 12 295 63 14 183
990 13 -100 554 160 59
990 14 -98 -275 -416 -295
990 15 -77 156 -164 365
991 0 -390 78 320 -209
991 1 84 193 -31 265
991 2 -58 177 345 -132
991 3 -210 -37 -137 175
991 4 276 -28 -104 -157
991 5 192 -226 60 -129
991 6 -82 -22 511 323
991 7 -19 -181 -499 437
991 8 624 210 -406 211
991 9 -120 142 -285 -130
991 10 623 -199 -116 -413
991 11 696 -173 -77 -86
991 12 -11 -159 160 -328
991 13 502 -99 -275 371
991 14 -399 57 -369 329
991 15 -422 -564 -662 -220
992 0 -430 -377 -444 -525
992 1 -328 -307 2 158
992 2 -25 -170 -324 -39
992 3 -368 22 267 -247
992 4 -137 68 -180 295
992 5 -108 -143 -229 -357
992 6 225 159 11 -89
992 7 222 209 27 -398
992 8 -4 -222 62 -209
992 9 -315 -196 -191 -116
992 10 -379 -93 -57 82
992 11 -113 -178 -56 297
992 12 74 -119 -149 -260
992 13 99 -626 -112 -126
992 14 -204 24 58 233
992 15 23 -145 -410 -216
993 0 -101 279 142 -409
993 1 65 14 -293 156
993 2 -297 295 112 -86
993 3 137 76 -213 -431
993 4 122 -275 94 -128
993 5 323 -27 245 136
993 6 220 -94 50 232
993 7 128 -621 130 -151
993 8 236 -618 -251 415
993 9 -87 -444 -326 -27
993 10 310 -82 -181 34
993 11 236 -373 297 -157
993 12 -508 -154 276 277
993 13 -210 217 56 303
993 14 -282 147 -256 49
993 15 280 29 -294 895
994 0 -195 -395 -317 -65
994 1 -365 -64 -188 -224
994 2 -101 -342 -11 -257
994 3 -34 -17 -66 -138
994 4 -377 -178 -131 16
994 5 31 -31 -89 -218
994 6 -252 -2 514 -81
994 7 77 77 336 -93
994 8 221 -134 -475 23
994 9 195 298 -22 156
994 10 -99 -140 -3 -44
994 11 -99 39 -122 -249
994 12 -229 25 -417 -98
994 13 130 11 -67 -148
994 14 24 591 261 55
994 15 -190 5 11 -221
995 0 -236 -28 -171 -513
995 1 -131 -319 425 -27
995 2 226 -170 -9 27
995 3 -139 -190 -569 -307
995 4 -117 -188 82 -17
995 5 -69 338 131 9
995 6 4 -294 -561 329
995 7 26 -116 289 258
995 8 46 -91 -33 -155
995 9 -66 5 -239 285
995 10 489 282 -92 194
995 11 -291 -615 404 -162
995 12 -15 -511 -277 148
995 13 -663 51 -208 48
995 14 115 -77 104 -210
995 15 143 -124 -224 -27
996 0 -40 -168 70 40
996 1 622 179 -461 -118
996 2 -376 195 98 -131
996 3 176 -225 322 -20
996 4 6 -49 -5 -42
996 5 271 121 233 -75
996 6 -248 -21 -233 -349
996 7 -17 -31 -14 285
996 8 47 -36 67 58
996 9 -95 -137 -162 21
996 10 -2 79 -309 -457
996 11 252 20 240 256
996 12 18 26 199 153
996 13 -155 -229 1 -54
996 14 -183 -179 -238 -435
996 15 9 619 25 191
997 0 413 -714 187 -464
997 1 223 -21 -12 -476
997 2 -48 55 651 -33
997 3 -196 -86 -67 80
997 4 244 -39 434 -282
997 5 60 291 187 -155
997 6 111 -365 -371 -303
997 7 123 -169 98 -230
997 8 141 -216 46 -358
997 9 258 289 80 -242
997 10 -203 -100 -220 -30
997 11 56 -325 250 -150
997 12 -38 77 204 -185
997 13 -228 172 198 -92
997 14 -267 -575 105 73
997 15 103 -125 -120 -13
998 0 138 111 -112 80
998 1 51 -126 115 -124
998 2 -201 108 -95 -273
998 3 52 -30 69 36
998 4 -204 -219 215 -58
998 5 -55 325 619 95
998 6 -77 -362 -435 -35
998 7 26 -67 162 81
998 8 132 -208 -278 234
998 9 154 -220 -189 131
998 10 221 542 63 -97
998 11 -294 -126 152 166
998 12 -88 38 -299 271
998 13 -67 62 273 94
998 14 87 -93 245 -346
998 15 -319 591 44 182
999 0 79 538 -81 127
999 1 -343 240 127 439
999 2 77 -80 427 207
999 3 440 -363 -233 -227
999 4 -56 543 -1 -456
999 5 -300 -89 11 -307
999 6 -51 176 681 190
999 7 -318 -159 -194 -20
999 8 292 -560 -40 151
999 9 -313 112 -190 307
999 10 316 135 726 341
999 11 -35 310 -194 283
999 12 -72 27 -95 418
999 13 315 86 -172 81
999 14 -488 356 -563 544
999 15 140 -759 98 69
