Copyright 1986-2018 Xilinx, Inc. All Rights Reserved.
--------------------------------------------------------------------------------------------------------------------------------------------------------------------------------------------------------------
| Tool Version : Vivado v.2018.2 (win64) Build 2258646 Thu Jun 14 20:03:12 MDT 2018
| Date         : Sat Aug 15 03:49:25 2026
| Host         : DESKTOP-GRGL43M running 64-bit major release  (build 9200)
| Command      : report_timing_summary -max_paths 10 -file DIF_R2SDF_top_timing_summary_routed.rpt -pb DIF_R2SDF_top_timing_summary_routed.pb -rpx DIF_R2SDF_top_timing_summary_routed.rpx -warn_on_violation
| Design       : DIF_R2SDF_top
| Device       : 7a35ti-cpg236
| Speed File   : -1L  PRODUCTION 1.22 2018-03-21
--------------------------------------------------------------------------------------------------------------------------------------------------------------------------------------------------------------

Timing Summary Report

------------------------------------------------------------------------------------------------
| Timer Settings
| --------------
------------------------------------------------------------------------------------------------

  Enable Multi Corner Analysis               :  Yes
  Enable Pessimism Removal                   :  Yes
  Pessimism Removal Resolution               :  Nearest Common Node
  Enable Input Delay Default Clock           :  No
  Enable Preset / Clear Arcs                 :  No
  Disable Flight Delays                      :  No
  Ignore I/O Paths                           :  No
  Timing Early Launch at Borrowing Latches   :  false

  Corner  Analyze    Analyze    
  Name    Max Paths  Min Paths  
  ------  ---------  ---------  
  Slow    Yes        Yes        
  Fast    Yes        Yes        



check_timing report

Table of Contents
-----------------
1. checking no_clock
2. checking constant_clock
3. checking pulse_width_clock
4. checking unconstrained_internal_endpoints
5. checking no_input_delay
6. checking no_output_delay
7. checking multiple_clock
8. checking generated_clocks
9. checking loops
10. checking partial_input_delay
11. checking partial_output_delay
12. checking latch_loops

1. checking no_clock
--------------------
 There are 0 register/latch pins with no clock.


2. checking constant_clock
--------------------------
 There are 0 register/latch pins with constant_clock.


3. checking pulse_width_clock
-----------------------------
 There are 0 register/latch pins which need pulse_width check


4. checking unconstrained_internal_endpoints
--------------------------------------------
 There are 0 pins that are not constrained for maximum delay.

 There are 0 pins that are not constrained for maximum delay due to constant clock.


5. checking no_input_delay
--------------------------
 There are 26 input ports with no input delay specified. (HIGH)

 There are 0 input ports with no input delay but user has a false path constraint.


6. checking no_output_delay
---------------------------
 There are 25 ports with no output delay specified. (HIGH)

 There are 0 ports with no output delay but user has a false path constraint

 There are 0 ports with no output delay but with a timing clock defined on it or propagating through it


7. checking multiple_clock
--------------------------
 There are 0 register/latch pins with multiple clocks.


8. checking generated_clocks
----------------------------
 There are 0 generated clocks that are not connected to a clock source.


9. checking loops
-----------------
 There are 0 combinational loops in the design.


10. checking partial_input_delay
--------------------------------
 There are 0 input ports with partial input delay specified.


11. checking partial_output_delay
---------------------------------
 There are 0 ports with partial output delay specified.


12. checking latch_loops
------------------------
 There are 0 combinational latch loops in the design through latch input



------------------------------------------------------------------------------------------------
| Design Timing Summary
| ---------------------
------------------------------------------------------------------------------------------------

    WNS(ns)      TNS(ns)  TNS Failing Endpoints  TNS Total Endpoints      WHS(ns)      THS(ns)  THS Failing Endpoints  THS Total Endpoints     WPWS(ns)     TPWS(ns)  TPWS Failing Endpoints  TPWS Total Endpoints  
    -------      -------  ---------------------  -------------------      -------      -------  ---------------------  -------------------     --------     --------  ----------------------  --------------------  
      3.770        0.000                      0                  269        0.126        0.000                      0                  269        9.020        0.000                       0                   276  


All user specified timing constraints are met.


------------------------------------------------------------------------------------------------
| Clock Summary
| -------------
------------------------------------------------------------------------------------------------

Clock        Waveform(ns)       Period(ns)      Frequency(MHz)
-----        ------------       ----------      --------------
sys_clk_pin  {0.000 10.000}     20.000          50.000          


------------------------------------------------------------------------------------------------
| Intra Clock Table
| -----------------
------------------------------------------------------------------------------------------------

Clock             WNS(ns)      TNS(ns)  TNS Failing Endpoints  TNS Total Endpoints      WHS(ns)      THS(ns)  THS Failing Endpoints  THS Total Endpoints     WPWS(ns)     TPWS(ns)  TPWS Failing Endpoints  TPWS Total Endpoints  
-----             -------      -------  ---------------------  -------------------      -------      -------  ---------------------  -------------------     --------     --------  ----------------------  --------------------  
sys_clk_pin         3.770        0.000                      0                  269        0.126        0.000                      0                  269        9.020        0.000                       0                   276  


------------------------------------------------------------------------------------------------
| Inter Clock Table
| -----------------
------------------------------------------------------------------------------------------------

From Clock    To Clock          WNS(ns)      TNS(ns)  TNS Failing Endpoints  TNS Total Endpoints      WHS(ns)      THS(ns)  THS Failing Endpoints  THS Total Endpoints  
----------    --------          -------      -------  ---------------------  -------------------      -------      -------  ---------------------  -------------------  


------------------------------------------------------------------------------------------------
| Other Path Groups Table
| -----------------------
------------------------------------------------------------------------------------------------

Path Group    From Clock    To Clock          WNS(ns)      TNS(ns)  TNS Failing Endpoints  TNS Total Endpoints      WHS(ns)      THS(ns)  THS Failing Endpoints  THS Total Endpoints  
----------    ----------    --------          -------      -------  ---------------------  -------------------      -------      -------  ---------------------  -------------------  


------------------------------------------------------------------------------------------------
| Timing Details
| --------------
------------------------------------------------------------------------------------------------


---------------------------------------------------------------------------------------------------
From Clock:  sys_clk_pin
  To Clock:  sys_clk_pin

Setup :            0  Failing Endpoints,  Worst Slack        3.770ns,  Total Violation        0.000ns
Hold  :            0  Failing Endpoints,  Worst Slack        0.126ns,  Total Violation        0.000ns
PW    :            0  Failing Endpoints,  Worst Slack        9.020ns,  Total Violation        0.000ns
---------------------------------------------------------------------------------------------------


Max Delay Paths
--------------------------------------------------------------------------------------
Slack (MET) :             3.770ns  (required time - arrival time)
  Source:                 STAGE1/SR8/delay_re_reg[7][1]/C
                            (rising edge-triggered cell FDCE clocked by sys_clk_pin  {rise@0.000ns fall@10.000ns period=20.000ns})
  Destination:            STAGE3/SR2/delay_im_reg[0][11]/D
                            (rising edge-triggered cell FDCE clocked by sys_clk_pin  {rise@0.000ns fall@10.000ns period=20.000ns})
  Path Group:             sys_clk_pin
  Path Type:              Setup (Max at Slow Process Corner)
  Requirement:            20.000ns  (sys_clk_pin rise@20.000ns - sys_clk_pin rise@0.000ns)
  Data Path Delay:        16.243ns  (logic 9.506ns (58.525%)  route 6.737ns (41.475%))
  Logic Levels:           12  (CARRY4=6 DSP48E1=2 LUT2=1 LUT4=2 LUT5=1)
  Clock Path Skew:        -0.031ns (DCD - SCD + CPR)
    Destination Clock Delay (DCD):    4.781ns = ( 24.781 - 20.000 ) 
    Source Clock Delay      (SCD):    5.072ns
    Clock Pessimism Removal (CPR):    0.260ns
  Clock Uncertainty:      0.035ns  ((TSJ^2 + TIJ^2)^1/2 + DJ) / 2 + PE
    Total System Jitter     (TSJ):    0.071ns
    Total Input Jitter      (TIJ):    0.000ns
    Discrete Jitter          (DJ):    0.000ns
    Phase Error              (PE):    0.000ns

    Location             Delay type                Incr(ns)  Path(ns)    Netlist Resource(s)
  -------------------------------------------------------------------    -------------------
                         (clock sys_clk_pin rise edge)
                                                      0.000     0.000 r  
    W5                                                0.000     0.000 r  clk (IN)
                         net (fo=0)                   0.000     0.000    clk
    W5                   IBUF (Prop_ibuf_I_O)         1.458     1.458 r  clk_IBUF_inst/O
                         net (fo=1, routed)           1.967     3.425    clk_IBUF
    BUFGCTRL_X0Y0        BUFG (Prop_bufg_I_O)         0.096     3.521 r  clk_IBUF_BUFG_inst/O
                         net (fo=275, routed)         1.551     5.072    STAGE1/SR8/clk_IBUF_BUFG
    SLICE_X14Y23         FDCE                                         r  STAGE1/SR8/delay_re_reg[7][1]/C
  -------------------------------------------------------------------    -------------------
    SLICE_X14Y23         FDCE (Prop_fdce_C_Q)         0.478     5.550 r  STAGE1/SR8/delay_re_reg[7][1]/Q
                         net (fo=7, routed)           1.072     6.623    STAGE1/SR8/DI[1]
    SLICE_X12Y18         LUT2 (Prop_lut2_I0_O)        0.295     6.918 r  STAGE1/SR8/add_re_carry_i_3/O
                         net (fo=1, routed)           0.000     6.918    STAGE1/BUTTERFLY/delay_re_reg[7][3][1]
    SLICE_X12Y18         CARRY4 (Prop_carry4_S[1]_CO[3])
                                                      0.533     7.451 r  STAGE1/BUTTERFLY/add_re_carry/CO[3]
                         net (fo=1, routed)           0.000     7.451    STAGE1/BUTTERFLY/add_re_carry_n_0
    SLICE_X12Y19         CARRY4 (Prop_carry4_CI_O[0])
                                                      0.219     7.670 r  STAGE1/BUTTERFLY/add_re_carry__0/O[0]
                         net (fo=3, routed)           0.468     8.138    STAGE2/SR4/delay_re_reg[7][7][0]
    SLICE_X14Y17         LUT4 (Prop_lut4_I1_O)        0.295     8.433 r  STAGE2/SR4/add_re_carry_i_1__0/O
                         net (fo=1, routed)           0.000     8.433    STAGE2/BUTTERFLY2/delay_re_reg[3][3][3]
    SLICE_X14Y17         CARRY4 (Prop_carry4_S[3]_CO[3])
                                                      0.376     8.809 r  STAGE2/BUTTERFLY2/add_re_carry/CO[3]
                         net (fo=1, routed)           0.000     8.809    STAGE2/BUTTERFLY2/add_re_carry_n_0
    SLICE_X14Y18         CARRY4 (Prop_carry4_CI_O[0])
                                                      0.219     9.028 r  STAGE2/BUTTERFLY2/add_re_carry__0/O[0]
                         net (fo=3, routed)           0.920     9.948    STAGE2/BUTTERFLY2/delay_re_reg[0][7][0]
    SLICE_X10Y16         LUT4 (Prop_lut4_I0_O)        0.295    10.243 r  STAGE2/BUTTERFLY2/sub_re_carry__0_i_4__1/O
                         net (fo=1, routed)           0.000    10.243    STAGE3/BUTTERFLY3/delay_re_reg[3][7][0]
    SLICE_X10Y16         CARRY4 (Prop_carry4_S[0]_CO[3])
                                                      0.513    10.756 r  STAGE3/BUTTERFLY3/sub_re_carry__0/CO[3]
                         net (fo=1, routed)           0.000    10.756    STAGE3/BUTTERFLY3/sub_re_carry__0_n_0
    SLICE_X10Y17         CARRY4 (Prop_carry4_CI_O[3])
                                                      0.315    11.071 r  STAGE3/BUTTERFLY3/sub_re_carry__1/O[3]
                         net (fo=38, routed)          1.433    12.504    STAGE3/BUTTERFLY3/sub_re_carry__1_n_4
    DSP48_X0Y0           DSP48E1 (Prop_dsp48e1_A[11]_P[21])
                                                      4.024    16.528 r  STAGE3/BUTTERFLY3/mult_re_im/P[21]
                         net (fo=27, routed)          1.081    17.609    STAGE3/BUTTERFLY3/mult_re_im__0[21]
    DSP48_X0Y1           DSP48E1 (Prop_dsp48e1_C[38]_P[21])
                                                      1.820    19.429 r  STAGE3/BUTTERFLY3/mult_result_im/P[21]
                         net (fo=1, routed)           1.762    21.191    STAGE3/SR2_MUX/P[11]
    SLICE_X8Y18          LUT5 (Prop_lut5_I0_O)        0.124    21.315 r  STAGE3/SR2_MUX/delay_im[0][11]_i_1/O
                         net (fo=1, routed)           0.000    21.315    STAGE3/SR2/D[11]
    SLICE_X8Y18          FDCE                                         r  STAGE3/SR2/delay_im_reg[0][11]/D
  -------------------------------------------------------------------    -------------------

                         (clock sys_clk_pin rise edge)
                                                     20.000    20.000 r  
    W5                                                0.000    20.000 r  clk (IN)
                         net (fo=0)                   0.000    20.000    clk
    W5                   IBUF (Prop_ibuf_I_O)         1.388    21.388 r  clk_IBUF_inst/O
                         net (fo=1, routed)           1.862    23.250    clk_IBUF
    BUFGCTRL_X0Y0        BUFG (Prop_bufg_I_O)         0.091    23.341 r  clk_IBUF_BUFG_inst/O
                         net (fo=275, routed)         1.440    24.781    STAGE3/SR2/CLK
    SLICE_X8Y18          FDCE                                         r  STAGE3/SR2/delay_im_reg[0][11]/C
                         clock pessimism              0.260    25.041    
                         clock uncertainty           -0.035    25.006    
    SLICE_X8Y18          FDCE (Setup_fdce_C_D)        0.079    25.085    STAGE3/SR2/delay_im_reg[0][11]
  -------------------------------------------------------------------
                         required time                         25.085    
                         arrival time                         -21.315    
  -------------------------------------------------------------------
                         slack                                  3.770    

Slack (MET) :             3.840ns  (required time - arrival time)
  Source:                 STAGE1/SR8/delay_re_reg[7][1]/C
                            (rising edge-triggered cell FDCE clocked by sys_clk_pin  {rise@0.000ns fall@10.000ns period=20.000ns})
  Destination:            STAGE3/SR2/delay_im_reg[0][0]/D
                            (rising edge-triggered cell FDCE clocked by sys_clk_pin  {rise@0.000ns fall@10.000ns period=20.000ns})
  Path Group:             sys_clk_pin
  Path Type:              Setup (Max at Slow Process Corner)
  Requirement:            20.000ns  (sys_clk_pin rise@20.000ns - sys_clk_pin rise@0.000ns)
  Data Path Delay:        16.173ns  (logic 9.506ns (58.778%)  route 6.667ns (41.222%))
  Logic Levels:           12  (CARRY4=6 DSP48E1=2 LUT2=1 LUT4=2 LUT5=1)
  Clock Path Skew:        -0.029ns (DCD - SCD + CPR)
    Destination Clock Delay (DCD):    4.783ns = ( 24.783 - 20.000 ) 
    Source Clock Delay      (SCD):    5.072ns
    Clock Pessimism Removal (CPR):    0.260ns
  Clock Uncertainty:      0.035ns  ((TSJ^2 + TIJ^2)^1/2 + DJ) / 2 + PE
    Total System Jitter     (TSJ):    0.071ns
    Total Input Jitter      (TIJ):    0.000ns
    Discrete Jitter          (DJ):    0.000ns
    Phase Error              (PE):    0.000ns

    Location             Delay type                Incr(ns)  Path(ns)    Netlist Resource(s)
  -------------------------------------------------------------------    -------------------
                         (clock sys_clk_pin rise edge)
                                                      0.000     0.000 r  
    W5                                                0.000     0.000 r  clk (IN)
                         net (fo=0)                   0.000     0.000    clk
    W5                   IBUF (Prop_ibuf_I_O)         1.458     1.458 r  clk_IBUF_inst/O
                         net (fo=1, routed)           1.967     3.425    clk_IBUF
    BUFGCTRL_X0Y0        BUFG (Prop_bufg_I_O)         0.096     3.521 r  clk_IBUF_BUFG_inst/O
                         net (fo=275, routed)         1.551     5.072    STAGE1/SR8/clk_IBUF_BUFG
    SLICE_X14Y23         FDCE                                         r  STAGE1/SR8/delay_re_reg[7][1]/C
  -------------------------------------------------------------------    -------------------
    SLICE_X14Y23         FDCE (Prop_fdce_C_Q)         0.478     5.550 r  STAGE1/SR8/delay_re_reg[7][1]/Q
                         net (fo=7, routed)           1.072     6.623    STAGE1/SR8/DI[1]
    SLICE_X12Y18         LUT2 (Prop_lut2_I0_O)        0.295     6.918 r  STAGE1/SR8/add_re_carry_i_3/O
                         net (fo=1, routed)           0.000     6.918    STAGE1/BUTTERFLY/delay_re_reg[7][3][1]
    SLICE_X12Y18         CARRY4 (Prop_carry4_S[1]_CO[3])
                                                      0.533     7.451 r  STAGE1/BUTTERFLY/add_re_carry/CO[3]
                         net (fo=1, routed)           0.000     7.451    STAGE1/BUTTERFLY/add_re_carry_n_0
    SLICE_X12Y19         CARRY4 (Prop_carry4_CI_O[0])
                                                      0.219     7.670 r  STAGE1/BUTTERFLY/add_re_carry__0/O[0]
                         net (fo=3, routed)           0.468     8.138    STAGE2/SR4/delay_re_reg[7][7][0]
    SLICE_X14Y17         LUT4 (Prop_lut4_I1_O)        0.295     8.433 r  STAGE2/SR4/add_re_carry_i_1__0/O
                         net (fo=1, routed)           0.000     8.433    STAGE2/BUTTERFLY2/delay_re_reg[3][3][3]
    SLICE_X14Y17         CARRY4 (Prop_carry4_S[3]_CO[3])
                                                      0.376     8.809 r  STAGE2/BUTTERFLY2/add_re_carry/CO[3]
                         net (fo=1, routed)           0.000     8.809    STAGE2/BUTTERFLY2/add_re_carry_n_0
    SLICE_X14Y18         CARRY4 (Prop_carry4_CI_O[0])
                                                      0.219     9.028 r  STAGE2/BUTTERFLY2/add_re_carry__0/O[0]
                         net (fo=3, routed)           0.920     9.948    STAGE2/BUTTERFLY2/delay_re_reg[0][7][0]
    SLICE_X10Y16         LUT4 (Prop_lut4_I0_O)        0.295    10.243 r  STAGE2/BUTTERFLY2/sub_re_carry__0_i_4__1/O
                         net (fo=1, routed)           0.000    10.243    STAGE3/BUTTERFLY3/delay_re_reg[3][7][0]
    SLICE_X10Y16         CARRY4 (Prop_carry4_S[0]_CO[3])
                                                      0.513    10.756 r  STAGE3/BUTTERFLY3/sub_re_carry__0/CO[3]
                         net (fo=1, routed)           0.000    10.756    STAGE3/BUTTERFLY3/sub_re_carry__0_n_0
    SLICE_X10Y17         CARRY4 (Prop_carry4_CI_O[3])
                                                      0.315    11.071 r  STAGE3/BUTTERFLY3/sub_re_carry__1/O[3]
                         net (fo=38, routed)          1.433    12.504    STAGE3/BUTTERFLY3/sub_re_carry__1_n_4
    DSP48_X0Y0           DSP48E1 (Prop_dsp48e1_A[11]_P[21])
                                                      4.024    16.528 r  STAGE3/BUTTERFLY3/mult_re_im/P[21]
                         net (fo=27, routed)          1.081    17.609    STAGE3/BUTTERFLY3/mult_re_im__0[21]
    DSP48_X0Y1           DSP48E1 (Prop_dsp48e1_C[38]_P[10])
                                                      1.820    19.429 r  STAGE3/BUTTERFLY3/mult_result_im/P[10]
                         net (fo=1, routed)           1.692    21.121    STAGE3/SR2_MUX/P[0]
    SLICE_X8Y17          LUT5 (Prop_lut5_I0_O)        0.124    21.245 r  STAGE3/SR2_MUX/delay_im[0][0]_i_1/O
                         net (fo=1, routed)           0.000    21.245    STAGE3/SR2/D[0]
    SLICE_X8Y17          FDCE                                         r  STAGE3/SR2/delay_im_reg[0][0]/D
  -------------------------------------------------------------------    -------------------

                         (clock sys_clk_pin rise edge)
                                                     20.000    20.000 r  
    W5                                                0.000    20.000 r  clk (IN)
                         net (fo=0)                   0.000    20.000    clk
    W5                   IBUF (Prop_ibuf_I_O)         1.388    21.388 r  clk_IBUF_inst/O
                         net (fo=1, routed)           1.862    23.250    clk_IBUF
    BUFGCTRL_X0Y0        BUFG (Prop_bufg_I_O)         0.091    23.341 r  clk_IBUF_BUFG_inst/O
                         net (fo=275, routed)         1.442    24.783    STAGE3/SR2/CLK
    SLICE_X8Y17          FDCE                                         r  STAGE3/SR2/delay_im_reg[0][0]/C
                         clock pessimism              0.260    25.043    
                         clock uncertainty           -0.035    25.008    
    SLICE_X8Y17          FDCE (Setup_fdce_C_D)        0.077    25.085    STAGE3/SR2/delay_im_reg[0][0]
  -------------------------------------------------------------------
                         required time                         25.085    
                         arrival time                         -21.245    
  -------------------------------------------------------------------
                         slack                                  3.840    

Slack (MET) :             3.843ns  (required time - arrival time)
  Source:                 STAGE1/SR8/delay_re_reg[7][1]/C
                            (rising edge-triggered cell FDCE clocked by sys_clk_pin  {rise@0.000ns fall@10.000ns period=20.000ns})
  Destination:            STAGE3/SR2/delay_im_reg[0][7]/D
                            (rising edge-triggered cell FDCE clocked by sys_clk_pin  {rise@0.000ns fall@10.000ns period=20.000ns})
  Path Group:             sys_clk_pin
  Path Type:              Setup (Max at Slow Process Corner)
  Requirement:            20.000ns  (sys_clk_pin rise@20.000ns - sys_clk_pin rise@0.000ns)
  Data Path Delay:        16.172ns  (logic 9.506ns (58.781%)  route 6.666ns (41.219%))
  Logic Levels:           12  (CARRY4=6 DSP48E1=2 LUT2=1 LUT4=2 LUT5=1)
  Clock Path Skew:        -0.029ns (DCD - SCD + CPR)
    Destination Clock Delay (DCD):    4.783ns = ( 24.783 - 20.000 ) 
    Source Clock Delay      (SCD):    5.072ns
    Clock Pessimism Removal (CPR):    0.260ns
  Clock Uncertainty:      0.035ns  ((TSJ^2 + TIJ^2)^1/2 + DJ) / 2 + PE
    Total System Jitter     (TSJ):    0.071ns
    Total Input Jitter      (TIJ):    0.000ns
    Discrete Jitter          (DJ):    0.000ns
    Phase Error              (PE):    0.000ns

    Location             Delay type                Incr(ns)  Path(ns)    Netlist Resource(s)
  -------------------------------------------------------------------    -------------------
                         (clock sys_clk_pin rise edge)
                                                      0.000     0.000 r  
    W5                                                0.000     0.000 r  clk (IN)
                         net (fo=0)                   0.000     0.000    clk
    W5                   IBUF (Prop_ibuf_I_O)         1.458     1.458 r  clk_IBUF_inst/O
                         net (fo=1, routed)           1.967     3.425    clk_IBUF
    BUFGCTRL_X0Y0        BUFG (Prop_bufg_I_O)         0.096     3.521 r  clk_IBUF_BUFG_inst/O
                         net (fo=275, routed)         1.551     5.072    STAGE1/SR8/clk_IBUF_BUFG
    SLICE_X14Y23         FDCE                                         r  STAGE1/SR8/delay_re_reg[7][1]/C
  -------------------------------------------------------------------    -------------------
    SLICE_X14Y23         FDCE (Prop_fdce_C_Q)         0.478     5.550 r  STAGE1/SR8/delay_re_reg[7][1]/Q
                         net (fo=7, routed)           1.072     6.623    STAGE1/SR8/DI[1]
    SLICE_X12Y18         LUT2 (Prop_lut2_I0_O)        0.295     6.918 r  STAGE1/SR8/add_re_carry_i_3/O
                         net (fo=1, routed)           0.000     6.918    STAGE1/BUTTERFLY/delay_re_reg[7][3][1]
    SLICE_X12Y18         CARRY4 (Prop_carry4_S[1]_CO[3])
                                                      0.533     7.451 r  STAGE1/BUTTERFLY/add_re_carry/CO[3]
                         net (fo=1, routed)           0.000     7.451    STAGE1/BUTTERFLY/add_re_carry_n_0
    SLICE_X12Y19         CARRY4 (Prop_carry4_CI_O[0])
                                                      0.219     7.670 r  STAGE1/BUTTERFLY/add_re_carry__0/O[0]
                         net (fo=3, routed)           0.468     8.138    STAGE2/SR4/delay_re_reg[7][7][0]
    SLICE_X14Y17         LUT4 (Prop_lut4_I1_O)        0.295     8.433 r  STAGE2/SR4/add_re_carry_i_1__0/O
                         net (fo=1, routed)           0.000     8.433    STAGE2/BUTTERFLY2/delay_re_reg[3][3][3]
    SLICE_X14Y17         CARRY4 (Prop_carry4_S[3]_CO[3])
                                                      0.376     8.809 r  STAGE2/BUTTERFLY2/add_re_carry/CO[3]
                         net (fo=1, routed)           0.000     8.809    STAGE2/BUTTERFLY2/add_re_carry_n_0
    SLICE_X14Y18         CARRY4 (Prop_carry4_CI_O[0])
                                                      0.219     9.028 r  STAGE2/BUTTERFLY2/add_re_carry__0/O[0]
                         net (fo=3, routed)           0.920     9.948    STAGE2/BUTTERFLY2/delay_re_reg[0][7][0]
    SLICE_X10Y16         LUT4 (Prop_lut4_I0_O)        0.295    10.243 r  STAGE2/BUTTERFLY2/sub_re_carry__0_i_4__1/O
                         net (fo=1, routed)           0.000    10.243    STAGE3/BUTTERFLY3/delay_re_reg[3][7][0]
    SLICE_X10Y16         CARRY4 (Prop_carry4_S[0]_CO[3])
                                                      0.513    10.756 r  STAGE3/BUTTERFLY3/sub_re_carry__0/CO[3]
                         net (fo=1, routed)           0.000    10.756    STAGE3/BUTTERFLY3/sub_re_carry__0_n_0
    SLICE_X10Y17         CARRY4 (Prop_carry4_CI_O[3])
                                                      0.315    11.071 r  STAGE3/BUTTERFLY3/sub_re_carry__1/O[3]
                         net (fo=38, routed)          1.433    12.504    STAGE3/BUTTERFLY3/sub_re_carry__1_n_4
    DSP48_X0Y0           DSP48E1 (Prop_dsp48e1_A[11]_P[21])
                                                      4.024    16.528 r  STAGE3/BUTTERFLY3/mult_re_im/P[21]
                         net (fo=27, routed)          1.081    17.609    STAGE3/BUTTERFLY3/mult_re_im__0[21]
    DSP48_X0Y1           DSP48E1 (Prop_dsp48e1_C[38]_P[17])
                                                      1.820    19.429 r  STAGE3/BUTTERFLY3/mult_result_im/P[17]
                         net (fo=1, routed)           1.691    21.120    STAGE3/SR2_MUX/P[7]
    SLICE_X8Y17          LUT5 (Prop_lut5_I0_O)        0.124    21.244 r  STAGE3/SR2_MUX/delay_im[0][7]_i_1/O
                         net (fo=1, routed)           0.000    21.244    STAGE3/SR2/D[7]
    SLICE_X8Y17          FDCE                                         r  STAGE3/SR2/delay_im_reg[0][7]/D
  -------------------------------------------------------------------    -------------------

                         (clock sys_clk_pin rise edge)
                                                     20.000    20.000 r  
    W5                                                0.000    20.000 r  clk (IN)
                         net (fo=0)                   0.000    20.000    clk
    W5                   IBUF (Prop_ibuf_I_O)         1.388    21.388 r  clk_IBUF_inst/O
                         net (fo=1, routed)           1.862    23.250    clk_IBUF
    BUFGCTRL_X0Y0        BUFG (Prop_bufg_I_O)         0.091    23.341 r  clk_IBUF_BUFG_inst/O
                         net (fo=275, routed)         1.442    24.783    STAGE3/SR2/CLK
    SLICE_X8Y17          FDCE                                         r  STAGE3/SR2/delay_im_reg[0][7]/C
                         clock pessimism              0.260    25.043    
                         clock uncertainty           -0.035    25.008    
    SLICE_X8Y17          FDCE (Setup_fdce_C_D)        0.079    25.087    STAGE3/SR2/delay_im_reg[0][7]
  -------------------------------------------------------------------
                         required time                         25.087    
                         arrival time                         -21.244    
  -------------------------------------------------------------------
                         slack                                  3.843    

Slack (MET) :             3.958ns  (required time - arrival time)
  Source:                 STAGE1/SR8/delay_re_reg[7][1]/C
                            (rising edge-triggered cell FDCE clocked by sys_clk_pin  {rise@0.000ns fall@10.000ns period=20.000ns})
  Destination:            STAGE3/SR2/delay_im_reg[0][5]/D
                            (rising edge-triggered cell FDCE clocked by sys_clk_pin  {rise@0.000ns fall@10.000ns period=20.000ns})
  Path Group:             sys_clk_pin
  Path Type:              Setup (Max at Slow Process Corner)
  Requirement:            20.000ns  (sys_clk_pin rise@20.000ns - sys_clk_pin rise@0.000ns)
  Data Path Delay:        16.055ns  (logic 9.506ns (59.210%)  route 6.549ns (40.790%))
  Logic Levels:           12  (CARRY4=6 DSP48E1=2 LUT2=1 LUT4=2 LUT5=1)
  Clock Path Skew:        -0.031ns (DCD - SCD + CPR)
    Destination Clock Delay (DCD):    4.781ns = ( 24.781 - 20.000 ) 
    Source Clock Delay      (SCD):    5.072ns
    Clock Pessimism Removal (CPR):    0.260ns
  Clock Uncertainty:      0.035ns  ((TSJ^2 + TIJ^2)^1/2 + DJ) / 2 + PE
    Total System Jitter     (TSJ):    0.071ns
    Total Input Jitter      (TIJ):    0.000ns
    Discrete Jitter          (DJ):    0.000ns
    Phase Error              (PE):    0.000ns

    Location             Delay type                Incr(ns)  Path(ns)    Netlist Resource(s)
  -------------------------------------------------------------------    -------------------
                         (clock sys_clk_pin rise edge)
                                                      0.000     0.000 r  
    W5                                                0.000     0.000 r  clk (IN)
                         net (fo=0)                   0.000     0.000    clk
    W5                   IBUF (Prop_ibuf_I_O)         1.458     1.458 r  clk_IBUF_inst/O
                         net (fo=1, routed)           1.967     3.425    clk_IBUF
    BUFGCTRL_X0Y0        BUFG (Prop_bufg_I_O)         0.096     3.521 r  clk_IBUF_BUFG_inst/O
                         net (fo=275, routed)         1.551     5.072    STAGE1/SR8/clk_IBUF_BUFG
    SLICE_X14Y23         FDCE                                         r  STAGE1/SR8/delay_re_reg[7][1]/C
  -------------------------------------------------------------------    -------------------
    SLICE_X14Y23         FDCE (Prop_fdce_C_Q)         0.478     5.550 r  STAGE1/SR8/delay_re_reg[7][1]/Q
                         net (fo=7, routed)           1.072     6.623    STAGE1/SR8/DI[1]
    SLICE_X12Y18         LUT2 (Prop_lut2_I0_O)        0.295     6.918 r  STAGE1/SR8/add_re_carry_i_3/O
                         net (fo=1, routed)           0.000     6.918    STAGE1/BUTTERFLY/delay_re_reg[7][3][1]
    SLICE_X12Y18         CARRY4 (Prop_carry4_S[1]_CO[3])
                                                      0.533     7.451 r  STAGE1/BUTTERFLY/add_re_carry/CO[3]
                         net (fo=1, routed)           0.000     7.451    STAGE1/BUTTERFLY/add_re_carry_n_0
    SLICE_X12Y19         CARRY4 (Prop_carry4_CI_O[0])
                                                      0.219     7.670 r  STAGE1/BUTTERFLY/add_re_carry__0/O[0]
                         net (fo=3, routed)           0.468     8.138    STAGE2/SR4/delay_re_reg[7][7][0]
    SLICE_X14Y17         LUT4 (Prop_lut4_I1_O)        0.295     8.433 r  STAGE2/SR4/add_re_carry_i_1__0/O
                         net (fo=1, routed)           0.000     8.433    STAGE2/BUTTERFLY2/delay_re_reg[3][3][3]
    SLICE_X14Y17         CARRY4 (Prop_carry4_S[3]_CO[3])
                                                      0.376     8.809 r  STAGE2/BUTTERFLY2/add_re_carry/CO[3]
                         net (fo=1, routed)           0.000     8.809    STAGE2/BUTTERFLY2/add_re_carry_n_0
    SLICE_X14Y18         CARRY4 (Prop_carry4_CI_O[0])
                                                      0.219     9.028 r  STAGE2/BUTTERFLY2/add_re_carry__0/O[0]
                         net (fo=3, routed)           0.920     9.948    STAGE2/BUTTERFLY2/delay_re_reg[0][7][0]
    SLICE_X10Y16         LUT4 (Prop_lut4_I0_O)        0.295    10.243 r  STAGE2/BUTTERFLY2/sub_re_carry__0_i_4__1/O
                         net (fo=1, routed)           0.000    10.243    STAGE3/BUTTERFLY3/delay_re_reg[3][7][0]
    SLICE_X10Y16         CARRY4 (Prop_carry4_S[0]_CO[3])
                                                      0.513    10.756 r  STAGE3/BUTTERFLY3/sub_re_carry__0/CO[3]
                         net (fo=1, routed)           0.000    10.756    STAGE3/BUTTERFLY3/sub_re_carry__0_n_0
    SLICE_X10Y17         CARRY4 (Prop_carry4_CI_O[3])
                                                      0.315    11.071 r  STAGE3/BUTTERFLY3/sub_re_carry__1/O[3]
                         net (fo=38, routed)          1.433    12.504    STAGE3/BUTTERFLY3/sub_re_carry__1_n_4
    DSP48_X0Y0           DSP48E1 (Prop_dsp48e1_A[11]_P[21])
                                                      4.024    16.528 r  STAGE3/BUTTERFLY3/mult_re_im/P[21]
                         net (fo=27, routed)          1.081    17.609    STAGE3/BUTTERFLY3/mult_re_im__0[21]
    DSP48_X0Y1           DSP48E1 (Prop_dsp48e1_C[38]_P[15])
                                                      1.820    19.429 r  STAGE3/BUTTERFLY3/mult_result_im/P[15]
                         net (fo=1, routed)           1.574    21.003    STAGE3/SR2_MUX/P[5]
    SLICE_X8Y18          LUT5 (Prop_lut5_I0_O)        0.124    21.127 r  STAGE3/SR2_MUX/delay_im[0][5]_i_1/O
                         net (fo=1, routed)           0.000    21.127    STAGE3/SR2/D[5]
    SLICE_X8Y18          FDCE                                         r  STAGE3/SR2/delay_im_reg[0][5]/D
  -------------------------------------------------------------------    -------------------

                         (clock sys_clk_pin rise edge)
                                                     20.000    20.000 r  
    W5                                                0.000    20.000 r  clk (IN)
                         net (fo=0)                   0.000    20.000    clk
    W5                   IBUF (Prop_ibuf_I_O)         1.388    21.388 r  clk_IBUF_inst/O
                         net (fo=1, routed)           1.862    23.250    clk_IBUF
    BUFGCTRL_X0Y0        BUFG (Prop_bufg_I_O)         0.091    23.341 r  clk_IBUF_BUFG_inst/O
                         net (fo=275, routed)         1.440    24.781    STAGE3/SR2/CLK
    SLICE_X8Y18          FDCE                                         r  STAGE3/SR2/delay_im_reg[0][5]/C
                         clock pessimism              0.260    25.041    
                         clock uncertainty           -0.035    25.006    
    SLICE_X8Y18          FDCE (Setup_fdce_C_D)        0.079    25.085    STAGE3/SR2/delay_im_reg[0][5]
  -------------------------------------------------------------------
                         required time                         25.085    
                         arrival time                         -21.127    
  -------------------------------------------------------------------
                         slack                                  3.958    

Slack (MET) :             3.969ns  (required time - arrival time)
  Source:                 STAGE1/SR8/delay_re_reg[7][1]/C
                            (rising edge-triggered cell FDCE clocked by sys_clk_pin  {rise@0.000ns fall@10.000ns period=20.000ns})
  Destination:            STAGE3/SR2/delay_im_reg[0][1]/D
                            (rising edge-triggered cell FDCE clocked by sys_clk_pin  {rise@0.000ns fall@10.000ns period=20.000ns})
  Path Group:             sys_clk_pin
  Path Type:              Setup (Max at Slow Process Corner)
  Requirement:            20.000ns  (sys_clk_pin rise@20.000ns - sys_clk_pin rise@0.000ns)
  Data Path Delay:        15.998ns  (logic 9.506ns (59.421%)  route 6.492ns (40.579%))
  Logic Levels:           12  (CARRY4=6 DSP48E1=2 LUT2=1 LUT4=2 LUT5=1)
  Clock Path Skew:        -0.027ns (DCD - SCD + CPR)
    Destination Clock Delay (DCD):    4.785ns = ( 24.785 - 20.000 ) 
    Source Clock Delay      (SCD):    5.072ns
    Clock Pessimism Removal (CPR):    0.260ns
  Clock Uncertainty:      0.035ns  ((TSJ^2 + TIJ^2)^1/2 + DJ) / 2 + PE
    Total System Jitter     (TSJ):    0.071ns
    Total Input Jitter      (TIJ):    0.000ns
    Discrete Jitter          (DJ):    0.000ns
    Phase Error              (PE):    0.000ns

    Location             Delay type                Incr(ns)  Path(ns)    Netlist Resource(s)
  -------------------------------------------------------------------    -------------------
                         (clock sys_clk_pin rise edge)
                                                      0.000     0.000 r  
    W5                                                0.000     0.000 r  clk (IN)
                         net (fo=0)                   0.000     0.000    clk
    W5                   IBUF (Prop_ibuf_I_O)         1.458     1.458 r  clk_IBUF_inst/O
                         net (fo=1, routed)           1.967     3.425    clk_IBUF
    BUFGCTRL_X0Y0        BUFG (Prop_bufg_I_O)         0.096     3.521 r  clk_IBUF_BUFG_inst/O
                         net (fo=275, routed)         1.551     5.072    STAGE1/SR8/clk_IBUF_BUFG
    SLICE_X14Y23         FDCE                                         r  STAGE1/SR8/delay_re_reg[7][1]/C
  -------------------------------------------------------------------    -------------------
    SLICE_X14Y23         FDCE (Prop_fdce_C_Q)         0.478     5.550 r  STAGE1/SR8/delay_re_reg[7][1]/Q
                         net (fo=7, routed)           1.072     6.623    STAGE1/SR8/DI[1]
    SLICE_X12Y18         LUT2 (Prop_lut2_I0_O)        0.295     6.918 r  STAGE1/SR8/add_re_carry_i_3/O
                         net (fo=1, routed)           0.000     6.918    STAGE1/BUTTERFLY/delay_re_reg[7][3][1]
    SLICE_X12Y18         CARRY4 (Prop_carry4_S[1]_CO[3])
                                                      0.533     7.451 r  STAGE1/BUTTERFLY/add_re_carry/CO[3]
                         net (fo=1, routed)           0.000     7.451    STAGE1/BUTTERFLY/add_re_carry_n_0
    SLICE_X12Y19         CARRY4 (Prop_carry4_CI_O[0])
                                                      0.219     7.670 r  STAGE1/BUTTERFLY/add_re_carry__0/O[0]
                         net (fo=3, routed)           0.468     8.138    STAGE2/SR4/delay_re_reg[7][7][0]
    SLICE_X14Y17         LUT4 (Prop_lut4_I1_O)        0.295     8.433 r  STAGE2/SR4/add_re_carry_i_1__0/O
                         net (fo=1, routed)           0.000     8.433    STAGE2/BUTTERFLY2/delay_re_reg[3][3][3]
    SLICE_X14Y17         CARRY4 (Prop_carry4_S[3]_CO[3])
                                                      0.376     8.809 r  STAGE2/BUTTERFLY2/add_re_carry/CO[3]
                         net (fo=1, routed)           0.000     8.809    STAGE2/BUTTERFLY2/add_re_carry_n_0
    SLICE_X14Y18         CARRY4 (Prop_carry4_CI_O[0])
                                                      0.219     9.028 r  STAGE2/BUTTERFLY2/add_re_carry__0/O[0]
                         net (fo=3, routed)           0.920     9.948    STAGE2/BUTTERFLY2/delay_re_reg[0][7][0]
    SLICE_X10Y16         LUT4 (Prop_lut4_I0_O)        0.295    10.243 r  STAGE2/BUTTERFLY2/sub_re_carry__0_i_4__1/O
                         net (fo=1, routed)           0.000    10.243    STAGE3/BUTTERFLY3/delay_re_reg[3][7][0]
    SLICE_X10Y16         CARRY4 (Prop_carry4_S[0]_CO[3])
                                                      0.513    10.756 r  STAGE3/BUTTERFLY3/sub_re_carry__0/CO[3]
                         net (fo=1, routed)           0.000    10.756    STAGE3/BUTTERFLY3/sub_re_carry__0_n_0
    SLICE_X10Y17         CARRY4 (Prop_carry4_CI_O[3])
                                                      0.315    11.071 r  STAGE3/BUTTERFLY3/sub_re_carry__1/O[3]
                         net (fo=38, routed)          1.433    12.504    STAGE3/BUTTERFLY3/sub_re_carry__1_n_4
    DSP48_X0Y0           DSP48E1 (Prop_dsp48e1_A[11]_P[21])
                                                      4.024    16.528 r  STAGE3/BUTTERFLY3/mult_re_im/P[21]
                         net (fo=27, routed)          1.081    17.609    STAGE3/BUTTERFLY3/mult_re_im__0[21]
    DSP48_X0Y1           DSP48E1 (Prop_dsp48e1_C[38]_P[11])
                                                      1.820    19.429 r  STAGE3/BUTTERFLY3/mult_result_im/P[11]
                         net (fo=1, routed)           1.517    20.946    STAGE3/SR2_MUX/P[1]
    SLICE_X11Y16         LUT5 (Prop_lut5_I0_O)        0.124    21.070 r  STAGE3/SR2_MUX/delay_im[0][1]_i_1/O
                         net (fo=1, routed)           0.000    21.070    STAGE3/SR2/D[1]
    SLICE_X11Y16         FDCE                                         r  STAGE3/SR2/delay_im_reg[0][1]/D
  -------------------------------------------------------------------    -------------------

                         (clock sys_clk_pin rise edge)
                                                     20.000    20.000 r  
    W5                                                0.000    20.000 r  clk (IN)
                         net (fo=0)                   0.000    20.000    clk
    W5                   IBUF (Prop_ibuf_I_O)         1.388    21.388 r  clk_IBUF_inst/O
                         net (fo=1, routed)           1.862    23.250    clk_IBUF
    BUFGCTRL_X0Y0        BUFG (Prop_bufg_I_O)         0.091    23.341 r  clk_IBUF_BUFG_inst/O
                         net (fo=275, routed)         1.444    24.785    STAGE3/SR2/CLK
    SLICE_X11Y16         FDCE                                         r  STAGE3/SR2/delay_im_reg[0][1]/C
                         clock pessimism              0.260    25.045    
                         clock uncertainty           -0.035    25.010    
    SLICE_X11Y16         FDCE (Setup_fdce_C_D)        0.029    25.039    STAGE3/SR2/delay_im_reg[0][1]
  -------------------------------------------------------------------
                         required time                         25.039    
                         arrival time                         -21.070    
  -------------------------------------------------------------------
                         slack                                  3.969    

Slack (MET) :             3.983ns  (required time - arrival time)
  Source:                 STAGE1/SR8/delay_re_reg[7][1]/C
                            (rising edge-triggered cell FDCE clocked by sys_clk_pin  {rise@0.000ns fall@10.000ns period=20.000ns})
  Destination:            STAGE3/SR2/delay_im_reg[0][3]/D
                            (rising edge-triggered cell FDCE clocked by sys_clk_pin  {rise@0.000ns fall@10.000ns period=20.000ns})
  Path Group:             sys_clk_pin
  Path Type:              Setup (Max at Slow Process Corner)
  Requirement:            20.000ns  (sys_clk_pin rise@20.000ns - sys_clk_pin rise@0.000ns)
  Data Path Delay:        16.034ns  (logic 9.506ns (59.287%)  route 6.528ns (40.713%))
  Logic Levels:           12  (CARRY4=6 DSP48E1=2 LUT2=1 LUT4=2 LUT5=1)
  Clock Path Skew:        -0.029ns (DCD - SCD + CPR)
    Destination Clock Delay (DCD):    4.783ns = ( 24.783 - 20.000 ) 
    Source Clock Delay      (SCD):    5.072ns
    Clock Pessimism Removal (CPR):    0.260ns
  Clock Uncertainty:      0.035ns  ((TSJ^2 + TIJ^2)^1/2 + DJ) / 2 + PE
    Total System Jitter     (TSJ):    0.071ns
    Total Input Jitter      (TIJ):    0.000ns
    Discrete Jitter          (DJ):    0.000ns
    Phase Error              (PE):    0.000ns

    Location             Delay type                Incr(ns)  Path(ns)    Netlist Resource(s)
  -------------------------------------------------------------------    -------------------
                         (clock sys_clk_pin rise edge)
                                                      0.000     0.000 r  
    W5                                                0.000     0.000 r  clk (IN)
                         net (fo=0)                   0.000     0.000    clk
    W5                   IBUF (Prop_ibuf_I_O)         1.458     1.458 r  clk_IBUF_inst/O
                         net (fo=1, routed)           1.967     3.425    clk_IBUF
    BUFGCTRL_X0Y0        BUFG (Prop_bufg_I_O)         0.096     3.521 r  clk_IBUF_BUFG_inst/O
                         net (fo=275, routed)         1.551     5.072    STAGE1/SR8/clk_IBUF_BUFG
    SLICE_X14Y23         FDCE                                         r  STAGE1/SR8/delay_re_reg[7][1]/C
  -------------------------------------------------------------------    -------------------
    SLICE_X14Y23         FDCE (Prop_fdce_C_Q)         0.478     5.550 r  STAGE1/SR8/delay_re_reg[7][1]/Q
                         net (fo=7, routed)           1.072     6.623    STAGE1/SR8/DI[1]
    SLICE_X12Y18         LUT2 (Prop_lut2_I0_O)        0.295     6.918 r  STAGE1/SR8/add_re_carry_i_3/O
                         net (fo=1, routed)           0.000     6.918    STAGE1/BUTTERFLY/delay_re_reg[7][3][1]
    SLICE_X12Y18         CARRY4 (Prop_carry4_S[1]_CO[3])
                                                      0.533     7.451 r  STAGE1/BUTTERFLY/add_re_carry/CO[3]
                         net (fo=1, routed)           0.000     7.451    STAGE1/BUTTERFLY/add_re_carry_n_0
    SLICE_X12Y19         CARRY4 (Prop_carry4_CI_O[0])
                                                      0.219     7.670 r  STAGE1/BUTTERFLY/add_re_carry__0/O[0]
                         net (fo=3, routed)           0.468     8.138    STAGE2/SR4/delay_re_reg[7][7][0]
    SLICE_X14Y17         LUT4 (Prop_lut4_I1_O)        0.295     8.433 r  STAGE2/SR4/add_re_carry_i_1__0/O
                         net (fo=1, routed)           0.000     8.433    STAGE2/BUTTERFLY2/delay_re_reg[3][3][3]
    SLICE_X14Y17         CARRY4 (Prop_carry4_S[3]_CO[3])
                                                      0.376     8.809 r  STAGE2/BUTTERFLY2/add_re_carry/CO[3]
                         net (fo=1, routed)           0.000     8.809    STAGE2/BUTTERFLY2/add_re_carry_n_0
    SLICE_X14Y18         CARRY4 (Prop_carry4_CI_O[0])
                                                      0.219     9.028 r  STAGE2/BUTTERFLY2/add_re_carry__0/O[0]
                         net (fo=3, routed)           0.920     9.948    STAGE2/BUTTERFLY2/delay_re_reg[0][7][0]
    SLICE_X10Y16         LUT4 (Prop_lut4_I0_O)        0.295    10.243 r  STAGE2/BUTTERFLY2/sub_re_carry__0_i_4__1/O
                         net (fo=1, routed)           0.000    10.243    STAGE3/BUTTERFLY3/delay_re_reg[3][7][0]
    SLICE_X10Y16         CARRY4 (Prop_carry4_S[0]_CO[3])
                                                      0.513    10.756 r  STAGE3/BUTTERFLY3/sub_re_carry__0/CO[3]
                         net (fo=1, routed)           0.000    10.756    STAGE3/BUTTERFLY3/sub_re_carry__0_n_0
    SLICE_X10Y17         CARRY4 (Prop_carry4_CI_O[3])
                                                      0.315    11.071 r  STAGE3/BUTTERFLY3/sub_re_carry__1/O[3]
                         net (fo=38, routed)          1.433    12.504    STAGE3/BUTTERFLY3/sub_re_carry__1_n_4
    DSP48_X0Y0           DSP48E1 (Prop_dsp48e1_A[11]_P[21])
                                                      4.024    16.528 r  STAGE3/BUTTERFLY3/mult_re_im/P[21]
                         net (fo=27, routed)          1.081    17.609    STAGE3/BUTTERFLY3/mult_re_im__0[21]
    DSP48_X0Y1           DSP48E1 (Prop_dsp48e1_C[38]_P[13])
                                                      1.820    19.429 r  STAGE3/BUTTERFLY3/mult_result_im/P[13]
                         net (fo=1, routed)           1.553    20.982    STAGE3/SR2_MUX/P[3]
    SLICE_X8Y17          LUT5 (Prop_lut5_I0_O)        0.124    21.106 r  STAGE3/SR2_MUX/delay_im[0][3]_i_1/O
                         net (fo=1, routed)           0.000    21.106    STAGE3/SR2/D[3]
    SLICE_X8Y17          FDCE                                         r  STAGE3/SR2/delay_im_reg[0][3]/D
  -------------------------------------------------------------------    -------------------

                         (clock sys_clk_pin rise edge)
                                                     20.000    20.000 r  
    W5                                                0.000    20.000 r  clk (IN)
                         net (fo=0)                   0.000    20.000    clk
    W5                   IBUF (Prop_ibuf_I_O)         1.388    21.388 r  clk_IBUF_inst/O
                         net (fo=1, routed)           1.862    23.250    clk_IBUF
    BUFGCTRL_X0Y0        BUFG (Prop_bufg_I_O)         0.091    23.341 r  clk_IBUF_BUFG_inst/O
                         net (fo=275, routed)         1.442    24.783    STAGE3/SR2/CLK
    SLICE_X8Y17          FDCE                                         r  STAGE3/SR2/delay_im_reg[0][3]/C
                         clock pessimism              0.260    25.043    
                         clock uncertainty           -0.035    25.008    
    SLICE_X8Y17          FDCE (Setup_fdce_C_D)        0.081    25.089    STAGE3/SR2/delay_im_reg[0][3]
  -------------------------------------------------------------------
                         required time                         25.089    
                         arrival time                         -21.106    
  -------------------------------------------------------------------
                         slack                                  3.983    

Slack (MET) :             3.988ns  (required time - arrival time)
  Source:                 STAGE1/SR8/delay_re_reg[7][1]/C
                            (rising edge-triggered cell FDCE clocked by sys_clk_pin  {rise@0.000ns fall@10.000ns period=20.000ns})
  Destination:            STAGE3/SR2/delay_im_reg[0][10]/D
                            (rising edge-triggered cell FDCE clocked by sys_clk_pin  {rise@0.000ns fall@10.000ns period=20.000ns})
  Path Group:             sys_clk_pin
  Path Type:              Setup (Max at Slow Process Corner)
  Requirement:            20.000ns  (sys_clk_pin rise@20.000ns - sys_clk_pin rise@0.000ns)
  Data Path Delay:        16.022ns  (logic 9.506ns (59.331%)  route 6.516ns (40.669%))
  Logic Levels:           12  (CARRY4=6 DSP48E1=2 LUT2=1 LUT4=2 LUT5=1)
  Clock Path Skew:        -0.032ns (DCD - SCD + CPR)
    Destination Clock Delay (DCD):    4.780ns = ( 24.780 - 20.000 ) 
    Source Clock Delay      (SCD):    5.072ns
    Clock Pessimism Removal (CPR):    0.260ns
  Clock Uncertainty:      0.035ns  ((TSJ^2 + TIJ^2)^1/2 + DJ) / 2 + PE
    Total System Jitter     (TSJ):    0.071ns
    Total Input Jitter      (TIJ):    0.000ns
    Discrete Jitter          (DJ):    0.000ns
    Phase Error              (PE):    0.000ns

    Location             Delay type                Incr(ns)  Path(ns)    Netlist Resource(s)
  -------------------------------------------------------------------    -------------------
                         (clock sys_clk_pin rise edge)
                                                      0.000     0.000 r  
    W5                                                0.000     0.000 r  clk (IN)
                         net (fo=0)                   0.000     0.000    clk
    W5                   IBUF (Prop_ibuf_I_O)         1.458     1.458 r  clk_IBUF_inst/O
                         net (fo=1, routed)           1.967     3.425    clk_IBUF
    BUFGCTRL_X0Y0        BUFG (Prop_bufg_I_O)         0.096     3.521 r  clk_IBUF_BUFG_inst/O
                         net (fo=275, routed)         1.551     5.072    STAGE1/SR8/clk_IBUF_BUFG
    SLICE_X14Y23         FDCE                                         r  STAGE1/SR8/delay_re_reg[7][1]/C
  -------------------------------------------------------------------    -------------------
    SLICE_X14Y23         FDCE (Prop_fdce_C_Q)         0.478     5.550 r  STAGE1/SR8/delay_re_reg[7][1]/Q
                         net (fo=7, routed)           1.072     6.623    STAGE1/SR8/DI[1]
    SLICE_X12Y18         LUT2 (Prop_lut2_I0_O)        0.295     6.918 r  STAGE1/SR8/add_re_carry_i_3/O
                         net (fo=1, routed)           0.000     6.918    STAGE1/BUTTERFLY/delay_re_reg[7][3][1]
    SLICE_X12Y18         CARRY4 (Prop_carry4_S[1]_CO[3])
                                                      0.533     7.451 r  STAGE1/BUTTERFLY/add_re_carry/CO[3]
                         net (fo=1, routed)           0.000     7.451    STAGE1/BUTTERFLY/add_re_carry_n_0
    SLICE_X12Y19         CARRY4 (Prop_carry4_CI_O[0])
                                                      0.219     7.670 r  STAGE1/BUTTERFLY/add_re_carry__0/O[0]
                         net (fo=3, routed)           0.468     8.138    STAGE2/SR4/delay_re_reg[7][7][0]
    SLICE_X14Y17         LUT4 (Prop_lut4_I1_O)        0.295     8.433 r  STAGE2/SR4/add_re_carry_i_1__0/O
                         net (fo=1, routed)           0.000     8.433    STAGE2/BUTTERFLY2/delay_re_reg[3][3][3]
    SLICE_X14Y17         CARRY4 (Prop_carry4_S[3]_CO[3])
                                                      0.376     8.809 r  STAGE2/BUTTERFLY2/add_re_carry/CO[3]
                         net (fo=1, routed)           0.000     8.809    STAGE2/BUTTERFLY2/add_re_carry_n_0
    SLICE_X14Y18         CARRY4 (Prop_carry4_CI_O[0])
                                                      0.219     9.028 r  STAGE2/BUTTERFLY2/add_re_carry__0/O[0]
                         net (fo=3, routed)           0.920     9.948    STAGE2/BUTTERFLY2/delay_re_reg[0][7][0]
    SLICE_X10Y16         LUT4 (Prop_lut4_I0_O)        0.295    10.243 r  STAGE2/BUTTERFLY2/sub_re_carry__0_i_4__1/O
                         net (fo=1, routed)           0.000    10.243    STAGE3/BUTTERFLY3/delay_re_reg[3][7][0]
    SLICE_X10Y16         CARRY4 (Prop_carry4_S[0]_CO[3])
                                                      0.513    10.756 r  STAGE3/BUTTERFLY3/sub_re_carry__0/CO[3]
                         net (fo=1, routed)           0.000    10.756    STAGE3/BUTTERFLY3/sub_re_carry__0_n_0
    SLICE_X10Y17         CARRY4 (Prop_carry4_CI_O[3])
                                                      0.315    11.071 r  STAGE3/BUTTERFLY3/sub_re_carry__1/O[3]
                         net (fo=38, routed)          1.433    12.504    STAGE3/BUTTERFLY3/sub_re_carry__1_n_4
    DSP48_X0Y0           DSP48E1 (Prop_dsp48e1_A[11]_P[21])
                                                      4.024    16.528 r  STAGE3/BUTTERFLY3/mult_re_im/P[21]
                         net (fo=27, routed)          1.081    17.609    STAGE3/BUTTERFLY3/mult_re_im__0[21]
    DSP48_X0Y1           DSP48E1 (Prop_dsp48e1_C[38]_P[20])
                                                      1.820    19.429 r  STAGE3/BUTTERFLY3/mult_result_im/P[20]
                         net (fo=1, routed)           1.541    20.970    STAGE3/SR2_MUX/P[10]
    SLICE_X8Y19          LUT5 (Prop_lut5_I0_O)        0.124    21.094 r  STAGE3/SR2_MUX/delay_im[0][10]_i_1/O
                         net (fo=1, routed)           0.000    21.094    STAGE3/SR2/D[10]
    SLICE_X8Y19          FDCE                                         r  STAGE3/SR2/delay_im_reg[0][10]/D
  -------------------------------------------------------------------    -------------------

                         (clock sys_clk_pin rise edge)
                                                     20.000    20.000 r  
    W5                                                0.000    20.000 r  clk (IN)
                         net (fo=0)                   0.000    20.000    clk
    W5                   IBUF (Prop_ibuf_I_O)         1.388    21.388 r  clk_IBUF_inst/O
                         net (fo=1, routed)           1.862    23.250    clk_IBUF
    BUFGCTRL_X0Y0        BUFG (Prop_bufg_I_O)         0.091    23.341 r  clk_IBUF_BUFG_inst/O
                         net (fo=275, routed)         1.439    24.780    STAGE3/SR2/CLK
    SLICE_X8Y19          FDCE                                         r  STAGE3/SR2/delay_im_reg[0][10]/C
                         clock pessimism              0.260    25.040    
                         clock uncertainty           -0.035    25.005    
    SLICE_X8Y19          FDCE (Setup_fdce_C_D)        0.077    25.082    STAGE3/SR2/delay_im_reg[0][10]
  -------------------------------------------------------------------
                         required time                         25.082    
                         arrival time                         -21.094    
  -------------------------------------------------------------------
                         slack                                  3.988    

Slack (MET) :             4.133ns  (required time - arrival time)
  Source:                 STAGE1/SR8/delay_re_reg[7][1]/C
                            (rising edge-triggered cell FDCE clocked by sys_clk_pin  {rise@0.000ns fall@10.000ns period=20.000ns})
  Destination:            STAGE3/SR2/delay_im_reg[0][9]/D
                            (rising edge-triggered cell FDCE clocked by sys_clk_pin  {rise@0.000ns fall@10.000ns period=20.000ns})
  Path Group:             sys_clk_pin
  Path Type:              Setup (Max at Slow Process Corner)
  Requirement:            20.000ns  (sys_clk_pin rise@20.000ns - sys_clk_pin rise@0.000ns)
  Data Path Delay:        15.830ns  (logic 9.506ns (60.049%)  route 6.324ns (39.951%))
  Logic Levels:           12  (CARRY4=6 DSP48E1=2 LUT2=1 LUT4=2 LUT5=1)
  Clock Path Skew:        -0.032ns (DCD - SCD + CPR)
    Destination Clock Delay (DCD):    4.780ns = ( 24.780 - 20.000 ) 
    Source Clock Delay      (SCD):    5.072ns
    Clock Pessimism Removal (CPR):    0.260ns
  Clock Uncertainty:      0.035ns  ((TSJ^2 + TIJ^2)^1/2 + DJ) / 2 + PE
    Total System Jitter     (TSJ):    0.071ns
    Total Input Jitter      (TIJ):    0.000ns
    Discrete Jitter          (DJ):    0.000ns
    Phase Error              (PE):    0.000ns

    Location             Delay type                Incr(ns)  Path(ns)    Netlist Resource(s)
  -------------------------------------------------------------------    -------------------
                         (clock sys_clk_pin rise edge)
                                                      0.000     0.000 r  
    W5                                                0.000     0.000 r  clk (IN)
                         net (fo=0)                   0.000     0.000    clk
    W5                   IBUF (Prop_ibuf_I_O)         1.458     1.458 r  clk_IBUF_inst/O
                         net (fo=1, routed)           1.967     3.425    clk_IBUF
    BUFGCTRL_X0Y0        BUFG (Prop_bufg_I_O)         0.096     3.521 r  clk_IBUF_BUFG_inst/O
                         net (fo=275, routed)         1.551     5.072    STAGE1/SR8/clk_IBUF_BUFG
    SLICE_X14Y23         FDCE                                         r  STAGE1/SR8/delay_re_reg[7][1]/C
  -------------------------------------------------------------------    -------------------
    SLICE_X14Y23         FDCE (Prop_fdce_C_Q)         0.478     5.550 r  STAGE1/SR8/delay_re_reg[7][1]/Q
                         net (fo=7, routed)           1.072     6.623    STAGE1/SR8/DI[1]
    SLICE_X12Y18         LUT2 (Prop_lut2_I0_O)        0.295     6.918 r  STAGE1/SR8/add_re_carry_i_3/O
                         net (fo=1, routed)           0.000     6.918    STAGE1/BUTTERFLY/delay_re_reg[7][3][1]
    SLICE_X12Y18         CARRY4 (Prop_carry4_S[1]_CO[3])
                                                      0.533     7.451 r  STAGE1/BUTTERFLY/add_re_carry/CO[3]
                         net (fo=1, routed)           0.000     7.451    STAGE1/BUTTERFLY/add_re_carry_n_0
    SLICE_X12Y19         CARRY4 (Prop_carry4_CI_O[0])
                                                      0.219     7.670 r  STAGE1/BUTTERFLY/add_re_carry__0/O[0]
                         net (fo=3, routed)           0.468     8.138    STAGE2/SR4/delay_re_reg[7][7][0]
    SLICE_X14Y17         LUT4 (Prop_lut4_I1_O)        0.295     8.433 r  STAGE2/SR4/add_re_carry_i_1__0/O
                         net (fo=1, routed)           0.000     8.433    STAGE2/BUTTERFLY2/delay_re_reg[3][3][3]
    SLICE_X14Y17         CARRY4 (Prop_carry4_S[3]_CO[3])
                                                      0.376     8.809 r  STAGE2/BUTTERFLY2/add_re_carry/CO[3]
                         net (fo=1, routed)           0.000     8.809    STAGE2/BUTTERFLY2/add_re_carry_n_0
    SLICE_X14Y18         CARRY4 (Prop_carry4_CI_O[0])
                                                      0.219     9.028 r  STAGE2/BUTTERFLY2/add_re_carry__0/O[0]
                         net (fo=3, routed)           0.920     9.948    STAGE2/BUTTERFLY2/delay_re_reg[0][7][0]
    SLICE_X10Y16         LUT4 (Prop_lut4_I0_O)        0.295    10.243 r  STAGE2/BUTTERFLY2/sub_re_carry__0_i_4__1/O
                         net (fo=1, routed)           0.000    10.243    STAGE3/BUTTERFLY3/delay_re_reg[3][7][0]
    SLICE_X10Y16         CARRY4 (Prop_carry4_S[0]_CO[3])
                                                      0.513    10.756 r  STAGE3/BUTTERFLY3/sub_re_carry__0/CO[3]
                         net (fo=1, routed)           0.000    10.756    STAGE3/BUTTERFLY3/sub_re_carry__0_n_0
    SLICE_X10Y17         CARRY4 (Prop_carry4_CI_O[3])
                                                      0.315    11.071 r  STAGE3/BUTTERFLY3/sub_re_carry__1/O[3]
                         net (fo=38, routed)          1.433    12.504    STAGE3/BUTTERFLY3/sub_re_carry__1_n_4
    DSP48_X0Y0           DSP48E1 (Prop_dsp48e1_A[11]_P[21])
                                                      4.024    16.528 r  STAGE3/BUTTERFLY3/mult_re_im/P[21]
                         net (fo=27, routed)          1.081    17.609    STAGE3/BUTTERFLY3/mult_re_im__0[21]
    DSP48_X0Y1           DSP48E1 (Prop_dsp48e1_C[38]_P[19])
                                                      1.820    19.429 r  STAGE3/BUTTERFLY3/mult_result_im/P[19]
                         net (fo=1, routed)           1.350    20.779    STAGE3/SR2_MUX/P[9]
    SLICE_X9Y19          LUT5 (Prop_lut5_I0_O)        0.124    20.903 r  STAGE3/SR2_MUX/delay_im[0][9]_i_1/O
                         net (fo=1, routed)           0.000    20.903    STAGE3/SR2/D[9]
    SLICE_X9Y19          FDCE                                         r  STAGE3/SR2/delay_im_reg[0][9]/D
  -------------------------------------------------------------------    -------------------

                         (clock sys_clk_pin rise edge)
                                                     20.000    20.000 r  
    W5                                                0.000    20.000 r  clk (IN)
                         net (fo=0)                   0.000    20.000    clk
    W5                   IBUF (Prop_ibuf_I_O)         1.388    21.388 r  clk_IBUF_inst/O
                         net (fo=1, routed)           1.862    23.250    clk_IBUF
    BUFGCTRL_X0Y0        BUFG (Prop_bufg_I_O)         0.091    23.341 r  clk_IBUF_BUFG_inst/O
                         net (fo=275, routed)         1.439    24.780    STAGE3/SR2/CLK
    SLICE_X9Y19          FDCE                                         r  STAGE3/SR2/delay_im_reg[0][9]/C
                         clock pessimism              0.260    25.040    
                         clock uncertainty           -0.035    25.005    
    SLICE_X9Y19          FDCE (Setup_fdce_C_D)        0.031    25.036    STAGE3/SR2/delay_im_reg[0][9]
  -------------------------------------------------------------------
                         required time                         25.036    
                         arrival time                         -20.903    
  -------------------------------------------------------------------
                         slack                                  4.133    

Slack (MET) :             4.144ns  (required time - arrival time)
  Source:                 STAGE1/SR8/delay_re_reg[7][1]/C
                            (rising edge-triggered cell FDCE clocked by sys_clk_pin  {rise@0.000ns fall@10.000ns period=20.000ns})
  Destination:            STAGE3/SR2/delay_im_reg[0][6]/D
                            (rising edge-triggered cell FDCE clocked by sys_clk_pin  {rise@0.000ns fall@10.000ns period=20.000ns})
  Path Group:             sys_clk_pin
  Path Type:              Setup (Max at Slow Process Corner)
  Requirement:            20.000ns  (sys_clk_pin rise@20.000ns - sys_clk_pin rise@0.000ns)
  Data Path Delay:        15.871ns  (logic 9.506ns (59.897%)  route 6.365ns (40.103%))
  Logic Levels:           12  (CARRY4=6 DSP48E1=2 LUT2=1 LUT4=2 LUT5=1)
  Clock Path Skew:        -0.029ns (DCD - SCD + CPR)
    Destination Clock Delay (DCD):    4.783ns = ( 24.783 - 20.000 ) 
    Source Clock Delay      (SCD):    5.072ns
    Clock Pessimism Removal (CPR):    0.260ns
  Clock Uncertainty:      0.035ns  ((TSJ^2 + TIJ^2)^1/2 + DJ) / 2 + PE
    Total System Jitter     (TSJ):    0.071ns
    Total Input Jitter      (TIJ):    0.000ns
    Discrete Jitter          (DJ):    0.000ns
    Phase Error              (PE):    0.000ns

    Location             Delay type                Incr(ns)  Path(ns)    Netlist Resource(s)
  -------------------------------------------------------------------    -------------------
                         (clock sys_clk_pin rise edge)
                                                      0.000     0.000 r  
    W5                                                0.000     0.000 r  clk (IN)
                         net (fo=0)                   0.000     0.000    clk
    W5                   IBUF (Prop_ibuf_I_O)         1.458     1.458 r  clk_IBUF_inst/O
                         net (fo=1, routed)           1.967     3.425    clk_IBUF
    BUFGCTRL_X0Y0        BUFG (Prop_bufg_I_O)         0.096     3.521 r  clk_IBUF_BUFG_inst/O
                         net (fo=275, routed)         1.551     5.072    STAGE1/SR8/clk_IBUF_BUFG
    SLICE_X14Y23         FDCE                                         r  STAGE1/SR8/delay_re_reg[7][1]/C
  -------------------------------------------------------------------    -------------------
    SLICE_X14Y23         FDCE (Prop_fdce_C_Q)         0.478     5.550 r  STAGE1/SR8/delay_re_reg[7][1]/Q
                         net (fo=7, routed)           1.072     6.623    STAGE1/SR8/DI[1]
    SLICE_X12Y18         LUT2 (Prop_lut2_I0_O)        0.295     6.918 r  STAGE1/SR8/add_re_carry_i_3/O
                         net (fo=1, routed)           0.000     6.918    STAGE1/BUTTERFLY/delay_re_reg[7][3][1]
    SLICE_X12Y18         CARRY4 (Prop_carry4_S[1]_CO[3])
                                                      0.533     7.451 r  STAGE1/BUTTERFLY/add_re_carry/CO[3]
                         net (fo=1, routed)           0.000     7.451    STAGE1/BUTTERFLY/add_re_carry_n_0
    SLICE_X12Y19         CARRY4 (Prop_carry4_CI_O[0])
                                                      0.219     7.670 r  STAGE1/BUTTERFLY/add_re_carry__0/O[0]
                         net (fo=3, routed)           0.468     8.138    STAGE2/SR4/delay_re_reg[7][7][0]
    SLICE_X14Y17         LUT4 (Prop_lut4_I1_O)        0.295     8.433 r  STAGE2/SR4/add_re_carry_i_1__0/O
                         net (fo=1, routed)           0.000     8.433    STAGE2/BUTTERFLY2/delay_re_reg[3][3][3]
    SLICE_X14Y17         CARRY4 (Prop_carry4_S[3]_CO[3])
                                                      0.376     8.809 r  STAGE2/BUTTERFLY2/add_re_carry/CO[3]
                         net (fo=1, routed)           0.000     8.809    STAGE2/BUTTERFLY2/add_re_carry_n_0
    SLICE_X14Y18         CARRY4 (Prop_carry4_CI_O[0])
                                                      0.219     9.028 r  STAGE2/BUTTERFLY2/add_re_carry__0/O[0]
                         net (fo=3, routed)           0.920     9.948    STAGE2/BUTTERFLY2/delay_re_reg[0][7][0]
    SLICE_X10Y16         LUT4 (Prop_lut4_I0_O)        0.295    10.243 r  STAGE2/BUTTERFLY2/sub_re_carry__0_i_4__1/O
                         net (fo=1, routed)           0.000    10.243    STAGE3/BUTTERFLY3/delay_re_reg[3][7][0]
    SLICE_X10Y16         CARRY4 (Prop_carry4_S[0]_CO[3])
                                                      0.513    10.756 r  STAGE3/BUTTERFLY3/sub_re_carry__0/CO[3]
                         net (fo=1, routed)           0.000    10.756    STAGE3/BUTTERFLY3/sub_re_carry__0_n_0
    SLICE_X10Y17         CARRY4 (Prop_carry4_CI_O[3])
                                                      0.315    11.071 r  STAGE3/BUTTERFLY3/sub_re_carry__1/O[3]
                         net (fo=38, routed)          1.433    12.504    STAGE3/BUTTERFLY3/sub_re_carry__1_n_4
    DSP48_X0Y0           DSP48E1 (Prop_dsp48e1_A[11]_P[21])
                                                      4.024    16.528 r  STAGE3/BUTTERFLY3/mult_re_im/P[21]
                         net (fo=27, routed)          1.081    17.609    STAGE3/BUTTERFLY3/mult_re_im__0[21]
    DSP48_X0Y1           DSP48E1 (Prop_dsp48e1_C[38]_P[16])
                                                      1.820    19.429 r  STAGE3/BUTTERFLY3/mult_result_im/P[16]
                         net (fo=1, routed)           1.390    20.819    STAGE3/SR2_MUX/P[6]
    SLICE_X8Y17          LUT5 (Prop_lut5_I0_O)        0.124    20.943 r  STAGE3/SR2_MUX/delay_im[0][6]_i_1/O
                         net (fo=1, routed)           0.000    20.943    STAGE3/SR2/D[6]
    SLICE_X8Y17          FDCE                                         r  STAGE3/SR2/delay_im_reg[0][6]/D
  -------------------------------------------------------------------    -------------------

                         (clock sys_clk_pin rise edge)
                                                     20.000    20.000 r  
    W5                                                0.000    20.000 r  clk (IN)
                         net (fo=0)                   0.000    20.000    clk
    W5                   IBUF (Prop_ibuf_I_O)         1.388    21.388 r  clk_IBUF_inst/O
                         net (fo=1, routed)           1.862    23.250    clk_IBUF
    BUFGCTRL_X0Y0        BUFG (Prop_bufg_I_O)         0.091    23.341 r  clk_IBUF_BUFG_inst/O
                         net (fo=275, routed)         1.442    24.783    STAGE3/SR2/CLK
    SLICE_X8Y17          FDCE                                         r  STAGE3/SR2/delay_im_reg[0][6]/C
                         clock pessimism              0.260    25.043    
                         clock uncertainty           -0.035    25.008    
    SLICE_X8Y17          FDCE (Setup_fdce_C_D)        0.079    25.087    STAGE3/SR2/delay_im_reg[0][6]
  -------------------------------------------------------------------
                         required time                         25.087    
                         arrival time                         -20.943    
  -------------------------------------------------------------------
                         slack                                  4.144    

Slack (MET) :             4.263ns  (required time - arrival time)
  Source:                 STAGE1/SR8/delay_re_reg[7][1]/C
                            (rising edge-triggered cell FDCE clocked by sys_clk_pin  {rise@0.000ns fall@10.000ns period=20.000ns})
  Destination:            STAGE3/SR2/delay_im_reg[0][4]/D
                            (rising edge-triggered cell FDCE clocked by sys_clk_pin  {rise@0.000ns fall@10.000ns period=20.000ns})
  Path Group:             sys_clk_pin
  Path Type:              Setup (Max at Slow Process Corner)
  Requirement:            20.000ns  (sys_clk_pin rise@20.000ns - sys_clk_pin rise@0.000ns)
  Data Path Delay:        15.768ns  (logic 9.506ns (60.286%)  route 6.262ns (39.714%))
  Logic Levels:           12  (CARRY4=6 DSP48E1=2 LUT2=1 LUT4=2 LUT5=1)
  Clock Path Skew:        0.036ns (DCD - SCD + CPR)
    Destination Clock Delay (DCD):    4.848ns = ( 24.848 - 20.000 ) 
    Source Clock Delay      (SCD):    5.072ns
    Clock Pessimism Removal (CPR):    0.260ns
  Clock Uncertainty:      0.035ns  ((TSJ^2 + TIJ^2)^1/2 + DJ) / 2 + PE
    Total System Jitter     (TSJ):    0.071ns
    Total Input Jitter      (TIJ):    0.000ns
    Discrete Jitter          (DJ):    0.000ns
    Phase Error              (PE):    0.000ns

    Location             Delay type                Incr(ns)  Path(ns)    Netlist Resource(s)
  -------------------------------------------------------------------    -------------------
                         (clock sys_clk_pin rise edge)
                                                      0.000     0.000 r  
    W5                                                0.000     0.000 r  clk (IN)
                         net (fo=0)                   0.000     0.000    clk
    W5                   IBUF (Prop_ibuf_I_O)         1.458     1.458 r  clk_IBUF_inst/O
                         net (fo=1, routed)           1.967     3.425    clk_IBUF
    BUFGCTRL_X0Y0        BUFG (Prop_bufg_I_O)         0.096     3.521 r  clk_IBUF_BUFG_inst/O
                         net (fo=275, routed)         1.551     5.072    STAGE1/SR8/clk_IBUF_BUFG
    SLICE_X14Y23         FDCE                                         r  STAGE1/SR8/delay_re_reg[7][1]/C
  -------------------------------------------------------------------    -------------------
    SLICE_X14Y23         FDCE (Prop_fdce_C_Q)         0.478     5.550 r  STAGE1/SR8/delay_re_reg[7][1]/Q
                         net (fo=7, routed)           1.072     6.623    STAGE1/SR8/DI[1]
    SLICE_X12Y18         LUT2 (Prop_lut2_I0_O)        0.295     6.918 r  STAGE1/SR8/add_re_carry_i_3/O
                         net (fo=1, routed)           0.000     6.918    STAGE1/BUTTERFLY/delay_re_reg[7][3][1]
    SLICE_X12Y18         CARRY4 (Prop_carry4_S[1]_CO[3])
                                                      0.533     7.451 r  STAGE1/BUTTERFLY/add_re_carry/CO[3]
                         net (fo=1, routed)           0.000     7.451    STAGE1/BUTTERFLY/add_re_carry_n_0
    SLICE_X12Y19         CARRY4 (Prop_carry4_CI_O[0])
                                                      0.219     7.670 r  STAGE1/BUTTERFLY/add_re_carry__0/O[0]
                         net (fo=3, routed)           0.468     8.138    STAGE2/SR4/delay_re_reg[7][7][0]
    SLICE_X14Y17         LUT4 (Prop_lut4_I1_O)        0.295     8.433 r  STAGE2/SR4/add_re_carry_i_1__0/O
                         net (fo=1, routed)           0.000     8.433    STAGE2/BUTTERFLY2/delay_re_reg[3][3][3]
    SLICE_X14Y17         CARRY4 (Prop_carry4_S[3]_CO[3])
                                                      0.376     8.809 r  STAGE2/BUTTERFLY2/add_re_carry/CO[3]
                         net (fo=1, routed)           0.000     8.809    STAGE2/BUTTERFLY2/add_re_carry_n_0
    SLICE_X14Y18         CARRY4 (Prop_carry4_CI_O[0])
                                                      0.219     9.028 r  STAGE2/BUTTERFLY2/add_re_carry__0/O[0]
                         net (fo=3, routed)           0.920     9.948    STAGE2/BUTTERFLY2/delay_re_reg[0][7][0]
    SLICE_X10Y16         LUT4 (Prop_lut4_I0_O)        0.295    10.243 r  STAGE2/BUTTERFLY2/sub_re_carry__0_i_4__1/O
                         net (fo=1, routed)           0.000    10.243    STAGE3/BUTTERFLY3/delay_re_reg[3][7][0]
    SLICE_X10Y16         CARRY4 (Prop_carry4_S[0]_CO[3])
                                                      0.513    10.756 r  STAGE3/BUTTERFLY3/sub_re_carry__0/CO[3]
                         net (fo=1, routed)           0.000    10.756    STAGE3/BUTTERFLY3/sub_re_carry__0_n_0
    SLICE_X10Y17         CARRY4 (Prop_carry4_CI_O[3])
                                                      0.315    11.071 r  STAGE3/BUTTERFLY3/sub_re_carry__1/O[3]
                         net (fo=38, routed)          1.433    12.504    STAGE3/BUTTERFLY3/sub_re_carry__1_n_4
    DSP48_X0Y0           DSP48E1 (Prop_dsp48e1_A[11]_P[21])
                                                      4.024    16.528 r  STAGE3/BUTTERFLY3/mult_re_im/P[21]
                         net (fo=27, routed)          1.081    17.609    STAGE3/BUTTERFLY3/mult_re_im__0[21]
    DSP48_X0Y1           DSP48E1 (Prop_dsp48e1_C[38]_P[14])
                                                      1.820    19.429 r  STAGE3/BUTTERFLY3/mult_result_im/P[14]
                         net (fo=1, routed)           1.288    20.716    STAGE3/SR2_MUX/P[4]
    SLICE_X7Y18          LUT5 (Prop_lut5_I0_O)        0.124    20.840 r  STAGE3/SR2_MUX/delay_im[0][4]_i_1/O
                         net (fo=1, routed)           0.000    20.840    STAGE3/SR2/D[4]
    SLICE_X7Y18          FDCE                                         r  STAGE3/SR2/delay_im_reg[0][4]/D
  -------------------------------------------------------------------    -------------------

                         (clock sys_clk_pin rise edge)
                                                     20.000    20.000 r  
    W5                                                0.000    20.000 r  clk (IN)
                         net (fo=0)                   0.000    20.000    clk
    W5                   IBUF (Prop_ibuf_I_O)         1.388    21.388 r  clk_IBUF_inst/O
                         net (fo=1, routed)           1.862    23.250    clk_IBUF
    BUFGCTRL_X0Y0        BUFG (Prop_bufg_I_O)         0.091    23.341 r  clk_IBUF_BUFG_inst/O
                         net (fo=275, routed)         1.507    24.848    STAGE3/SR2/CLK
    SLICE_X7Y18          FDCE                                         r  STAGE3/SR2/delay_im_reg[0][4]/C
                         clock pessimism              0.260    25.108    
                         clock uncertainty           -0.035    25.073    
    SLICE_X7Y18          FDCE (Setup_fdce_C_D)        0.031    25.104    STAGE3/SR2/delay_im_reg[0][4]
  -------------------------------------------------------------------
                         required time                         25.104    
                         arrival time                         -20.840    
  -------------------------------------------------------------------
                         slack                                  4.263    





Min Delay Paths
--------------------------------------------------------------------------------------
Slack (MET) :             0.126ns  (arrival time - required time)
  Source:                 STAGE3/SR2/delay_im_reg[0][4]/C
                            (rising edge-triggered cell FDCE clocked by sys_clk_pin  {rise@0.000ns fall@10.000ns period=20.000ns})
  Destination:            STAGE3/SR2/delay_im_reg[1][4]/D
                            (rising edge-triggered cell FDCE clocked by sys_clk_pin  {rise@0.000ns fall@10.000ns period=20.000ns})
  Path Group:             sys_clk_pin
  Path Type:              Hold (Min at Fast Process Corner)
  Requirement:            0.000ns  (sys_clk_pin rise@0.000ns - sys_clk_pin rise@0.000ns)
  Data Path Delay:        0.197ns  (logic 0.141ns (71.611%)  route 0.056ns (28.389%))
  Logic Levels:           0  
  Clock Path Skew:        0.000ns (DCD - SCD - CPR)
    Destination Clock Delay (DCD):    1.982ns
    Source Clock Delay      (SCD):    1.469ns
    Clock Pessimism Removal (CPR):    0.513ns

    Location             Delay type                Incr(ns)  Path(ns)    Netlist Resource(s)
  -------------------------------------------------------------------    -------------------
                         (clock sys_clk_pin rise edge)
                                                      0.000     0.000 r  
    W5                                                0.000     0.000 r  clk (IN)
                         net (fo=0)                   0.000     0.000    clk
    W5                   IBUF (Prop_ibuf_I_O)         0.226     0.226 r  clk_IBUF_inst/O
                         net (fo=1, routed)           0.631     0.858    clk_IBUF
    BUFGCTRL_X0Y0        BUFG (Prop_bufg_I_O)         0.026     0.884 r  clk_IBUF_BUFG_inst/O
                         net (fo=275, routed)         0.586     1.469    STAGE3/SR2/CLK
    SLICE_X7Y18          FDCE                                         r  STAGE3/SR2/delay_im_reg[0][4]/C
  -------------------------------------------------------------------    -------------------
    SLICE_X7Y18          FDCE (Prop_fdce_C_Q)         0.141     1.610 r  STAGE3/SR2/delay_im_reg[0][4]/Q
                         net (fo=1, routed)           0.056     1.666    STAGE3/SR2/delay_im_reg_n_0_[0][4]
    SLICE_X7Y18          FDCE                                         r  STAGE3/SR2/delay_im_reg[1][4]/D
  -------------------------------------------------------------------    -------------------

                         (clock sys_clk_pin rise edge)
                                                      0.000     0.000 r  
    W5                                                0.000     0.000 r  clk (IN)
                         net (fo=0)                   0.000     0.000    clk
    W5                   IBUF (Prop_ibuf_I_O)         0.414     0.414 r  clk_IBUF_inst/O
                         net (fo=1, routed)           0.685     1.099    clk_IBUF
    BUFGCTRL_X0Y0        BUFG (Prop_bufg_I_O)         0.029     1.128 r  clk_IBUF_BUFG_inst/O
                         net (fo=275, routed)         0.855     1.982    STAGE3/SR2/CLK
    SLICE_X7Y18          FDCE                                         r  STAGE3/SR2/delay_im_reg[1][4]/C
                         clock pessimism             -0.513     1.469    
    SLICE_X7Y18          FDCE (Hold_fdce_C_D)         0.071     1.540    STAGE3/SR2/delay_im_reg[1][4]
  -------------------------------------------------------------------
                         required time                         -1.540    
                         arrival time                           1.666    
  -------------------------------------------------------------------
                         slack                                  0.126    

Slack (MET) :             0.130ns  (arrival time - required time)
  Source:                 STAGE3/SR2/delay_im_reg[0][1]/C
                            (rising edge-triggered cell FDCE clocked by sys_clk_pin  {rise@0.000ns fall@10.000ns period=20.000ns})
  Destination:            STAGE3/SR2/delay_im_reg[1][1]/D
                            (rising edge-triggered cell FDCE clocked by sys_clk_pin  {rise@0.000ns fall@10.000ns period=20.000ns})
  Path Group:             sys_clk_pin
  Path Type:              Hold (Min at Fast Process Corner)
  Requirement:            0.000ns  (sys_clk_pin rise@0.000ns - sys_clk_pin rise@0.000ns)
  Data Path Delay:        0.228ns  (logic 0.141ns (61.814%)  route 0.087ns (38.186%))
  Logic Levels:           0  
  Clock Path Skew:        0.013ns (DCD - SCD - CPR)
    Destination Clock Delay (DCD):    1.956ns
    Source Clock Delay      (SCD):    1.444ns
    Clock Pessimism Removal (CPR):    0.499ns

    Location             Delay type                Incr(ns)  Path(ns)    Netlist Resource(s)
  -------------------------------------------------------------------    -------------------
                         (clock sys_clk_pin rise edge)
                                                      0.000     0.000 r  
    W5                                                0.000     0.000 r  clk (IN)
                         net (fo=0)                   0.000     0.000    clk
    W5                   IBUF (Prop_ibuf_I_O)         0.226     0.226 r  clk_IBUF_inst/O
                         net (fo=1, routed)           0.631     0.858    clk_IBUF
    BUFGCTRL_X0Y0        BUFG (Prop_bufg_I_O)         0.026     0.884 r  clk_IBUF_BUFG_inst/O
                         net (fo=275, routed)         0.561     1.444    STAGE3/SR2/CLK
    SLICE_X11Y16         FDCE                                         r  STAGE3/SR2/delay_im_reg[0][1]/C
  -------------------------------------------------------------------    -------------------
    SLICE_X11Y16         FDCE (Prop_fdce_C_Q)         0.141     1.585 r  STAGE3/SR2/delay_im_reg[0][1]/Q
                         net (fo=1, routed)           0.087     1.672    STAGE3/SR2/delay_im_reg_n_0_[0][1]
    SLICE_X10Y16         FDCE                                         r  STAGE3/SR2/delay_im_reg[1][1]/D
  -------------------------------------------------------------------    -------------------

                         (clock sys_clk_pin rise edge)
                                                      0.000     0.000 r  
    W5                                                0.000     0.000 r  clk (IN)
                         net (fo=0)                   0.000     0.000    clk
    W5                   IBUF (Prop_ibuf_I_O)         0.414     0.414 r  clk_IBUF_inst/O
                         net (fo=1, routed)           0.685     1.099    clk_IBUF
    BUFGCTRL_X0Y0        BUFG (Prop_bufg_I_O)         0.029     1.128 r  clk_IBUF_BUFG_inst/O
                         net (fo=275, routed)         0.829     1.956    STAGE3/SR2/CLK
    SLICE_X10Y16         FDCE                                         r  STAGE3/SR2/delay_im_reg[1][1]/C
                         clock pessimism             -0.499     1.457    
    SLICE_X10Y16         FDCE (Hold_fdce_C_D)         0.085     1.542    STAGE3/SR2/delay_im_reg[1][1]
  -------------------------------------------------------------------
                         required time                         -1.542    
                         arrival time                           1.672    
  -------------------------------------------------------------------
                         slack                                  0.130    

Slack (MET) :             0.130ns  (arrival time - required time)
  Source:                 STAGE3/SR2/delay_re_reg[0][0]/C
                            (rising edge-triggered cell FDCE clocked by sys_clk_pin  {rise@0.000ns fall@10.000ns period=20.000ns})
  Destination:            STAGE3/SR2/delay_re_reg[1][0]/D
                            (rising edge-triggered cell FDCE clocked by sys_clk_pin  {rise@0.000ns fall@10.000ns period=20.000ns})
  Path Group:             sys_clk_pin
  Path Type:              Hold (Min at Fast Process Corner)
  Requirement:            0.000ns  (sys_clk_pin rise@0.000ns - sys_clk_pin rise@0.000ns)
  Data Path Delay:        0.228ns  (logic 0.141ns (61.814%)  route 0.087ns (38.186%))
  Logic Levels:           0  
  Clock Path Skew:        0.013ns (DCD - SCD - CPR)
    Destination Clock Delay (DCD):    1.957ns
    Source Clock Delay      (SCD):    1.445ns
    Clock Pessimism Removal (CPR):    0.499ns

    Location             Delay type                Incr(ns)  Path(ns)    Netlist Resource(s)
  -------------------------------------------------------------------    -------------------
                         (clock sys_clk_pin rise edge)
                                                      0.000     0.000 r  
    W5                                                0.000     0.000 r  clk (IN)
                         net (fo=0)                   0.000     0.000    clk
    W5                   IBUF (Prop_ibuf_I_O)         0.226     0.226 r  clk_IBUF_inst/O
                         net (fo=1, routed)           0.631     0.858    clk_IBUF
    BUFGCTRL_X0Y0        BUFG (Prop_bufg_I_O)         0.026     0.884 r  clk_IBUF_BUFG_inst/O
                         net (fo=275, routed)         0.562     1.445    STAGE3/SR2/CLK
    SLICE_X11Y15         FDCE                                         r  STAGE3/SR2/delay_re_reg[0][0]/C
  -------------------------------------------------------------------    -------------------
    SLICE_X11Y15         FDCE (Prop_fdce_C_Q)         0.141     1.586 r  STAGE3/SR2/delay_re_reg[0][0]/Q
                         net (fo=1, routed)           0.087     1.673    STAGE3/SR2/delay_re_reg_n_0_[0][0]
    SLICE_X10Y15         FDCE                                         r  STAGE3/SR2/delay_re_reg[1][0]/D
  -------------------------------------------------------------------    -------------------

                         (clock sys_clk_pin rise edge)
                                                      0.000     0.000 r  
    W5                                                0.000     0.000 r  clk (IN)
                         net (fo=0)                   0.000     0.000    clk
    W5                   IBUF (Prop_ibuf_I_O)         0.414     0.414 r  clk_IBUF_inst/O
                         net (fo=1, routed)           0.685     1.099    clk_IBUF
    BUFGCTRL_X0Y0        BUFG (Prop_bufg_I_O)         0.029     1.128 r  clk_IBUF_BUFG_inst/O
                         net (fo=275, routed)         0.830     1.957    STAGE3/SR2/CLK
    SLICE_X10Y15         FDCE                                         r  STAGE3/SR2/delay_re_reg[1][0]/C
                         clock pessimism             -0.499     1.458    
    SLICE_X10Y15         FDCE (Hold_fdce_C_D)         0.085     1.543    STAGE3/SR2/delay_re_reg[1][0]
  -------------------------------------------------------------------
                         required time                         -1.543    
                         arrival time                           1.673    
  -------------------------------------------------------------------
                         slack                                  0.130    

Slack (MET) :             0.155ns  (arrival time - required time)
  Source:                 STAGE3/CU/count_reg[0]/C
                            (rising edge-triggered cell FDCE clocked by sys_clk_pin  {rise@0.000ns fall@10.000ns period=20.000ns})
  Destination:            STAGE3/CU/valid_reg/D
                            (rising edge-triggered cell FDCE clocked by sys_clk_pin  {rise@0.000ns fall@10.000ns period=20.000ns})
  Path Group:             sys_clk_pin
  Path Type:              Hold (Min at Fast Process Corner)
  Requirement:            0.000ns  (sys_clk_pin rise@0.000ns - sys_clk_pin rise@0.000ns)
  Data Path Delay:        0.299ns  (logic 0.189ns (63.138%)  route 0.110ns (36.862%))
  Logic Levels:           1  (LUT2=1)
  Clock Path Skew:        0.013ns (DCD - SCD - CPR)
    Destination Clock Delay (DCD):    1.958ns
    Source Clock Delay      (SCD):    1.445ns
    Clock Pessimism Removal (CPR):    0.500ns

    Location             Delay type                Incr(ns)  Path(ns)    Netlist Resource(s)
  -------------------------------------------------------------------    -------------------
                         (clock sys_clk_pin rise edge)
                                                      0.000     0.000 r  
    W5                                                0.000     0.000 r  clk (IN)
                         net (fo=0)                   0.000     0.000    clk
    W5                   IBUF (Prop_ibuf_I_O)         0.226     0.226 r  clk_IBUF_inst/O
                         net (fo=1, routed)           0.631     0.858    clk_IBUF
    BUFGCTRL_X0Y0        BUFG (Prop_bufg_I_O)         0.026     0.884 r  clk_IBUF_BUFG_inst/O
                         net (fo=275, routed)         0.562     1.445    STAGE3/CU/CLK
    SLICE_X11Y14         FDCE                                         r  STAGE3/CU/count_reg[0]/C
  -------------------------------------------------------------------    -------------------
    SLICE_X11Y14         FDCE (Prop_fdce_C_Q)         0.141     1.586 r  STAGE3/CU/count_reg[0]/Q
                         net (fo=7, routed)           0.110     1.696    STAGE3/CU/count_reg__0[0]
    SLICE_X10Y14         LUT2 (Prop_lut2_I0_O)        0.048     1.744 r  STAGE3/CU/valid_i_1/O
                         net (fo=1, routed)           0.000     1.744    STAGE3/CU/valid_i_1_n_0
    SLICE_X10Y14         FDCE                                         r  STAGE3/CU/valid_reg/D
  -------------------------------------------------------------------    -------------------

                         (clock sys_clk_pin rise edge)
                                                      0.000     0.000 r  
    W5                                                0.000     0.000 r  clk (IN)
                         net (fo=0)                   0.000     0.000    clk
    W5                   IBUF (Prop_ibuf_I_O)         0.414     0.414 r  clk_IBUF_inst/O
                         net (fo=1, routed)           0.685     1.099    clk_IBUF
    BUFGCTRL_X0Y0        BUFG (Prop_bufg_I_O)         0.029     1.128 r  clk_IBUF_BUFG_inst/O
                         net (fo=275, routed)         0.831     1.958    STAGE3/CU/CLK
    SLICE_X10Y14         FDCE                                         r  STAGE3/CU/valid_reg/C
                         clock pessimism             -0.500     1.458    
    SLICE_X10Y14         FDCE (Hold_fdce_C_D)         0.131     1.589    STAGE3/CU/valid_reg
  -------------------------------------------------------------------
                         required time                         -1.589    
                         arrival time                           1.744    
  -------------------------------------------------------------------
                         slack                                  0.155    

Slack (MET) :             0.156ns  (arrival time - required time)
  Source:                 STAGE3/SR2/delay_re_reg[0][3]/C
                            (rising edge-triggered cell FDCE clocked by sys_clk_pin  {rise@0.000ns fall@10.000ns period=20.000ns})
  Destination:            STAGE3/SR2/delay_re_reg[1][3]/D
                            (rising edge-triggered cell FDCE clocked by sys_clk_pin  {rise@0.000ns fall@10.000ns period=20.000ns})
  Path Group:             sys_clk_pin
  Path Type:              Hold (Min at Fast Process Corner)
  Requirement:            0.000ns  (sys_clk_pin rise@0.000ns - sys_clk_pin rise@0.000ns)
  Data Path Delay:        0.220ns  (logic 0.164ns (74.580%)  route 0.056ns (25.420%))
  Logic Levels:           0  
  Clock Path Skew:        0.000ns (DCD - SCD - CPR)
    Destination Clock Delay (DCD):    1.958ns
    Source Clock Delay      (SCD):    1.445ns
    Clock Pessimism Removal (CPR):    0.513ns

    Location             Delay type                Incr(ns)  Path(ns)    Netlist Resource(s)
  -------------------------------------------------------------------    -------------------
                         (clock sys_clk_pin rise edge)
                                                      0.000     0.000 r  
    W5                                                0.000     0.000 r  clk (IN)
                         net (fo=0)                   0.000     0.000    clk
    W5                   IBUF (Prop_ibuf_I_O)         0.226     0.226 r  clk_IBUF_inst/O
                         net (fo=1, routed)           0.631     0.858    clk_IBUF
    BUFGCTRL_X0Y0        BUFG (Prop_bufg_I_O)         0.026     0.884 r  clk_IBUF_BUFG_inst/O
                         net (fo=275, routed)         0.562     1.445    STAGE3/SR2/CLK
    SLICE_X10Y14         FDCE                                         r  STAGE3/SR2/delay_re_reg[0][3]/C
  -------------------------------------------------------------------    -------------------
    SLICE_X10Y14         FDCE (Prop_fdce_C_Q)         0.164     1.609 r  STAGE3/SR2/delay_re_reg[0][3]/Q
                         net (fo=1, routed)           0.056     1.665    STAGE3/SR2/delay_re_reg_n_0_[0][3]
    SLICE_X10Y14         FDCE                                         r  STAGE3/SR2/delay_re_reg[1][3]/D
  -------------------------------------------------------------------    -------------------

                         (clock sys_clk_pin rise edge)
                                                      0.000     0.000 r  
    W5                                                0.000     0.000 r  clk (IN)
                         net (fo=0)                   0.000     0.000    clk
    W5                   IBUF (Prop_ibuf_I_O)         0.414     0.414 r  clk_IBUF_inst/O
                         net (fo=1, routed)           0.685     1.099    clk_IBUF
    BUFGCTRL_X0Y0        BUFG (Prop_bufg_I_O)         0.029     1.128 r  clk_IBUF_BUFG_inst/O
                         net (fo=275, routed)         0.831     1.958    STAGE3/SR2/CLK
    SLICE_X10Y14         FDCE                                         r  STAGE3/SR2/delay_re_reg[1][3]/C
                         clock pessimism             -0.513     1.445    
    SLICE_X10Y14         FDCE (Hold_fdce_C_D)         0.064     1.509    STAGE3/SR2/delay_re_reg[1][3]
  -------------------------------------------------------------------
                         required time                         -1.509    
                         arrival time                           1.665    
  -------------------------------------------------------------------
                         slack                                  0.156    

Slack (MET) :             0.156ns  (arrival time - required time)
  Source:                 STAGE3/SR2/delay_re_reg[0][5]/C
                            (rising edge-triggered cell FDCE clocked by sys_clk_pin  {rise@0.000ns fall@10.000ns period=20.000ns})
  Destination:            STAGE3/SR2/delay_re_reg[1][5]/D
                            (rising edge-triggered cell FDCE clocked by sys_clk_pin  {rise@0.000ns fall@10.000ns period=20.000ns})
  Path Group:             sys_clk_pin
  Path Type:              Hold (Min at Fast Process Corner)
  Requirement:            0.000ns  (sys_clk_pin rise@0.000ns - sys_clk_pin rise@0.000ns)
  Data Path Delay:        0.220ns  (logic 0.164ns (74.580%)  route 0.056ns (25.420%))
  Logic Levels:           0  
  Clock Path Skew:        0.000ns (DCD - SCD - CPR)
    Destination Clock Delay (DCD):    1.958ns
    Source Clock Delay      (SCD):    1.445ns
    Clock Pessimism Removal (CPR):    0.513ns

    Location             Delay type                Incr(ns)  Path(ns)    Netlist Resource(s)
  -------------------------------------------------------------------    -------------------
                         (clock sys_clk_pin rise edge)
                                                      0.000     0.000 r  
    W5                                                0.000     0.000 r  clk (IN)
                         net (fo=0)                   0.000     0.000    clk
    W5                   IBUF (Prop_ibuf_I_O)         0.226     0.226 r  clk_IBUF_inst/O
                         net (fo=1, routed)           0.631     0.858    clk_IBUF
    BUFGCTRL_X0Y0        BUFG (Prop_bufg_I_O)         0.026     0.884 r  clk_IBUF_BUFG_inst/O
                         net (fo=275, routed)         0.562     1.445    STAGE3/SR2/CLK
    SLICE_X10Y14         FDCE                                         r  STAGE3/SR2/delay_re_reg[0][5]/C
  -------------------------------------------------------------------    -------------------
    SLICE_X10Y14         FDCE (Prop_fdce_C_Q)         0.164     1.609 r  STAGE3/SR2/delay_re_reg[0][5]/Q
                         net (fo=1, routed)           0.056     1.665    STAGE3/SR2/delay_re_reg_n_0_[0][5]
    SLICE_X10Y14         FDCE                                         r  STAGE3/SR2/delay_re_reg[1][5]/D
  -------------------------------------------------------------------    -------------------

                         (clock sys_clk_pin rise edge)
                                                      0.000     0.000 r  
    W5                                                0.000     0.000 r  clk (IN)
                         net (fo=0)                   0.000     0.000    clk
    W5                   IBUF (Prop_ibuf_I_O)         0.414     0.414 r  clk_IBUF_inst/O
                         net (fo=1, routed)           0.685     1.099    clk_IBUF
    BUFGCTRL_X0Y0        BUFG (Prop_bufg_I_O)         0.029     1.128 r  clk_IBUF_BUFG_inst/O
                         net (fo=275, routed)         0.831     1.958    STAGE3/SR2/CLK
    SLICE_X10Y14         FDCE                                         r  STAGE3/SR2/delay_re_reg[1][5]/C
                         clock pessimism             -0.513     1.445    
    SLICE_X10Y14         FDCE (Hold_fdce_C_D)         0.064     1.509    STAGE3/SR2/delay_re_reg[1][5]
  -------------------------------------------------------------------
                         required time                         -1.509    
                         arrival time                           1.665    
  -------------------------------------------------------------------
                         slack                                  0.156    

Slack (MET) :             0.160ns  (arrival time - required time)
  Source:                 STAGE3/SR2/delay_im_reg[0][10]/C
                            (rising edge-triggered cell FDCE clocked by sys_clk_pin  {rise@0.000ns fall@10.000ns period=20.000ns})
  Destination:            STAGE3/SR2/delay_im_reg[1][10]/D
                            (rising edge-triggered cell FDCE clocked by sys_clk_pin  {rise@0.000ns fall@10.000ns period=20.000ns})
  Path Group:             sys_clk_pin
  Path Type:              Hold (Min at Fast Process Corner)
  Requirement:            0.000ns  (sys_clk_pin rise@0.000ns - sys_clk_pin rise@0.000ns)
  Data Path Delay:        0.220ns  (logic 0.164ns (74.580%)  route 0.056ns (25.420%))
  Logic Levels:           0  
  Clock Path Skew:        0.000ns (DCD - SCD - CPR)
    Destination Clock Delay (DCD):    1.953ns
    Source Clock Delay      (SCD):    1.441ns
    Clock Pessimism Removal (CPR):    0.512ns

    Location             Delay type                Incr(ns)  Path(ns)    Netlist Resource(s)
  -------------------------------------------------------------------    -------------------
                         (clock sys_clk_pin rise edge)
                                                      0.000     0.000 r  
    W5                                                0.000     0.000 r  clk (IN)
                         net (fo=0)                   0.000     0.000    clk
    W5                   IBUF (Prop_ibuf_I_O)         0.226     0.226 r  clk_IBUF_inst/O
                         net (fo=1, routed)           0.631     0.858    clk_IBUF
    BUFGCTRL_X0Y0        BUFG (Prop_bufg_I_O)         0.026     0.884 r  clk_IBUF_BUFG_inst/O
                         net (fo=275, routed)         0.558     1.441    STAGE3/SR2/CLK
    SLICE_X8Y19          FDCE                                         r  STAGE3/SR2/delay_im_reg[0][10]/C
  -------------------------------------------------------------------    -------------------
    SLICE_X8Y19          FDCE (Prop_fdce_C_Q)         0.164     1.605 r  STAGE3/SR2/delay_im_reg[0][10]/Q
                         net (fo=1, routed)           0.056     1.661    STAGE3/SR2/delay_im_reg_n_0_[0][10]
    SLICE_X8Y19          FDCE                                         r  STAGE3/SR2/delay_im_reg[1][10]/D
  -------------------------------------------------------------------    -------------------

                         (clock sys_clk_pin rise edge)
                                                      0.000     0.000 r  
    W5                                                0.000     0.000 r  clk (IN)
                         net (fo=0)                   0.000     0.000    clk
    W5                   IBUF (Prop_ibuf_I_O)         0.414     0.414 r  clk_IBUF_inst/O
                         net (fo=1, routed)           0.685     1.099    clk_IBUF
    BUFGCTRL_X0Y0        BUFG (Prop_bufg_I_O)         0.029     1.128 r  clk_IBUF_BUFG_inst/O
                         net (fo=275, routed)         0.826     1.953    STAGE3/SR2/CLK
    SLICE_X8Y19          FDCE                                         r  STAGE3/SR2/delay_im_reg[1][10]/C
                         clock pessimism             -0.512     1.441    
    SLICE_X8Y19          FDCE (Hold_fdce_C_D)         0.060     1.501    STAGE3/SR2/delay_im_reg[1][10]
  -------------------------------------------------------------------
                         required time                         -1.501    
                         arrival time                           1.661    
  -------------------------------------------------------------------
                         slack                                  0.160    

Slack (MET) :             0.163ns  (arrival time - required time)
  Source:                 STAGE3/CU/count_reg[0]/C
                            (rising edge-triggered cell FDCE clocked by sys_clk_pin  {rise@0.000ns fall@10.000ns period=20.000ns})
  Destination:            STAGE3/CU/rom_addr_reg/D
                            (rising edge-triggered cell FDCE clocked by sys_clk_pin  {rise@0.000ns fall@10.000ns period=20.000ns})
  Path Group:             sys_clk_pin
  Path Type:              Hold (Min at Fast Process Corner)
  Requirement:            0.000ns  (sys_clk_pin rise@0.000ns - sys_clk_pin rise@0.000ns)
  Data Path Delay:        0.296ns  (logic 0.186ns (62.765%)  route 0.110ns (37.235%))
  Logic Levels:           1  (LUT2=1)
  Clock Path Skew:        0.013ns (DCD - SCD - CPR)
    Destination Clock Delay (DCD):    1.958ns
    Source Clock Delay      (SCD):    1.445ns
    Clock Pessimism Removal (CPR):    0.500ns

    Location             Delay type                Incr(ns)  Path(ns)    Netlist Resource(s)
  -------------------------------------------------------------------    -------------------
                         (clock sys_clk_pin rise edge)
                                                      0.000     0.000 r  
    W5                                                0.000     0.000 r  clk (IN)
                         net (fo=0)                   0.000     0.000    clk
    W5                   IBUF (Prop_ibuf_I_O)         0.226     0.226 r  clk_IBUF_inst/O
                         net (fo=1, routed)           0.631     0.858    clk_IBUF
    BUFGCTRL_X0Y0        BUFG (Prop_bufg_I_O)         0.026     0.884 r  clk_IBUF_BUFG_inst/O
                         net (fo=275, routed)         0.562     1.445    STAGE3/CU/CLK
    SLICE_X11Y14         FDCE                                         r  STAGE3/CU/count_reg[0]/C
  -------------------------------------------------------------------    -------------------
    SLICE_X11Y14         FDCE (Prop_fdce_C_Q)         0.141     1.586 f  STAGE3/CU/count_reg[0]/Q
                         net (fo=7, routed)           0.110     1.696    STAGE3/CU/count_reg__0[0]
    SLICE_X10Y14         LUT2 (Prop_lut2_I1_O)        0.045     1.741 r  STAGE3/CU/rom_addr_i_1/O
                         net (fo=1, routed)           0.000     1.741    STAGE3/CU/rom_addr_i_1_n_0
    SLICE_X10Y14         FDCE                                         r  STAGE3/CU/rom_addr_reg/D
  -------------------------------------------------------------------    -------------------

                         (clock sys_clk_pin rise edge)
                                                      0.000     0.000 r  
    W5                                                0.000     0.000 r  clk (IN)
                         net (fo=0)                   0.000     0.000    clk
    W5                   IBUF (Prop_ibuf_I_O)         0.414     0.414 r  clk_IBUF_inst/O
                         net (fo=1, routed)           0.685     1.099    clk_IBUF
    BUFGCTRL_X0Y0        BUFG (Prop_bufg_I_O)         0.029     1.128 r  clk_IBUF_BUFG_inst/O
                         net (fo=275, routed)         0.831     1.958    STAGE3/CU/CLK
    SLICE_X10Y14         FDCE                                         r  STAGE3/CU/rom_addr_reg/C
                         clock pessimism             -0.500     1.458    
    SLICE_X10Y14         FDCE (Hold_fdce_C_D)         0.120     1.578    STAGE3/CU/rom_addr_reg
  -------------------------------------------------------------------
                         required time                         -1.578    
                         arrival time                           1.741    
  -------------------------------------------------------------------
                         slack                                  0.163    

Slack (MET) :             0.165ns  (arrival time - required time)
  Source:                 STAGE3/CU/count_reg[2]/C
                            (rising edge-triggered cell FDCE clocked by sys_clk_pin  {rise@0.000ns fall@10.000ns period=20.000ns})
  Destination:            STAGE3/SR2/delay_re_reg[0][3]/D
                            (rising edge-triggered cell FDCE clocked by sys_clk_pin  {rise@0.000ns fall@10.000ns period=20.000ns})
  Path Group:             sys_clk_pin
  Path Type:              Hold (Min at Fast Process Corner)
  Requirement:            0.000ns  (sys_clk_pin rise@0.000ns - sys_clk_pin rise@0.000ns)
  Data Path Delay:        0.299ns  (logic 0.186ns (62.309%)  route 0.113ns (37.691%))
  Logic Levels:           1  (LUT5=1)
  Clock Path Skew:        0.013ns (DCD - SCD - CPR)
    Destination Clock Delay (DCD):    1.958ns
    Source Clock Delay      (SCD):    1.445ns
    Clock Pessimism Removal (CPR):    0.500ns

    Location             Delay type                Incr(ns)  Path(ns)    Netlist Resource(s)
  -------------------------------------------------------------------    -------------------
                         (clock sys_clk_pin rise edge)
                                                      0.000     0.000 r  
    W5                                                0.000     0.000 r  clk (IN)
                         net (fo=0)                   0.000     0.000    clk
    W5                   IBUF (Prop_ibuf_I_O)         0.226     0.226 r  clk_IBUF_inst/O
                         net (fo=1, routed)           0.631     0.858    clk_IBUF
    BUFGCTRL_X0Y0        BUFG (Prop_bufg_I_O)         0.026     0.884 r  clk_IBUF_BUFG_inst/O
                         net (fo=275, routed)         0.562     1.445    STAGE3/CU/CLK
    SLICE_X11Y14         FDCE                                         r  STAGE3/CU/count_reg[2]/C
  -------------------------------------------------------------------    -------------------
    SLICE_X11Y14         FDCE (Prop_fdce_C_Q)         0.141     1.586 r  STAGE3/CU/count_reg[2]/Q
                         net (fo=75, routed)          0.113     1.699    STAGE3/SR2_MUX/Q[1]
    SLICE_X10Y14         LUT5 (Prop_lut5_I4_O)        0.045     1.744 r  STAGE3/SR2_MUX/delay_re[0][3]_i_1/O
                         net (fo=1, routed)           0.000     1.744    STAGE3/SR2/mult_result_re[3]
    SLICE_X10Y14         FDCE                                         r  STAGE3/SR2/delay_re_reg[0][3]/D
  -------------------------------------------------------------------    -------------------

                         (clock sys_clk_pin rise edge)
                                                      0.000     0.000 r  
    W5                                                0.000     0.000 r  clk (IN)
                         net (fo=0)                   0.000     0.000    clk
    W5                   IBUF (Prop_ibuf_I_O)         0.414     0.414 r  clk_IBUF_inst/O
                         net (fo=1, routed)           0.685     1.099    clk_IBUF
    BUFGCTRL_X0Y0        BUFG (Prop_bufg_I_O)         0.029     1.128 r  clk_IBUF_BUFG_inst/O
                         net (fo=275, routed)         0.831     1.958    STAGE3/SR2/CLK
    SLICE_X10Y14         FDCE                                         r  STAGE3/SR2/delay_re_reg[0][3]/C
                         clock pessimism             -0.500     1.458    
    SLICE_X10Y14         FDCE (Hold_fdce_C_D)         0.121     1.579    STAGE3/SR2/delay_re_reg[0][3]
  -------------------------------------------------------------------
                         required time                         -1.579    
                         arrival time                           1.744    
  -------------------------------------------------------------------
                         slack                                  0.165    

Slack (MET) :             0.167ns  (arrival time - required time)
  Source:                 STAGE3/SR2/delay_re_reg[0][2]/C
                            (rising edge-triggered cell FDCE clocked by sys_clk_pin  {rise@0.000ns fall@10.000ns period=20.000ns})
  Destination:            STAGE3/SR2/delay_re_reg[1][2]/D
                            (rising edge-triggered cell FDCE clocked by sys_clk_pin  {rise@0.000ns fall@10.000ns period=20.000ns})
  Path Group:             sys_clk_pin
  Path Type:              Hold (Min at Fast Process Corner)
  Requirement:            0.000ns  (sys_clk_pin rise@0.000ns - sys_clk_pin rise@0.000ns)
  Data Path Delay:        0.220ns  (logic 0.164ns (74.580%)  route 0.056ns (25.420%))
  Logic Levels:           0  
  Clock Path Skew:        0.000ns (DCD - SCD - CPR)
    Destination Clock Delay (DCD):    1.958ns
    Source Clock Delay      (SCD):    1.445ns
    Clock Pessimism Removal (CPR):    0.513ns

    Location             Delay type                Incr(ns)  Path(ns)    Netlist Resource(s)
  -------------------------------------------------------------------    -------------------
                         (clock sys_clk_pin rise edge)
                                                      0.000     0.000 r  
    W5                                                0.000     0.000 r  clk (IN)
                         net (fo=0)                   0.000     0.000    clk
    W5                   IBUF (Prop_ibuf_I_O)         0.226     0.226 r  clk_IBUF_inst/O
                         net (fo=1, routed)           0.631     0.858    clk_IBUF
    BUFGCTRL_X0Y0        BUFG (Prop_bufg_I_O)         0.026     0.884 r  clk_IBUF_BUFG_inst/O
                         net (fo=275, routed)         0.562     1.445    STAGE3/SR2/CLK
    SLICE_X10Y14         FDCE                                         r  STAGE3/SR2/delay_re_reg[0][2]/C
  -------------------------------------------------------------------    -------------------
    SLICE_X10Y14         FDCE (Prop_fdce_C_Q)         0.164     1.609 r  STAGE3/SR2/delay_re_reg[0][2]/Q
                         net (fo=1, routed)           0.056     1.665    STAGE3/SR2/delay_re_reg_n_0_[0][2]
    SLICE_X10Y14         FDCE                                         r  STAGE3/SR2/delay_re_reg[1][2]/D
  -------------------------------------------------------------------    -------------------

                         (clock sys_clk_pin rise edge)
                                                      0.000     0.000 r  
    W5                                                0.000     0.000 r  clk (IN)
                         net (fo=0)                   0.000     0.000    clk
    W5                   IBUF (Prop_ibuf_I_O)         0.414     0.414 r  clk_IBUF_inst/O
                         net (fo=1, routed)           0.685     1.099    clk_IBUF
    BUFGCTRL_X0Y0        BUFG (Prop_bufg_I_O)         0.029     1.128 r  clk_IBUF_BUFG_inst/O
                         net (fo=275, routed)         0.831     1.958    STAGE3/SR2/CLK
    SLICE_X10Y14         FDCE                                         r  STAGE3/SR2/delay_re_reg[1][2]/C
                         clock pessimism             -0.513     1.445    
    SLICE_X10Y14         FDCE (Hold_fdce_C_D)         0.053     1.498    STAGE3/SR2/delay_re_reg[1][2]
  -------------------------------------------------------------------
                         required time                         -1.498    
                         arrival time                           1.665    
  -------------------------------------------------------------------
                         slack                                  0.167    





Pulse Width Checks
--------------------------------------------------------------------------------------
Clock Name:         sys_clk_pin
Waveform(ns):       { 0.000 10.000 }
Period(ns):         20.000
Sources:            { clk }

Check Type        Corner  Lib Pin     Reference Pin  Required(ns)  Actual(ns)  Slack(ns)  Location       Pin
Min Period        n/a     BUFG/I      n/a            2.155         20.000      17.845     BUFGCTRL_X0Y0  clk_IBUF_BUFG_inst/I
Min Period        n/a     FDCE/C      n/a            1.000         20.000      19.000     SLICE_X8Y30    STAGE1/CU/count_reg[0]/C
Min Period        n/a     FDCE/C      n/a            1.000         20.000      19.000     SLICE_X8Y30    STAGE1/CU/count_reg[1]/C
Min Period        n/a     FDCE/C      n/a            1.000         20.000      19.000     SLICE_X8Y30    STAGE1/CU/count_reg[2]/C
Min Period        n/a     FDCE/C      n/a            1.000         20.000      19.000     SLICE_X8Y30    STAGE1/CU/count_reg[3]/C
Min Period        n/a     FDCE/C      n/a            1.000         20.000      19.000     SLICE_X9Y30    STAGE1/CU/rom_addr_reg[0]/C
Min Period        n/a     FDCE/C      n/a            1.000         20.000      19.000     SLICE_X9Y30    STAGE1/CU/rom_addr_reg[1]/C
Min Period        n/a     FDCE/C      n/a            1.000         20.000      19.000     SLICE_X9Y30    STAGE1/CU/rom_addr_reg[2]/C
Min Period        n/a     FDCE/C      n/a            1.000         20.000      19.000     SLICE_X9Y30    STAGE1/CU/valid_reg/C
Min Period        n/a     FDCE/C      n/a            1.000         20.000      19.000     SLICE_X6Y23    STAGE2/CU/count_reg[0]/C
Low Pulse Width   Fast    SRL16E/CLK  n/a            0.980         10.000      9.020      SLICE_X10Y27   STAGE1/SR8/delay_im_reg[5][10]_srl6_STAGE1_SR8_delay_im_reg_c_4/CLK
Low Pulse Width   Fast    SRL16E/CLK  n/a            0.980         10.000      9.020      SLICE_X12Y29   STAGE1/SR8/delay_im_reg[5][11]_srl6_STAGE1_SR8_delay_im_reg_c_4/CLK
Low Pulse Width   Fast    SRL16E/CLK  n/a            0.980         10.000      9.020      SLICE_X14Y28   STAGE1/SR8/delay_im_reg[5][1]_srl6_STAGE1_SR8_delay_im_reg_c_4/CLK
Low Pulse Width   Fast    SRL16E/CLK  n/a            0.980         10.000      9.020      SLICE_X14Y28   STAGE1/SR8/delay_im_reg[5][3]_srl6_STAGE1_SR8_delay_im_reg_c_4/CLK
Low Pulse Width   Fast    SRL16E/CLK  n/a            0.980         10.000      9.020      SLICE_X14Y28   STAGE1/SR8/delay_im_reg[5][4]_srl6_STAGE1_SR8_delay_im_reg_c_4/CLK
Low Pulse Width   Fast    SRL16E/CLK  n/a            0.980         10.000      9.020      SLICE_X14Y28   STAGE1/SR8/delay_im_reg[5][5]_srl6_STAGE1_SR8_delay_im_reg_c_4/CLK
Low Pulse Width   Fast    SRL16E/CLK  n/a            0.980         10.000      9.020      SLICE_X10Y27   STAGE1/SR8/delay_im_reg[5][6]_srl6_STAGE1_SR8_delay_im_reg_c_4/CLK
Low Pulse Width   Fast    SRL16E/CLK  n/a            0.980         10.000      9.020      SLICE_X12Y29   STAGE1/SR8/delay_im_reg[5][7]_srl6_STAGE1_SR8_delay_im_reg_c_4/CLK
Low Pulse Width   Fast    SRL16E/CLK  n/a            0.980         10.000      9.020      SLICE_X12Y29   STAGE1/SR8/delay_im_reg[5][8]_srl6_STAGE1_SR8_delay_im_reg_c_4/CLK
Low Pulse Width   Fast    SRL16E/CLK  n/a            0.980         10.000      9.020      SLICE_X12Y29   STAGE1/SR8/delay_im_reg[5][9]_srl6_STAGE1_SR8_delay_im_reg_c_4/CLK
High Pulse Width  Slow    SRL16E/CLK  n/a            0.980         10.000      9.020      SLICE_X14Y26   STAGE1/SR8/delay_im_reg[5][0]_srl6_STAGE1_SR8_delay_im_reg_c_4/CLK
High Pulse Width  Slow    SRL16E/CLK  n/a            0.980         10.000      9.020      SLICE_X14Y26   STAGE1/SR8/delay_im_reg[5][2]_srl6_STAGE1_SR8_delay_im_reg_c_4/CLK
High Pulse Width  Slow    SRL16E/CLK  n/a            0.980         10.000      9.020      SLICE_X14Y26   STAGE1/SR8/delay_re_reg[5][4]_srl6_STAGE1_SR8_delay_im_reg_c_4/CLK
High Pulse Width  Slow    SRL16E/CLK  n/a            0.980         10.000      9.020      SLICE_X14Y26   STAGE1/SR8/delay_re_reg[5][7]_srl6_STAGE1_SR8_delay_im_reg_c_4/CLK
High Pulse Width  Slow    SRL16E/CLK  n/a            0.980         10.000      9.020      SLICE_X12Y29   STAGE1/SR8/delay_im_reg[5][11]_srl6_STAGE1_SR8_delay_im_reg_c_4/CLK
High Pulse Width  Slow    SRL16E/CLK  n/a            0.980         10.000      9.020      SLICE_X14Y28   STAGE1/SR8/delay_im_reg[5][1]_srl6_STAGE1_SR8_delay_im_reg_c_4/CLK
High Pulse Width  Slow    SRL16E/CLK  n/a            0.980         10.000      9.020      SLICE_X14Y28   STAGE1/SR8/delay_im_reg[5][3]_srl6_STAGE1_SR8_delay_im_reg_c_4/CLK
High Pulse Width  Slow    SRL16E/CLK  n/a            0.980         10.000      9.020      SLICE_X14Y28   STAGE1/SR8/delay_im_reg[5][4]_srl6_STAGE1_SR8_delay_im_reg_c_4/CLK
High Pulse Width  Slow    SRL16E/CLK  n/a            0.980         10.000      9.020      SLICE_X14Y28   STAGE1/SR8/delay_im_reg[5][5]_srl6_STAGE1_SR8_delay_im_reg_c_4/CLK
High Pulse Width  Slow    SRL16E/CLK  n/a            0.980         10.000      9.020      SLICE_X12Y29   STAGE1/SR8/delay_im_reg[5][7]_srl6_STAGE1_SR8_delay_im_reg_c_4/CLK



