OpenROAD v2.0-4194-g9d55eaa0c 
This program is licensed under the BSD-3 license. See the LICENSE file for details.
Components of this program may be licensed under more restrictive licenses which must be honored.
[INFO ODB-0222] Reading LEF file: /home/opentools/OpenLane/designs/fft/runs/opttime1/tmp/merged.unpadded.nom.lef
[INFO ODB-0223]     Created 13 technology layers
[INFO ODB-0224]     Created 25 technology vias
[INFO ODB-0225]     Created 441 library cells
[INFO ODB-0226] Finished LEF file:  /home/opentools/OpenLane/designs/fft/runs/opttime1/tmp/merged.unpadded.nom.lef
[INFO ODB-0127] Reading DEF file: /home/opentools/OpenLane/designs/fft/runs/opttime1/results/placement/DIF_R2SDF_top.def
[INFO ODB-0128] Design: DIF_R2SDF_top
[INFO ODB-0130]     Created 54 pins.
[INFO ODB-0131]     Created 21123 components and 122212 component-terminals.
[INFO ODB-0132]     Created 2 special nets and 70398 connections.
[INFO ODB-0133]     Created 13585 nets and 51814 connections.
[INFO ODB-0134] Finished DEF file: /home/opentools/OpenLane/designs/fft/runs/opttime1/results/placement/DIF_R2SDF_top.def
###############################################################################
# Created by write_sdc
# Sat Aug 15 13:52:40 2026
###############################################################################
current_design DIF_R2SDF_top
###############################################################################
# Timing Constraints
###############################################################################
create_clock -name clk -period 20.0000 [get_ports {clk}]
set_clock_transition 0.1500 [get_clocks {clk}]
set_clock_uncertainty -setup 0.1000 clk
set_clock_uncertainty -hold 0.2000 clk
###############################################################################
# Environment
###############################################################################
###############################################################################
# Design Rules
###############################################################################
[INFO]: Setting RC values...
[INFO]: Configuring cts characterization...
[INFO]: Performing clock tree synthesis...
[INFO]: Looking for the following net(s): clk
[INFO]: Running Clock Tree Synthesis...
[INFO CTS-0049] Characterization buffer is: sky130_fd_sc_hd__clkbuf_8.
[INFO CTS-0038] Number of created patterns = 50000.
[INFO CTS-0038] Number of created patterns = 100000.
[INFO CTS-0039] Number of created patterns = 137808.
[INFO CTS-0084] Compiling LUT.
Min. len    Max. len    Min. cap    Max. cap    Min. slew   Max. slew
2           8           1           35          1           48          
[WARNING CTS-0043] 4752 wires are pure wire and no slew degradation.
TritonCTS forced slew degradation on these wires.
[INFO CTS-0046]     Number of wire segments: 137808.
[INFO CTS-0047]     Number of keys in characterization LUT: 1760.
[INFO CTS-0048]     Actual min input cap: 1.
[INFO CTS-0007] Net "clk" found for clock "clk".
[INFO CTS-0010]  Clock net "clk" has 412 sinks.
[INFO CTS-0008] TritonCTS found 1 clock nets.
[INFO CTS-0097] Characterization used 2 buffer(s) types.
[INFO CTS-0027] Generating H-Tree topology for net clk.
[INFO CTS-0028]  Total number of sinks: 412.
[INFO CTS-0029]  Sinks will be clustered in groups of up to 25 and with maximum cluster diameter of 50.0 um.
[INFO CTS-0030]  Number of static layers: 0.
[INFO CTS-0020]  Wire segment unit: 13000  dbu (13 um).
[INFO CTS-0019]  Total number of sinks after clustering: 27.
[INFO CTS-0024]  Normalized sink region: [(3.5754, 20.9564), (40.0484, 36.1503)].
[INFO CTS-0025]     Width:  36.4730.
[INFO CTS-0026]     Height: 15.1939.
 Level 1
    Direction: Horizontal
    Sinks per sub-region: 14
    Sub-region size: 18.2365 X 15.1939
[INFO CTS-0034]     Segment length (rounded): 10.
    Key: 3255 outSlew: 6 load: 1 length: 8 isBuffered: true
    Key: 22 outSlew: 6 load: 1 length: 2 isBuffered: true
[INFO CTS-0032]  Stop criterion found. Max number of sinks is 15.
[INFO CTS-0035]  Number of sinks covered: 27.
[INFO CTS-0036]  Average source sink dist: 31255.25 dbu.
[INFO CTS-0037]  Number of outlier sinks: 7.
[INFO CTS-0018]     Created 39 clock buffers.
[INFO CTS-0012]     Minimum number of buffers in the clock path: 3.
[INFO CTS-0013]     Maximum number of buffers in the clock path: 6.
[INFO CTS-0015]     Created 39 clock nets.
[INFO CTS-0016]     Fanout distribution for the current clock = 3:1, 5:1, 6:1, 7:2, 8:1, 9:2, 11:1, 12:3, 13:2, 14:1, 15:2, 18:1, 24:1, 25:9..
[INFO CTS-0017]     Max level of the clock tree: 1.
[INFO CTS-0098] Clock net "clk"
[INFO CTS-0099]  Sinks 412
[INFO CTS-0100]  Leaf buffers 26
[INFO CTS-0101]  Average sink wire length 626.95 um
[INFO CTS-0102]  Path depth 3 - 6
[INFO]: Repairing long wires on clock nets...
[INFO RSZ-0058] Using max wire length 3048um.
[INFO]: Legalizing...
Placement Analysis
---------------------------------
total displacement        759.0 u
average displacement        0.0 u
max displacement           11.5 u
original HPWL          808920.5 u
legalized HPWL         820202.1 u
delta HPWL                    1 %

[INFO DPL-0020] Mirrored 5888 instances
[INFO DPL-0021] HPWL before          820202.1 u
[INFO DPL-0022] HPWL after           809068.3 u
[INFO DPL-0023] HPWL delta               -1.4 %
cts_report
[INFO CTS-0003] Total number of Clock Roots: 1.
[INFO CTS-0004] Total number of Buffers Inserted: 39.
[INFO CTS-0005] Total number of Clock Subnets: 39.
[INFO CTS-0006] Total number of Sinks: 412.
cts_report_end
min_report

===========================================================================
report_checks -path_delay min (Hold)
============================================================================
Startpoint: _26285_ (rising edge-triggered flip-flop clocked by clk)
Endpoint: _26297_ (rising edge-triggered flip-flop clocked by clk)
Path Group: clk
Path Type: min

Fanout     Cap    Slew   Delay    Time   Description
-----------------------------------------------------------------------------
                          0.00    0.00   clock clk (rise edge)
                          0.00    0.00   clock source latency
                  0.00    0.00    0.00 ^ clk (in)
     1    0.04                           clk (net)
                  0.01    0.01    0.01 ^ clkbuf_0_clk/A (sky130_fd_sc_hd__clkbuf_16)
                  0.04    0.11    0.12 ^ clkbuf_0_clk/X (sky130_fd_sc_hd__clkbuf_16)
     2    0.02                           clknet_0_clk (net)
                  0.04    0.00    0.12 ^ clkbuf_1_1_0_clk/A (sky130_fd_sc_hd__clkbuf_8)
                  0.03    0.11    0.23 ^ clkbuf_1_1_0_clk/X (sky130_fd_sc_hd__clkbuf_8)
     1    0.01                           clknet_1_1_0_clk (net)
                  0.03    0.00    0.23 ^ clkbuf_1_1_1_clk/A (sky130_fd_sc_hd__clkbuf_8)
                  0.28    0.30    0.53 ^ clkbuf_1_1_1_clk/X (sky130_fd_sc_hd__clkbuf_8)
    15    0.17                           clknet_1_1_1_clk (net)
                  0.28    0.00    0.53 ^ clkbuf_opt_6_0_clk/A (sky130_fd_sc_hd__clkbuf_16)
                  0.04    0.19    0.73 ^ clkbuf_opt_6_0_clk/X (sky130_fd_sc_hd__clkbuf_16)
     1    0.01                           clknet_opt_6_0_clk (net)
                  0.04    0.00    0.73 ^ clkbuf_leaf_20_clk/A (sky130_fd_sc_hd__clkbuf_16)
                  0.05    0.14    0.86 ^ clkbuf_leaf_20_clk/X (sky130_fd_sc_hd__clkbuf_16)
    11    0.03                           clknet_leaf_20_clk (net)
                  0.05    0.00    0.86 ^ _26285_/CLK (sky130_fd_sc_hd__dfrtp_1)
                  0.05    0.32    1.18 ^ _26285_/Q (sky130_fd_sc_hd__dfrtp_1)
     1    0.00                           STAGE3.SR2.delay_re[0][1] (net)
                  0.05    0.00    1.18 ^ _26297_/D (sky130_fd_sc_hd__dfrtp_1)
                                  1.18   data arrival time

                          0.00    0.00   clock clk (rise edge)
                          0.00    0.00   clock source latency
                  0.00    0.00    0.00 ^ clk (in)
     1    0.04                           clk (net)
                  0.01    0.01    0.01 ^ clkbuf_0_clk/A (sky130_fd_sc_hd__clkbuf_16)
                  0.04    0.11    0.12 ^ clkbuf_0_clk/X (sky130_fd_sc_hd__clkbuf_16)
     2    0.02                           clknet_0_clk (net)
                  0.04    0.00    0.12 ^ clkbuf_1_1_0_clk/A (sky130_fd_sc_hd__clkbuf_8)
                  0.03    0.11    0.23 ^ clkbuf_1_1_0_clk/X (sky130_fd_sc_hd__clkbuf_8)
     1    0.01                           clknet_1_1_0_clk (net)
                  0.03    0.00    0.23 ^ clkbuf_1_1_1_clk/A (sky130_fd_sc_hd__clkbuf_8)
                  0.28    0.30    0.53 ^ clkbuf_1_1_1_clk/X (sky130_fd_sc_hd__clkbuf_8)
    15    0.17                           clknet_1_1_1_clk (net)
                  0.28    0.00    0.53 ^ clkbuf_opt_7_0_clk/A (sky130_fd_sc_hd__clkbuf_16)
                  0.04    0.20    0.73 ^ clkbuf_opt_7_0_clk/X (sky130_fd_sc_hd__clkbuf_16)
     1    0.01                           clknet_opt_7_0_clk (net)
                  0.04    0.00    0.73 ^ clkbuf_opt_7_1_clk/A (sky130_fd_sc_hd__clkbuf_16)
                  0.03    0.11    0.84 ^ clkbuf_opt_7_1_clk/X (sky130_fd_sc_hd__clkbuf_16)
     1    0.01                           clknet_opt_7_1_clk (net)
                  0.03    0.00    0.85 ^ clkbuf_leaf_21_clk/A (sky130_fd_sc_hd__clkbuf_16)
                  0.08    0.16    1.00 ^ clkbuf_leaf_21_clk/X (sky130_fd_sc_hd__clkbuf_16)
    25    0.06                           clknet_leaf_21_clk (net)
                  0.08    0.00    1.00 ^ _26297_/CLK (sky130_fd_sc_hd__dfrtp_1)
                          0.20    1.20   clock uncertainty
                          0.00    1.20   clock reconvergence pessimism
                         -0.03    1.17   library hold time
                                  1.17   data required time
-----------------------------------------------------------------------------
                                  1.17   data required time
                                 -1.18   data arrival time
-----------------------------------------------------------------------------
                                  0.01   slack (MET)


Startpoint: _26372_ (rising edge-triggered flip-flop clocked by clk)
Endpoint: _26384_ (rising edge-triggered flip-flop clocked by clk)
Path Group: clk
Path Type: min

Fanout     Cap    Slew   Delay    Time   Description
-----------------------------------------------------------------------------
                          0.00    0.00   clock clk (rise edge)
                          0.00    0.00   clock source latency
                  0.00    0.00    0.00 ^ clk (in)
     1    0.04                           clk (net)
                  0.01    0.01    0.01 ^ clkbuf_0_clk/A (sky130_fd_sc_hd__clkbuf_16)
                  0.04    0.11    0.12 ^ clkbuf_0_clk/X (sky130_fd_sc_hd__clkbuf_16)
     2    0.02                           clknet_0_clk (net)
                  0.04    0.00    0.12 ^ clkbuf_1_0_0_clk/A (sky130_fd_sc_hd__clkbuf_8)
                  0.03    0.11    0.23 ^ clkbuf_1_0_0_clk/X (sky130_fd_sc_hd__clkbuf_8)
     1    0.01                           clknet_1_0_0_clk (net)
                  0.03    0.00    0.23 ^ clkbuf_1_0_1_clk/A (sky130_fd_sc_hd__clkbuf_8)
                  0.24    0.26    0.49 ^ clkbuf_1_0_1_clk/X (sky130_fd_sc_hd__clkbuf_8)
    12    0.14                           clknet_1_0_1_clk (net)
                  0.24    0.01    0.50 ^ clkbuf_leaf_5_clk/A (sky130_fd_sc_hd__clkbuf_16)
                  0.08    0.22    0.73 ^ clkbuf_leaf_5_clk/X (sky130_fd_sc_hd__clkbuf_16)
    25    0.06                           clknet_leaf_5_clk (net)
                  0.08    0.00    0.73 ^ _26372_/CLK (sky130_fd_sc_hd__dfrtp_1)
                  0.04    0.33    1.05 ^ _26372_/Q (sky130_fd_sc_hd__dfrtp_1)
     1    0.00                           STAGE1.SR8.delay_re[0][0] (net)
                  0.04    0.00    1.05 ^ _26384_/D (sky130_fd_sc_hd__dfrtp_1)
                                  1.05   data arrival time

                          0.00    0.00   clock clk (rise edge)
                          0.00    0.00   clock source latency
                  0.00    0.00    0.00 ^ clk (in)
     1    0.04                           clk (net)
                  0.01    0.01    0.01 ^ clkbuf_0_clk/A (sky130_fd_sc_hd__clkbuf_16)
                  0.04    0.11    0.12 ^ clkbuf_0_clk/X (sky130_fd_sc_hd__clkbuf_16)
     2    0.02                           clknet_0_clk (net)
                  0.04    0.00    0.12 ^ clkbuf_1_0_0_clk/A (sky130_fd_sc_hd__clkbuf_8)
                  0.03    0.11    0.23 ^ clkbuf_1_0_0_clk/X (sky130_fd_sc_hd__clkbuf_8)
     1    0.01                           clknet_1_0_0_clk (net)
                  0.03    0.00    0.23 ^ clkbuf_1_0_1_clk/A (sky130_fd_sc_hd__clkbuf_8)
                  0.24    0.26    0.49 ^ clkbuf_1_0_1_clk/X (sky130_fd_sc_hd__clkbuf_8)
    12    0.14                           clknet_1_0_1_clk (net)
                  0.24    0.01    0.50 ^ clkbuf_opt_3_0_clk/A (sky130_fd_sc_hd__clkbuf_16)
                  0.04    0.18    0.69 ^ clkbuf_opt_3_0_clk/X (sky130_fd_sc_hd__clkbuf_16)
     1    0.01                           clknet_opt_3_0_clk (net)
                  0.04    0.00    0.69 ^ clkbuf_leaf_4_clk/A (sky130_fd_sc_hd__clkbuf_16)
                  0.04    0.13    0.82 ^ clkbuf_leaf_4_clk/X (sky130_fd_sc_hd__clkbuf_16)
     6    0.02                           clknet_leaf_4_clk (net)
                  0.04    0.00    0.82 ^ _26384_/CLK (sky130_fd_sc_hd__dfrtp_1)
                          0.20    1.02   clock uncertainty
                          0.00    1.02   clock reconvergence pessimism
                         -0.03    0.98   library hold time
                                  0.98   data required time
-----------------------------------------------------------------------------
                                  0.98   data required time
                                 -1.05   data arrival time
-----------------------------------------------------------------------------
                                  0.07   slack (MET)


Startpoint: _26472_ (rising edge-triggered flip-flop clocked by clk)
Endpoint: _26072_ (rising edge-triggered flip-flop clocked by clk)
Path Group: clk
Path Type: min

Fanout     Cap    Slew   Delay    Time   Description
-----------------------------------------------------------------------------
                          0.00    0.00   clock clk (rise edge)
                          0.00    0.00   clock source latency
                  0.00    0.00    0.00 ^ clk (in)
     1    0.04                           clk (net)
                  0.01    0.01    0.01 ^ clkbuf_0_clk/A (sky130_fd_sc_hd__clkbuf_16)
                  0.04    0.11    0.12 ^ clkbuf_0_clk/X (sky130_fd_sc_hd__clkbuf_16)
     2    0.02                           clknet_0_clk (net)
                  0.04    0.00    0.12 ^ clkbuf_1_0_0_clk/A (sky130_fd_sc_hd__clkbuf_8)
                  0.03    0.11    0.23 ^ clkbuf_1_0_0_clk/X (sky130_fd_sc_hd__clkbuf_8)
     1    0.01                           clknet_1_0_0_clk (net)
                  0.03    0.00    0.23 ^ clkbuf_1_0_1_clk/A (sky130_fd_sc_hd__clkbuf_8)
                  0.24    0.26    0.49 ^ clkbuf_1_0_1_clk/X (sky130_fd_sc_hd__clkbuf_8)
    12    0.14                           clknet_1_0_1_clk (net)
                  0.24    0.01    0.50 ^ clkbuf_leaf_5_clk/A (sky130_fd_sc_hd__clkbuf_16)
                  0.08    0.22    0.73 ^ clkbuf_leaf_5_clk/X (sky130_fd_sc_hd__clkbuf_16)
    25    0.06                           clknet_leaf_5_clk (net)
                  0.08    0.00    0.73 ^ _26472_/CLK (sky130_fd_sc_hd__dfrtp_1)
                  0.04    0.33    1.05 ^ _26472_/Q (sky130_fd_sc_hd__dfrtp_1)
     1    0.00                           STAGE1.SR8.delay_im[0][4] (net)
                  0.04    0.00    1.05 ^ _26072_/D (sky130_fd_sc_hd__dfrtp_1)
                                  1.05   data arrival time

                          0.00    0.00   clock clk (rise edge)
                          0.00    0.00   clock source latency
                  0.00    0.00    0.00 ^ clk (in)
     1    0.04                           clk (net)
                  0.01    0.01    0.01 ^ clkbuf_0_clk/A (sky130_fd_sc_hd__clkbuf_16)
                  0.04    0.11    0.12 ^ clkbuf_0_clk/X (sky130_fd_sc_hd__clkbuf_16)
     2    0.02                           clknet_0_clk (net)
                  0.04    0.00    0.12 ^ clkbuf_1_0_0_clk/A (sky130_fd_sc_hd__clkbuf_8)
                  0.03    0.11    0.23 ^ clkbuf_1_0_0_clk/X (sky130_fd_sc_hd__clkbuf_8)
     1    0.01                           clknet_1_0_0_clk (net)
                  0.03    0.00    0.23 ^ clkbuf_1_0_1_clk/A (sky130_fd_sc_hd__clkbuf_8)
                  0.24    0.26    0.49 ^ clkbuf_1_0_1_clk/X (sky130_fd_sc_hd__clkbuf_8)
    12    0.14                           clknet_1_0_1_clk (net)
                  0.24    0.01    0.50 ^ clkbuf_opt_3_0_clk/A (sky130_fd_sc_hd__clkbuf_16)
                  0.04    0.18    0.69 ^ clkbuf_opt_3_0_clk/X (sky130_fd_sc_hd__clkbuf_16)
     1    0.01                           clknet_opt_3_0_clk (net)
                  0.04    0.00    0.69 ^ clkbuf_leaf_4_clk/A (sky130_fd_sc_hd__clkbuf_16)
                  0.04    0.13    0.82 ^ clkbuf_leaf_4_clk/X (sky130_fd_sc_hd__clkbuf_16)
     6    0.02                           clknet_leaf_4_clk (net)
                  0.04    0.00    0.82 ^ _26072_/CLK (sky130_fd_sc_hd__dfrtp_1)
                          0.20    1.02   clock uncertainty
                          0.00    1.02   clock reconvergence pessimism
                         -0.03    0.98   library hold time
                                  0.98   data required time
-----------------------------------------------------------------------------
                                  0.98   data required time
                                 -1.05   data arrival time
-----------------------------------------------------------------------------
                                  0.07   slack (MET)


Startpoint: _26187_ (rising edge-triggered flip-flop clocked by clk)
Endpoint: _26199_ (rising edge-triggered flip-flop clocked by clk)
Path Group: clk
Path Type: min

Fanout     Cap    Slew   Delay    Time   Description
-----------------------------------------------------------------------------
                          0.00    0.00   clock clk (rise edge)
                          0.00    0.00   clock source latency
                  0.00    0.00    0.00 ^ clk (in)
     1    0.04                           clk (net)
                  0.01    0.01    0.01 ^ clkbuf_0_clk/A (sky130_fd_sc_hd__clkbuf_16)
                  0.04    0.11    0.12 ^ clkbuf_0_clk/X (sky130_fd_sc_hd__clkbuf_16)
     2    0.02                           clknet_0_clk (net)
                  0.04    0.00    0.12 ^ clkbuf_1_1_0_clk/A (sky130_fd_sc_hd__clkbuf_8)
                  0.03    0.11    0.23 ^ clkbuf_1_1_0_clk/X (sky130_fd_sc_hd__clkbuf_8)
     1    0.01                           clknet_1_1_0_clk (net)
                  0.03    0.00    0.23 ^ clkbuf_1_1_1_clk/A (sky130_fd_sc_hd__clkbuf_8)
                  0.28    0.30    0.53 ^ clkbuf_1_1_1_clk/X (sky130_fd_sc_hd__clkbuf_8)
    15    0.17                           clknet_1_1_1_clk (net)
                  0.28    0.00    0.53 ^ clkbuf_leaf_11_clk/A (sky130_fd_sc_hd__clkbuf_16)
                  0.05    0.20    0.73 ^ clkbuf_leaf_11_clk/X (sky130_fd_sc_hd__clkbuf_16)
     7    0.02                           clknet_leaf_11_clk (net)
                  0.05    0.00    0.73 ^ _26187_/CLK (sky130_fd_sc_hd__dfrtp_1)
                  0.04    0.31    1.05 ^ _26187_/Q (sky130_fd_sc_hd__dfrtp_1)
     1    0.00                           STAGE2.SR4.delay_re[0][6] (net)
                  0.04    0.00    1.05 ^ _26199_/D (sky130_fd_sc_hd__dfrtp_1)
                                  1.05   data arrival time

                          0.00    0.00   clock clk (rise edge)
                          0.00    0.00   clock source latency
                  0.00    0.00    0.00 ^ clk (in)
     1    0.04                           clk (net)
                  0.01    0.01    0.01 ^ clkbuf_0_clk/A (sky130_fd_sc_hd__clkbuf_16)
                  0.04    0.11    0.12 ^ clkbuf_0_clk/X (sky130_fd_sc_hd__clkbuf_16)
     2    0.02                           clknet_0_clk (net)
                  0.04    0.00    0.12 ^ clkbuf_1_1_0_clk/A (sky130_fd_sc_hd__clkbuf_8)
                  0.03    0.11    0.23 ^ clkbuf_1_1_0_clk/X (sky130_fd_sc_hd__clkbuf_8)
     1    0.01                           clknet_1_1_0_clk (net)
                  0.03    0.00    0.23 ^ clkbuf_1_1_1_clk/A (sky130_fd_sc_hd__clkbuf_8)
                  0.28    0.30    0.53 ^ clkbuf_1_1_1_clk/X (sky130_fd_sc_hd__clkbuf_8)
    15    0.17                           clknet_1_1_1_clk (net)
                  0.28    0.00    0.53 ^ clkbuf_leaf_15_clk/A (sky130_fd_sc_hd__clkbuf_16)
                  0.06    0.22    0.75 ^ clkbuf_leaf_15_clk/X (sky130_fd_sc_hd__clkbuf_16)
    13    0.04                           clknet_leaf_15_clk (net)
                  0.06    0.00    0.75 ^ _26199_/CLK (sky130_fd_sc_hd__dfrtp_1)
                          0.20    0.95   clock uncertainty
                          0.00    0.95   clock reconvergence pessimism
                         -0.03    0.91   library hold time
                                  0.91   data required time
-----------------------------------------------------------------------------
                                  0.91   data required time
                                 -1.05   data arrival time
-----------------------------------------------------------------------------
                                  0.13   slack (MET)


Startpoint: _26211_ (rising edge-triggered flip-flop clocked by clk)
Endpoint: _26223_ (rising edge-triggered flip-flop clocked by clk)
Path Group: clk
Path Type: min

Fanout     Cap    Slew   Delay    Time   Description
-----------------------------------------------------------------------------
                          0.00    0.00   clock clk (rise edge)
                          0.00    0.00   clock source latency
                  0.00    0.00    0.00 ^ clk (in)
     1    0.04                           clk (net)
                  0.01    0.01    0.01 ^ clkbuf_0_clk/A (sky130_fd_sc_hd__clkbuf_16)
                  0.04    0.11    0.12 ^ clkbuf_0_clk/X (sky130_fd_sc_hd__clkbuf_16)
     2    0.02                           clknet_0_clk (net)
                  0.04    0.00    0.12 ^ clkbuf_1_1_0_clk/A (sky130_fd_sc_hd__clkbuf_8)
                  0.03    0.11    0.23 ^ clkbuf_1_1_0_clk/X (sky130_fd_sc_hd__clkbuf_8)
     1    0.01                           clknet_1_1_0_clk (net)
                  0.03    0.00    0.23 ^ clkbuf_1_1_1_clk/A (sky130_fd_sc_hd__clkbuf_8)
                  0.28    0.30    0.53 ^ clkbuf_1_1_1_clk/X (sky130_fd_sc_hd__clkbuf_8)
    15    0.17                           clknet_1_1_1_clk (net)
                  0.28    0.00    0.53 ^ clkbuf_leaf_11_clk/A (sky130_fd_sc_hd__clkbuf_16)
                  0.05    0.20    0.73 ^ clkbuf_leaf_11_clk/X (sky130_fd_sc_hd__clkbuf_16)
     7    0.02                           clknet_leaf_11_clk (net)
                  0.05    0.00    0.73 ^ _26211_/CLK (sky130_fd_sc_hd__dfrtp_1)
                  0.05    0.32    1.05 ^ _26211_/Q (sky130_fd_sc_hd__dfrtp_1)
     1    0.00                           STAGE2.SR4.delay_re[2][6] (net)
                  0.05    0.00    1.05 ^ _26223_/D (sky130_fd_sc_hd__dfrtp_1)
                                  1.05   data arrival time

                          0.00    0.00   clock clk (rise edge)
                          0.00    0.00   clock source latency
                  0.00    0.00    0.00 ^ clk (in)
     1    0.04                           clk (net)
                  0.01    0.01    0.01 ^ clkbuf_0_clk/A (sky130_fd_sc_hd__clkbuf_16)
                  0.04    0.11    0.12 ^ clkbuf_0_clk/X (sky130_fd_sc_hd__clkbuf_16)
     2    0.02                           clknet_0_clk (net)
                  0.04    0.00    0.12 ^ clkbuf_1_1_0_clk/A (sky130_fd_sc_hd__clkbuf_8)
                  0.03    0.11    0.23 ^ clkbuf_1_1_0_clk/X (sky130_fd_sc_hd__clkbuf_8)
     1    0.01                           clknet_1_1_0_clk (net)
                  0.03    0.00    0.23 ^ clkbuf_1_1_1_clk/A (sky130_fd_sc_hd__clkbuf_8)
                  0.28    0.30    0.53 ^ clkbuf_1_1_1_clk/X (sky130_fd_sc_hd__clkbuf_8)
    15    0.17                           clknet_1_1_1_clk (net)
                  0.28    0.00    0.53 ^ clkbuf_leaf_15_clk/A (sky130_fd_sc_hd__clkbuf_16)
                  0.06    0.22    0.75 ^ clkbuf_leaf_15_clk/X (sky130_fd_sc_hd__clkbuf_16)
    13    0.04                           clknet_leaf_15_clk (net)
                  0.06    0.00    0.75 ^ _26223_/CLK (sky130_fd_sc_hd__dfrtp_1)
                          0.20    0.95   clock uncertainty
                          0.00    0.95   clock reconvergence pessimism
                         -0.03    0.91   library hold time
                                  0.91   data required time
-----------------------------------------------------------------------------
                                  0.91   data required time
                                 -1.05   data arrival time
-----------------------------------------------------------------------------
                                  0.14   slack (MET)


min_report_end
max_report

===========================================================================
report_checks -path_delay max (Setup)
============================================================================
Startpoint: _26169_ (rising edge-triggered flip-flop clocked by clk)
Endpoint: _26189_ (rising edge-triggered flip-flop clocked by clk)
Path Group: clk
Path Type: max

Fanout     Cap    Slew   Delay    Time   Description
-----------------------------------------------------------------------------
                          0.00    0.00   clock clk (rise edge)
                          0.00    0.00   clock source latency
                  0.00    0.00    0.00 ^ clk (in)
     1    0.04                           clk (net)
                  0.01    0.01    0.01 ^ clkbuf_0_clk/A (sky130_fd_sc_hd__clkbuf_16)
                  0.04    0.11    0.12 ^ clkbuf_0_clk/X (sky130_fd_sc_hd__clkbuf_16)
     2    0.02                           clknet_0_clk (net)
                  0.04    0.00    0.12 ^ clkbuf_1_1_0_clk/A (sky130_fd_sc_hd__clkbuf_8)
                  0.03    0.11    0.23 ^ clkbuf_1_1_0_clk/X (sky130_fd_sc_hd__clkbuf_8)
     1    0.01                           clknet_1_1_0_clk (net)
                  0.03    0.00    0.23 ^ clkbuf_1_1_1_clk/A (sky130_fd_sc_hd__clkbuf_8)
                  0.28    0.30    0.53 ^ clkbuf_1_1_1_clk/X (sky130_fd_sc_hd__clkbuf_8)
    15    0.17                           clknet_1_1_1_clk (net)
                  0.28    0.00    0.53 ^ clkbuf_leaf_16_clk/A (sky130_fd_sc_hd__clkbuf_16)
                  0.05    0.21    0.74 ^ clkbuf_leaf_16_clk/X (sky130_fd_sc_hd__clkbuf_16)
     7    0.02                           clknet_leaf_16_clk (net)
                  0.05    0.00    0.74 ^ _26169_/CLK (sky130_fd_sc_hd__dfrtp_1)
                  0.12    0.38    1.12 ^ _26169_/Q (sky130_fd_sc_hd__dfrtp_1)
     2    0.01                           STAGE1.BUTTERFLY.b_re[1] (net)
                  0.12    0.00    1.12 ^ _13005_/A (sky130_fd_sc_hd__clkbuf_2)
                  0.13    0.20    1.31 ^ _13005_/X (sky130_fd_sc_hd__clkbuf_2)
     5    0.02                           _06161_ (net)
                  0.13    0.00    1.31 ^ _19277_/B1 (sky130_fd_sc_hd__o22ai_4)
                  0.07    0.11    1.42 v _19277_/Y (sky130_fd_sc_hd__o22ai_4)
     3    0.02                           _09294_ (net)
                  0.07    0.00    1.42 v _19279_/A1 (sky130_fd_sc_hd__o211ai_4)
                  0.20    0.23    1.65 ^ _19279_/Y (sky130_fd_sc_hd__o211ai_4)
     2    0.02                           _09296_ (net)
                  0.20    0.00    1.65 ^ _19280_/A (sky130_fd_sc_hd__clkbuf_4)
                  0.13    0.25    1.90 ^ _19280_/X (sky130_fd_sc_hd__clkbuf_4)
     5    0.04                           _09297_ (net)
                  0.13    0.00    1.90 ^ _19282_/A (sky130_fd_sc_hd__nand2_2)
                  0.13    0.12    2.02 v _19282_/Y (sky130_fd_sc_hd__nand2_2)
     4    0.02                           _09299_ (net)
                  0.13    0.00    2.02 v _19284_/A (sky130_fd_sc_hd__nand2_2)
                  0.11    0.14    2.16 ^ _19284_/Y (sky130_fd_sc_hd__nand2_2)
     2    0.02                           _09301_ (net)
                  0.11    0.00    2.16 ^ _19285_/C1 (sky130_fd_sc_hd__o211ai_4)
                  0.09    0.11    2.27 v _19285_/Y (sky130_fd_sc_hd__o211ai_4)
     3    0.02                           _09302_ (net)
                  0.09    0.00    2.27 v _19288_/A1 (sky130_fd_sc_hd__a21oi_2)
                  0.27    0.27    2.54 ^ _19288_/Y (sky130_fd_sc_hd__a21oi_2)
     3    0.02                           _09306_ (net)
                  0.27    0.00    2.54 ^ _19301_/A (sky130_fd_sc_hd__nand2_2)
                  0.13    0.16    2.70 v _19301_/Y (sky130_fd_sc_hd__nand2_2)
     4    0.02                           _09320_ (net)
                  0.13    0.00    2.70 v _19365_/A (sky130_fd_sc_hd__and3_1)
                  0.04    0.18    2.88 v _19365_/X (sky130_fd_sc_hd__and3_1)
     1    0.00                           _09390_ (net)
                  0.04    0.00    2.88 v _19366_/A (sky130_fd_sc_hd__clkbuf_4)
                  0.09    0.19    3.07 v _19366_/X (sky130_fd_sc_hd__clkbuf_4)
     5    0.04                           _09391_ (net)
                  0.09    0.00    3.07 v _19441_/A1_N (sky130_fd_sc_hd__o2bb2ai_4)
                  0.10    0.19    3.26 v _19441_/Y (sky130_fd_sc_hd__o2bb2ai_4)
     4    0.03                           _09474_ (net)
                  0.10    0.00    3.26 v _20245_/A1 (sky130_fd_sc_hd__o21ai_4)
                  0.26    0.28    3.54 ^ _20245_/Y (sky130_fd_sc_hd__o21ai_4)
     4    0.03                           _10358_ (net)
                  0.26    0.00    3.54 ^ _20271_/A2_N (sky130_fd_sc_hd__o2bb2ai_4)
                  0.22    0.19    3.73 ^ _20271_/Y (sky130_fd_sc_hd__o2bb2ai_4)
     3    0.03                           _10387_ (net)
                  0.22    0.00    3.73 ^ _20272_/A (sky130_fd_sc_hd__buf_2)
                  0.17    0.26    3.99 ^ _20272_/X (sky130_fd_sc_hd__buf_2)
     5    0.04                           _10388_ (net)
                  0.17    0.00    3.99 ^ _20273_/B1 (sky130_fd_sc_hd__o21ai_4)
                  0.09    0.12    4.10 v _20273_/Y (sky130_fd_sc_hd__o21ai_4)
     3    0.02                           _10389_ (net)
                  0.09    0.00    4.11 v _20274_/A (sky130_fd_sc_hd__clkbuf_4)
                  0.09    0.21    4.31 v _20274_/X (sky130_fd_sc_hd__clkbuf_4)
     5    0.04                           _10390_ (net)
                  0.09    0.00    4.32 v _20275_/A (sky130_fd_sc_hd__clkbuf_4)
                  0.09    0.21    4.53 v _20275_/X (sky130_fd_sc_hd__clkbuf_4)
     5    0.04                           _10391_ (net)
                  0.09    0.00    4.53 v _20276_/B2 (sky130_fd_sc_hd__o2bb2ai_1)
                  0.17    0.19    4.72 ^ _20276_/Y (sky130_fd_sc_hd__o2bb2ai_1)
     1    0.01                           _10392_ (net)
                  0.17    0.00    4.72 ^ _20277_/C (sky130_fd_sc_hd__nand3_1)
                  0.10    0.13    4.85 v _20277_/Y (sky130_fd_sc_hd__nand3_1)
     2    0.01                           _10394_ (net)
                  0.10    0.00    4.85 v _20278_/A (sky130_fd_sc_hd__clkbuf_2)
                  0.09    0.18    5.03 v _20278_/X (sky130_fd_sc_hd__clkbuf_2)
     5    0.02                           _10395_ (net)
                  0.09    0.00    5.03 v _20294_/A1 (sky130_fd_sc_hd__a21o_1)
                  0.07    0.21    5.24 v _20294_/X (sky130_fd_sc_hd__a21o_1)
     4    0.01                           _10412_ (net)
                  0.07    0.00    5.24 v _20298_/C (sky130_fd_sc_hd__nand3_1)
                  0.06    0.09    5.33 ^ _20298_/Y (sky130_fd_sc_hd__nand3_1)
     1    0.00                           _10417_ (net)
                  0.06    0.00    5.33 ^ _20301_/A (sky130_fd_sc_hd__nand3_1)
                  0.10    0.10    5.43 v _20301_/Y (sky130_fd_sc_hd__nand3_1)
     3    0.01                           _10420_ (net)
                  0.10    0.00    5.43 v _20302_/A (sky130_fd_sc_hd__dlymetal6s2s_1)
                  0.08    0.20    5.63 v _20302_/X (sky130_fd_sc_hd__dlymetal6s2s_1)
     5    0.01                           _10421_ (net)
                  0.08    0.00    5.63 v _21177_/C (sky130_fd_sc_hd__and3_1)
                  0.09    0.24    5.88 v _21177_/X (sky130_fd_sc_hd__and3_1)
     5    0.01                           _11383_ (net)
                  0.09    0.00    5.88 v _21178_/A2 (sky130_fd_sc_hd__o21ai_1)
                  0.15    0.16    6.04 ^ _21178_/Y (sky130_fd_sc_hd__o21ai_1)
     2    0.01                           _11384_ (net)
                  0.15    0.00    6.04 ^ _21179_/B1 (sky130_fd_sc_hd__o21ai_1)
                  0.08    0.12    6.16 v _21179_/Y (sky130_fd_sc_hd__o21ai_1)
     2    0.01                           _11385_ (net)
                  0.08    0.00    6.16 v _21200_/B1 (sky130_fd_sc_hd__a31oi_2)
                  0.22    0.23    6.38 ^ _21200_/Y (sky130_fd_sc_hd__a31oi_2)
     4    0.01                           _11408_ (net)
                  0.22    0.00    6.38 ^ _21201_/A (sky130_fd_sc_hd__nand2_1)
                  0.07    0.10    6.48 v _21201_/Y (sky130_fd_sc_hd__nand2_1)
     1    0.01                           _11409_ (net)
                  0.07    0.00    6.48 v _21202_/C (sky130_fd_sc_hd__nand3b_2)
                  0.11    0.12    6.60 ^ _21202_/Y (sky130_fd_sc_hd__nand3b_2)
     3    0.01                           _11410_ (net)
                  0.11    0.00    6.61 ^ _21205_/A2_N (sky130_fd_sc_hd__o2bb2ai_2)
                  0.23    0.16    6.77 ^ _21205_/Y (sky130_fd_sc_hd__o2bb2ai_2)
     3    0.02                           _11413_ (net)
                  0.23    0.00    6.77 ^ _21211_/B (sky130_fd_sc_hd__nand3_2)
                  0.12    0.16    6.93 v _21211_/Y (sky130_fd_sc_hd__nand3_2)
     3    0.02                           _11420_ (net)
                  0.12    0.00    6.93 v _21457_/A2 (sky130_fd_sc_hd__a31oi_4)
                  0.27    0.30    7.23 ^ _21457_/Y (sky130_fd_sc_hd__a31oi_4)
     2    0.03                           _11690_ (net)
                  0.27    0.00    7.23 ^ _22304_/A (sky130_fd_sc_hd__nand4_2)
                  0.14    0.17    7.40 v _22304_/Y (sky130_fd_sc_hd__nand4_2)
     2    0.01                           _12617_ (net)
                  0.14    0.00    7.40 v _22311_/A2 (sky130_fd_sc_hd__o211ai_4)
                  0.28    0.30    7.70 ^ _22311_/Y (sky130_fd_sc_hd__o211ai_4)
     3    0.03                           _12625_ (net)
                  0.28    0.00    7.70 ^ _22694_/A1 (sky130_fd_sc_hd__a31oi_4)
                  0.14    0.19    7.89 v _22694_/Y (sky130_fd_sc_hd__a31oi_4)
     4    0.03                           _00124_ (net)
                  0.14    0.00    7.89 v _22695_/C1 (sky130_fd_sc_hd__a211o_2)
                  0.10    0.36    8.26 v _22695_/X (sky130_fd_sc_hd__a211o_2)
     1    0.02                           _00125_ (net)
                  0.10    0.00    8.26 v _22698_/B1 (sky130_fd_sc_hd__a22o_1)
                  0.08    0.24    8.49 v _22698_/X (sky130_fd_sc_hd__a22o_1)
     1    0.01                           STAGE2.SR4.din_re[8] (net)
                  0.08    0.00    8.49 v _26189_/D (sky130_fd_sc_hd__dfrtp_1)
                                  8.49   data arrival time

                         20.00   20.00   clock clk (rise edge)
                          0.00   20.00   clock source latency
                  0.00    0.00   20.00 ^ clk (in)
     1    0.04                           clk (net)
                  0.01    0.01   20.01 ^ clkbuf_0_clk/A (sky130_fd_sc_hd__clkbuf_16)
                  0.04    0.11   20.12 ^ clkbuf_0_clk/X (sky130_fd_sc_hd__clkbuf_16)
     2    0.02                           clknet_0_clk (net)
                  0.04    0.00   20.12 ^ clkbuf_1_0_0_clk/A (sky130_fd_sc_hd__clkbuf_8)
                  0.03    0.11   20.23 ^ clkbuf_1_0_0_clk/X (sky130_fd_sc_hd__clkbuf_8)
     1    0.01                           clknet_1_0_0_clk (net)
                  0.03    0.00   20.23 ^ clkbuf_1_0_1_clk/A (sky130_fd_sc_hd__clkbuf_8)
                  0.24    0.26   20.49 ^ clkbuf_1_0_1_clk/X (sky130_fd_sc_hd__clkbuf_8)
    12    0.14                           clknet_1_0_1_clk (net)
                  0.24    0.00   20.50 ^ clkbuf_leaf_12_clk/A (sky130_fd_sc_hd__clkbuf_16)
                  0.05    0.20   20.70 ^ clkbuf_leaf_12_clk/X (sky130_fd_sc_hd__clkbuf_16)
    12    0.03                           clknet_leaf_12_clk (net)
                  0.05    0.00   20.70 ^ _26189_/CLK (sky130_fd_sc_hd__dfrtp_1)
                         -0.10   20.60   clock uncertainty
                          0.00   20.60   clock reconvergence pessimism
                         -0.13   20.47   library setup time
                                 20.47   data required time
-----------------------------------------------------------------------------
                                 20.47   data required time
                                 -8.49   data arrival time
-----------------------------------------------------------------------------
                                 11.98   slack (MET)


Startpoint: _26142_ (rising edge-triggered flip-flop clocked by clk)
Endpoint: _26192_ (rising edge-triggered flip-flop clocked by clk)
Path Group: clk
Path Type: max

Fanout     Cap    Slew   Delay    Time   Description
-----------------------------------------------------------------------------
                          0.00    0.00   clock clk (rise edge)
                          0.00    0.00   clock source latency
                  0.00    0.00    0.00 ^ clk (in)
     1    0.04                           clk (net)
                  0.01    0.01    0.01 ^ clkbuf_0_clk/A (sky130_fd_sc_hd__clkbuf_16)
                  0.04    0.11    0.12 ^ clkbuf_0_clk/X (sky130_fd_sc_hd__clkbuf_16)
     2    0.02                           clknet_0_clk (net)
                  0.04    0.00    0.12 ^ clkbuf_1_1_0_clk/A (sky130_fd_sc_hd__clkbuf_8)
                  0.03    0.11    0.23 ^ clkbuf_1_1_0_clk/X (sky130_fd_sc_hd__clkbuf_8)
     1    0.01                           clknet_1_1_0_clk (net)
                  0.03    0.00    0.23 ^ clkbuf_1_1_1_clk/A (sky130_fd_sc_hd__clkbuf_8)
                  0.28    0.30    0.53 ^ clkbuf_1_1_1_clk/X (sky130_fd_sc_hd__clkbuf_8)
    15    0.17                           clknet_1_1_1_clk (net)
                  0.28    0.00    0.53 ^ clkbuf_leaf_23_clk/A (sky130_fd_sc_hd__clkbuf_16)
                  0.05    0.21    0.74 ^ clkbuf_leaf_23_clk/X (sky130_fd_sc_hd__clkbuf_16)
     9    0.03                           clknet_leaf_23_clk (net)
                  0.05    0.00    0.74 ^ _26142_/CLK (sky130_fd_sc_hd__dfrtp_1)
                  0.06    0.38    1.13 v _26142_/Q (sky130_fd_sc_hd__dfrtp_1)
     2    0.01                           STAGE1.BUTTERFLY.a_im[2] (net)
                  0.06    0.00    1.13 v _13082_/A (sky130_fd_sc_hd__clkbuf_2)
                  0.07    0.15    1.28 v _13082_/X (sky130_fd_sc_hd__clkbuf_2)
     5    0.02                           _07006_ (net)
                  0.07    0.00    1.28 v _13083_/B (sky130_fd_sc_hd__and2_1)
                  0.08    0.21    1.49 v _13083_/X (sky130_fd_sc_hd__and2_1)
     5    0.01                           _07017_ (net)
                  0.08    0.00    1.49 v _19025_/B1 (sky130_fd_sc_hd__a21oi_1)
                  0.22    0.21    1.71 ^ _19025_/Y (sky130_fd_sc_hd__a21oi_1)
     2    0.01                           _09016_ (net)
                  0.22    0.00    1.71 ^ _19027_/A2 (sky130_fd_sc_hd__a21oi_2)
                  0.08    0.12    1.83 v _19027_/Y (sky130_fd_sc_hd__a21oi_2)
     3    0.01                           _09019_ (net)
                  0.08    0.00    1.83 v _19033_/A2 (sky130_fd_sc_hd__o211ai_4)
                  0.26    0.26    2.09 ^ _19033_/Y (sky130_fd_sc_hd__o211ai_4)
     5    0.03                           _09025_ (net)
                  0.26    0.00    2.09 ^ _19134_/A (sky130_fd_sc_hd__nand3_1)
                  0.16    0.19    2.28 v _19134_/Y (sky130_fd_sc_hd__nand3_1)
     2    0.01                           _09136_ (net)
                  0.16    0.00    2.28 v _19138_/A2 (sky130_fd_sc_hd__a21oi_2)
                  0.20    0.26    2.54 ^ _19138_/Y (sky130_fd_sc_hd__a21oi_2)
     2    0.01                           _09141_ (net)
                  0.20    0.00    2.54 ^ _19151_/A (sky130_fd_sc_hd__clkbuf_2)
                  0.15    0.22    2.77 ^ _19151_/X (sky130_fd_sc_hd__clkbuf_2)
     5    0.03                           _09155_ (net)
                  0.15    0.00    2.77 ^ _19868_/A1_N (sky130_fd_sc_hd__a2bb2oi_4)
                  0.25    0.27    3.04 ^ _19868_/Y (sky130_fd_sc_hd__a2bb2oi_4)
     4    0.03                           _09944_ (net)
                  0.25    0.00    3.04 ^ _19881_/A (sky130_fd_sc_hd__nand2_1)
                  0.13    0.17    3.21 v _19881_/Y (sky130_fd_sc_hd__nand2_1)
     3    0.01                           _09958_ (net)
                  0.13    0.00    3.21 v _20095_/A2 (sky130_fd_sc_hd__o21ai_4)
                  0.24    0.26    3.47 ^ _20095_/Y (sky130_fd_sc_hd__o21ai_4)
     3    0.03                           _10193_ (net)
                  0.24    0.00    3.47 ^ _20127_/B2 (sky130_fd_sc_hd__a2bb2oi_4)
                  0.10    0.12    3.59 v _20127_/Y (sky130_fd_sc_hd__a2bb2oi_4)
     2    0.02                           _10229_ (net)
                  0.10    0.00    3.59 v _20128_/A (sky130_fd_sc_hd__buf_2)
                  0.08    0.19    3.78 v _20128_/X (sky130_fd_sc_hd__buf_2)
     5    0.03                           _10230_ (net)
                  0.08    0.00    3.78 v _20993_/B2 (sky130_fd_sc_hd__o22ai_4)
                  0.28    0.22    4.00 ^ _20993_/Y (sky130_fd_sc_hd__o22ai_4)
     5    0.03                           _11180_ (net)
                  0.28    0.00    4.00 ^ _21327_/A (sky130_fd_sc_hd__clkbuf_2)
                  0.11    0.22    4.22 ^ _21327_/X (sky130_fd_sc_hd__clkbuf_2)
     5    0.02                           _11547_ (net)
                  0.11    0.00    4.22 ^ _21738_/A (sky130_fd_sc_hd__clkbuf_2)
                  0.14    0.20    4.42 ^ _21738_/X (sky130_fd_sc_hd__clkbuf_2)
     5    0.03                           _11997_ (net)
                  0.14    0.00    4.42 ^ _21763_/A (sky130_fd_sc_hd__clkbuf_4)
                  0.15    0.25    4.67 ^ _21763_/X (sky130_fd_sc_hd__clkbuf_4)
     5    0.05                           _12024_ (net)
                  0.15    0.00    4.67 ^ _22321_/A (sky130_fd_sc_hd__dlymetal6s2s_1)
                  0.19    0.22    4.89 ^ _22321_/X (sky130_fd_sc_hd__dlymetal6s2s_1)
     5    0.02                           _12635_ (net)
                  0.19    0.00    4.89 ^ _22355_/A (sky130_fd_sc_hd__buf_2)
                  0.16    0.24    5.12 ^ _22355_/X (sky130_fd_sc_hd__buf_2)
     5    0.03                           _12672_ (net)
                  0.16    0.00    5.12 ^ _22362_/A4 (sky130_fd_sc_hd__a41oi_4)
                  0.12    0.15    5.27 v _22362_/Y (sky130_fd_sc_hd__a41oi_4)
     2    0.01                           _12680_ (net)
                  0.12    0.00    5.27 v _22585_/A1 (sky130_fd_sc_hd__a21oi_2)
                  0.22    0.25    5.52 ^ _22585_/Y (sky130_fd_sc_hd__a21oi_2)
     5    0.02                           _12924_ (net)
                  0.22    0.00    5.52 ^ _22769_/B (sky130_fd_sc_hd__nand2_1)
                  0.08    0.12    5.64 v _22769_/Y (sky130_fd_sc_hd__nand2_1)
     2    0.01                           _00206_ (net)
                  0.08    0.00    5.64 v _22786_/A2 (sky130_fd_sc_hd__a21o_1)
                  0.04    0.20    5.84 v _22786_/X (sky130_fd_sc_hd__a21o_1)
     2    0.00                           _00224_ (net)
                  0.04    0.00    5.84 v _22787_/A (sky130_fd_sc_hd__dlymetal6s2s_1)
                  0.08    0.18    6.01 v _22787_/X (sky130_fd_sc_hd__dlymetal6s2s_1)
     5    0.01                           _00226_ (net)
                  0.08    0.00    6.01 v _22790_/B1 (sky130_fd_sc_hd__a221oi_2)
                  0.26    0.29    6.31 ^ _22790_/Y (sky130_fd_sc_hd__a221oi_2)
     2    0.01                           _00229_ (net)
                  0.26    0.00    6.31 ^ _22793_/B1 (sky130_fd_sc_hd__o2bb2ai_2)
                  0.10    0.15    6.45 v _22793_/Y (sky130_fd_sc_hd__o2bb2ai_2)
     5    0.02                           _00232_ (net)
                  0.10    0.00    6.45 v _22816_/A1 (sky130_fd_sc_hd__a21oi_2)
                  0.26    0.27    6.73 ^ _22816_/Y (sky130_fd_sc_hd__a21oi_2)
     3    0.02                           _00257_ (net)
                  0.26    0.00    6.73 ^ _22818_/A (sky130_fd_sc_hd__nor2_2)
                  0.09    0.12    6.85 v _22818_/Y (sky130_fd_sc_hd__nor2_2)
     4    0.02                           _00260_ (net)
                  0.09    0.00    6.85 v _22833_/A (sky130_fd_sc_hd__nor3_1)
                  0.29    0.30    7.15 ^ _22833_/Y (sky130_fd_sc_hd__nor3_1)
     2    0.01                           _00276_ (net)
                  0.29    0.00    7.15 ^ _22834_/B2 (sky130_fd_sc_hd__o22ai_2)
                  0.10    0.13    7.28 v _22834_/Y (sky130_fd_sc_hd__o22ai_2)
     1    0.01                           _00277_ (net)
                  0.10    0.00    7.28 v _22836_/A1 (sky130_fd_sc_hd__a21oi_4)
                  0.21    0.22    7.51 ^ _22836_/Y (sky130_fd_sc_hd__a21oi_4)
     3    0.02                           _00279_ (net)
                  0.21    0.00    7.51 ^ _22852_/A3 (sky130_fd_sc_hd__o31a_1)
                  0.12    0.20    7.71 ^ _22852_/X (sky130_fd_sc_hd__o31a_1)
     2    0.01                           _00296_ (net)
                  0.12    0.00    7.71 ^ _22853_/B1 (sky130_fd_sc_hd__o21a_1)
                  0.07    0.15    7.86 ^ _22853_/X (sky130_fd_sc_hd__o21a_1)
     2    0.01                           _00297_ (net)
                  0.07    0.00    7.86 ^ _22958_/A2 (sky130_fd_sc_hd__a21oi_1)
                  0.08    0.08    7.94 v _22958_/Y (sky130_fd_sc_hd__a21oi_1)
     2    0.01                           _00413_ (net)
                  0.08    0.00    7.94 v _23019_/A2 (sky130_fd_sc_hd__o21bai_1)
                  0.15    0.16    8.10 ^ _23019_/Y (sky130_fd_sc_hd__o21bai_1)
     1    0.01                           _00479_ (net)
                  0.15    0.00    8.10 ^ _23025_/A (sky130_fd_sc_hd__nand2_2)
                  0.11    0.13    8.22 v _23025_/Y (sky130_fd_sc_hd__nand2_2)
     1    0.02                           _00485_ (net)
                  0.11    0.00    8.23 v _23028_/A1 (sky130_fd_sc_hd__a21o_1)
                  0.05    0.20    8.42 v _23028_/X (sky130_fd_sc_hd__a21o_1)
     1    0.01                           STAGE2.SR4.din_re[11] (net)
                  0.05    0.00    8.42 v _26192_/D (sky130_fd_sc_hd__dfrtp_1)
                                  8.42   data arrival time

                         20.00   20.00   clock clk (rise edge)
                          0.00   20.00   clock source latency
                  0.00    0.00   20.00 ^ clk (in)
     1    0.04                           clk (net)
                  0.01    0.01   20.01 ^ clkbuf_0_clk/A (sky130_fd_sc_hd__clkbuf_16)
                  0.04    0.11   20.12 ^ clkbuf_0_clk/X (sky130_fd_sc_hd__clkbuf_16)
     2    0.02                           clknet_0_clk (net)
                  0.04    0.00   20.12 ^ clkbuf_1_0_0_clk/A (sky130_fd_sc_hd__clkbuf_8)
                  0.03    0.11   20.23 ^ clkbuf_1_0_0_clk/X (sky130_fd_sc_hd__clkbuf_8)
     1    0.01                           clknet_1_0_0_clk (net)
                  0.03    0.00   20.23 ^ clkbuf_1_0_1_clk/A (sky130_fd_sc_hd__clkbuf_8)
                  0.24    0.26   20.49 ^ clkbuf_1_0_1_clk/X (sky130_fd_sc_hd__clkbuf_8)
    12    0.14                           clknet_1_0_1_clk (net)
                  0.24    0.00   20.50 ^ clkbuf_leaf_12_clk/A (sky130_fd_sc_hd__clkbuf_16)
                  0.05    0.20   20.70 ^ clkbuf_leaf_12_clk/X (sky130_fd_sc_hd__clkbuf_16)
    12    0.03                           clknet_leaf_12_clk (net)
                  0.05    0.00   20.70 ^ _26192_/CLK (sky130_fd_sc_hd__dfrtp_1)
                         -0.10   20.60   clock uncertainty
                          0.00   20.60   clock reconvergence pessimism
                         -0.11   20.48   library setup time
                                 20.48   data required time
-----------------------------------------------------------------------------
                                 20.48   data required time
                                 -8.42   data arrival time
-----------------------------------------------------------------------------
                                 12.06   slack (MET)


Startpoint: _26142_ (rising edge-triggered flip-flop clocked by clk)
Endpoint: _26191_ (rising edge-triggered flip-flop clocked by clk)
Path Group: clk
Path Type: max

Fanout     Cap    Slew   Delay    Time   Description
-----------------------------------------------------------------------------
                          0.00    0.00   clock clk (rise edge)
                          0.00    0.00   clock source latency
                  0.00    0.00    0.00 ^ clk (in)
     1    0.04                           clk (net)
                  0.01    0.01    0.01 ^ clkbuf_0_clk/A (sky130_fd_sc_hd__clkbuf_16)
                  0.04    0.11    0.12 ^ clkbuf_0_clk/X (sky130_fd_sc_hd__clkbuf_16)
     2    0.02                           clknet_0_clk (net)
                  0.04    0.00    0.12 ^ clkbuf_1_1_0_clk/A (sky130_fd_sc_hd__clkbuf_8)
                  0.03    0.11    0.23 ^ clkbuf_1_1_0_clk/X (sky130_fd_sc_hd__clkbuf_8)
     1    0.01                           clknet_1_1_0_clk (net)
                  0.03    0.00    0.23 ^ clkbuf_1_1_1_clk/A (sky130_fd_sc_hd__clkbuf_8)
                  0.28    0.30    0.53 ^ clkbuf_1_1_1_clk/X (sky130_fd_sc_hd__clkbuf_8)
    15    0.17                           clknet_1_1_1_clk (net)
                  0.28    0.00    0.53 ^ clkbuf_leaf_23_clk/A (sky130_fd_sc_hd__clkbuf_16)
                  0.05    0.21    0.74 ^ clkbuf_leaf_23_clk/X (sky130_fd_sc_hd__clkbuf_16)
     9    0.03                           clknet_leaf_23_clk (net)
                  0.05    0.00    0.74 ^ _26142_/CLK (sky130_fd_sc_hd__dfrtp_1)
                  0.06    0.38    1.13 v _26142_/Q (sky130_fd_sc_hd__dfrtp_1)
     2    0.01                           STAGE1.BUTTERFLY.a_im[2] (net)
                  0.06    0.00    1.13 v _13082_/A (sky130_fd_sc_hd__clkbuf_2)
                  0.07    0.15    1.28 v _13082_/X (sky130_fd_sc_hd__clkbuf_2)
     5    0.02                           _07006_ (net)
                  0.07    0.00    1.28 v _13083_/B (sky130_fd_sc_hd__and2_1)
                  0.08    0.21    1.49 v _13083_/X (sky130_fd_sc_hd__and2_1)
     5    0.01                           _07017_ (net)
                  0.08    0.00    1.49 v _19025_/B1 (sky130_fd_sc_hd__a21oi_1)
                  0.22    0.21    1.71 ^ _19025_/Y (sky130_fd_sc_hd__a21oi_1)
     2    0.01                           _09016_ (net)
                  0.22    0.00    1.71 ^ _19027_/A2 (sky130_fd_sc_hd__a21oi_2)
                  0.08    0.12    1.83 v _19027_/Y (sky130_fd_sc_hd__a21oi_2)
     3    0.01                           _09019_ (net)
                  0.08    0.00    1.83 v _19033_/A2 (sky130_fd_sc_hd__o211ai_4)
                  0.26    0.26    2.09 ^ _19033_/Y (sky130_fd_sc_hd__o211ai_4)
     5    0.03                           _09025_ (net)
                  0.26    0.00    2.09 ^ _19134_/A (sky130_fd_sc_hd__nand3_1)
                  0.16    0.19    2.28 v _19134_/Y (sky130_fd_sc_hd__nand3_1)
     2    0.01                           _09136_ (net)
                  0.16    0.00    2.28 v _19138_/A2 (sky130_fd_sc_hd__a21oi_2)
                  0.20    0.26    2.54 ^ _19138_/Y (sky130_fd_sc_hd__a21oi_2)
     2    0.01                           _09141_ (net)
                  0.20    0.00    2.54 ^ _19151_/A (sky130_fd_sc_hd__clkbuf_2)
                  0.15    0.22    2.77 ^ _19151_/X (sky130_fd_sc_hd__clkbuf_2)
     5    0.03                           _09155_ (net)
                  0.15    0.00    2.77 ^ _19868_/A1_N (sky130_fd_sc_hd__a2bb2oi_4)
                  0.25    0.27    3.04 ^ _19868_/Y (sky130_fd_sc_hd__a2bb2oi_4)
     4    0.03                           _09944_ (net)
                  0.25    0.00    3.04 ^ _19881_/A (sky130_fd_sc_hd__nand2_1)
                  0.13    0.17    3.21 v _19881_/Y (sky130_fd_sc_hd__nand2_1)
     3    0.01                           _09958_ (net)
                  0.13    0.00    3.21 v _20095_/A2 (sky130_fd_sc_hd__o21ai_4)
                  0.24    0.26    3.47 ^ _20095_/Y (sky130_fd_sc_hd__o21ai_4)
     3    0.03                           _10193_ (net)
                  0.24    0.00    3.47 ^ _20127_/B2 (sky130_fd_sc_hd__a2bb2oi_4)
                  0.10    0.12    3.59 v _20127_/Y (sky130_fd_sc_hd__a2bb2oi_4)
     2    0.02                           _10229_ (net)
                  0.10    0.00    3.59 v _20128_/A (sky130_fd_sc_hd__buf_2)
                  0.08    0.19    3.78 v _20128_/X (sky130_fd_sc_hd__buf_2)
     5    0.03                           _10230_ (net)
                  0.08    0.00    3.78 v _20993_/B2 (sky130_fd_sc_hd__o22ai_4)
                  0.28    0.22    4.00 ^ _20993_/Y (sky130_fd_sc_hd__o22ai_4)
     5    0.03                           _11180_ (net)
                  0.28    0.00    4.00 ^ _21327_/A (sky130_fd_sc_hd__clkbuf_2)
                  0.11    0.22    4.22 ^ _21327_/X (sky130_fd_sc_hd__clkbuf_2)
     5    0.02                           _11547_ (net)
                  0.11    0.00    4.22 ^ _21738_/A (sky130_fd_sc_hd__clkbuf_2)
                  0.14    0.20    4.42 ^ _21738_/X (sky130_fd_sc_hd__clkbuf_2)
     5    0.03                           _11997_ (net)
                  0.14    0.00    4.42 ^ _21763_/A (sky130_fd_sc_hd__clkbuf_4)
                  0.15    0.25    4.67 ^ _21763_/X (sky130_fd_sc_hd__clkbuf_4)
     5    0.05                           _12024_ (net)
                  0.15    0.00    4.67 ^ _22321_/A (sky130_fd_sc_hd__dlymetal6s2s_1)
                  0.19    0.22    4.89 ^ _22321_/X (sky130_fd_sc_hd__dlymetal6s2s_1)
     5    0.02                           _12635_ (net)
                  0.19    0.00    4.89 ^ _22355_/A (sky130_fd_sc_hd__buf_2)
                  0.16    0.24    5.12 ^ _22355_/X (sky130_fd_sc_hd__buf_2)
     5    0.03                           _12672_ (net)
                  0.16    0.00    5.12 ^ _22362_/A4 (sky130_fd_sc_hd__a41oi_4)
                  0.12    0.15    5.27 v _22362_/Y (sky130_fd_sc_hd__a41oi_4)
     2    0.01                           _12680_ (net)
                  0.12    0.00    5.27 v _22585_/A1 (sky130_fd_sc_hd__a21oi_2)
                  0.22    0.25    5.52 ^ _22585_/Y (sky130_fd_sc_hd__a21oi_2)
     5    0.02                           _12924_ (net)
                  0.22    0.00    5.52 ^ _22769_/B (sky130_fd_sc_hd__nand2_1)
                  0.08    0.12    5.64 v _22769_/Y (sky130_fd_sc_hd__nand2_1)
     2    0.01                           _00206_ (net)
                  0.08    0.00    5.64 v _22786_/A2 (sky130_fd_sc_hd__a21o_1)
                  0.04    0.20    5.84 v _22786_/X (sky130_fd_sc_hd__a21o_1)
     2    0.00                           _00224_ (net)
                  0.04    0.00    5.84 v _22787_/A (sky130_fd_sc_hd__dlymetal6s2s_1)
                  0.08    0.18    6.01 v _22787_/X (sky130_fd_sc_hd__dlymetal6s2s_1)
     5    0.01                           _00226_ (net)
                  0.08    0.00    6.01 v _22790_/B1 (sky130_fd_sc_hd__a221oi_2)
                  0.26    0.29    6.31 ^ _22790_/Y (sky130_fd_sc_hd__a221oi_2)
     2    0.01                           _00229_ (net)
                  0.26    0.00    6.31 ^ _22793_/B1 (sky130_fd_sc_hd__o2bb2ai_2)
                  0.10    0.15    6.45 v _22793_/Y (sky130_fd_sc_hd__o2bb2ai_2)
     5    0.02                           _00232_ (net)
                  0.10    0.00    6.45 v _22801_/A (sky130_fd_sc_hd__nand3_2)
                  0.10    0.12    6.57 ^ _22801_/Y (sky130_fd_sc_hd__nand3_2)
     4    0.01                           _00241_ (net)
                  0.10    0.00    6.57 ^ _22817_/A (sky130_fd_sc_hd__nand2_1)
                  0.10    0.11    6.68 v _22817_/Y (sky130_fd_sc_hd__nand2_1)
     2    0.01                           _00259_ (net)
                  0.10    0.00    6.68 v _22818_/B (sky130_fd_sc_hd__nor2_2)
                  0.25    0.23    6.92 ^ _22818_/Y (sky130_fd_sc_hd__nor2_2)
     4    0.02                           _00260_ (net)
                  0.25    0.00    6.92 ^ _22819_/B2 (sky130_fd_sc_hd__o22ai_4)
                  0.09    0.12    7.04 v _22819_/Y (sky130_fd_sc_hd__o22ai_4)
     3    0.02                           _00261_ (net)
                  0.09    0.00    7.04 v _22825_/A1 (sky130_fd_sc_hd__a21oi_1)
                  0.24    0.23    7.27 ^ _22825_/Y (sky130_fd_sc_hd__a21oi_1)
     1    0.01                           _00267_ (net)
                  0.24    0.00    7.27 ^ _22826_/B1 (sky130_fd_sc_hd__a21oi_4)
                  0.10    0.08    7.35 v _22826_/Y (sky130_fd_sc_hd__a21oi_4)
     3    0.02                           _00268_ (net)
                  0.10    0.00    7.36 v _22837_/A1 (sky130_fd_sc_hd__a21oi_2)
                  0.21    0.24    7.59 ^ _22837_/Y (sky130_fd_sc_hd__a21oi_2)
     4    0.02                           _00281_ (net)
                  0.21    0.00    7.60 ^ _22847_/D (sky130_fd_sc_hd__nand4_1)
                  0.08    0.11    7.71 v _22847_/Y (sky130_fd_sc_hd__nand4_1)
     1    0.00                           _00291_ (net)
                  0.08    0.00    7.71 v _22848_/B1_N (sky130_fd_sc_hd__o21bai_1)
                  0.07    0.19    7.89 v _22848_/Y (sky130_fd_sc_hd__o21bai_1)
     2    0.01                           _00292_ (net)
                  0.07    0.00    7.89 v _22958_/A1 (sky130_fd_sc_hd__a21oi_1)
                  0.16    0.17    8.06 ^ _22958_/Y (sky130_fd_sc_hd__a21oi_1)
     2    0.01                           _00413_ (net)
                  0.16    0.00    8.06 ^ _22960_/A1_N (sky130_fd_sc_hd__a2bb2o_2)
                  0.10    0.36    8.42 v _22960_/X (sky130_fd_sc_hd__a2bb2o_2)
     1    0.03                           STAGE2.SR4.din_re[10] (net)
                  0.10    0.00    8.43 v _26191_/D (sky130_fd_sc_hd__dfrtp_1)
                                  8.43   data arrival time

                         20.00   20.00   clock clk (rise edge)
                          0.00   20.00   clock source latency
                  0.00    0.00   20.00 ^ clk (in)
     1    0.04                           clk (net)
                  0.01    0.01   20.01 ^ clkbuf_0_clk/A (sky130_fd_sc_hd__clkbuf_16)
                  0.04    0.11   20.12 ^ clkbuf_0_clk/X (sky130_fd_sc_hd__clkbuf_16)
     2    0.02                           clknet_0_clk (net)
                  0.04    0.00   20.12 ^ clkbuf_1_0_0_clk/A (sky130_fd_sc_hd__clkbuf_8)
                  0.03    0.11   20.23 ^ clkbuf_1_0_0_clk/X (sky130_fd_sc_hd__clkbuf_8)
     1    0.01                           clknet_1_0_0_clk (net)
                  0.03    0.00   20.23 ^ clkbuf_1_0_1_clk/A (sky130_fd_sc_hd__clkbuf_8)
                  0.24    0.26   20.49 ^ clkbuf_1_0_1_clk/X (sky130_fd_sc_hd__clkbuf_8)
    12    0.14                           clknet_1_0_1_clk (net)
                  0.24    0.00   20.50 ^ clkbuf_leaf_8_clk/A (sky130_fd_sc_hd__clkbuf_16)
                  0.09    0.23   20.72 ^ clkbuf_leaf_8_clk/X (sky130_fd_sc_hd__clkbuf_16)
    25    0.07                           clknet_leaf_8_clk (net)
                  0.09    0.00   20.72 ^ _26191_/CLK (sky130_fd_sc_hd__dfrtp_1)
                         -0.10   20.62   clock uncertainty
                          0.00   20.62   clock reconvergence pessimism
                         -0.13   20.49   library setup time
                                 20.49   data required time
-----------------------------------------------------------------------------
                                 20.49   data required time
                                 -8.43   data arrival time
-----------------------------------------------------------------------------
                                 12.07   slack (MET)


Startpoint: _26169_ (rising edge-triggered flip-flop clocked by clk)
Endpoint: _26190_ (rising edge-triggered flip-flop clocked by clk)
Path Group: clk
Path Type: max

Fanout     Cap    Slew   Delay    Time   Description
-----------------------------------------------------------------------------
                          0.00    0.00   clock clk (rise edge)
                          0.00    0.00   clock source latency
                  0.00    0.00    0.00 ^ clk (in)
     1    0.04                           clk (net)
                  0.01    0.01    0.01 ^ clkbuf_0_clk/A (sky130_fd_sc_hd__clkbuf_16)
                  0.04    0.11    0.12 ^ clkbuf_0_clk/X (sky130_fd_sc_hd__clkbuf_16)
     2    0.02                           clknet_0_clk (net)
                  0.04    0.00    0.12 ^ clkbuf_1_1_0_clk/A (sky130_fd_sc_hd__clkbuf_8)
                  0.03    0.11    0.23 ^ clkbuf_1_1_0_clk/X (sky130_fd_sc_hd__clkbuf_8)
     1    0.01                           clknet_1_1_0_clk (net)
                  0.03    0.00    0.23 ^ clkbuf_1_1_1_clk/A (sky130_fd_sc_hd__clkbuf_8)
                  0.28    0.30    0.53 ^ clkbuf_1_1_1_clk/X (sky130_fd_sc_hd__clkbuf_8)
    15    0.17                           clknet_1_1_1_clk (net)
                  0.28    0.00    0.53 ^ clkbuf_leaf_16_clk/A (sky130_fd_sc_hd__clkbuf_16)
                  0.05    0.21    0.74 ^ clkbuf_leaf_16_clk/X (sky130_fd_sc_hd__clkbuf_16)
     7    0.02                           clknet_leaf_16_clk (net)
                  0.05    0.00    0.74 ^ _26169_/CLK (sky130_fd_sc_hd__dfrtp_1)
                  0.12    0.38    1.12 ^ _26169_/Q (sky130_fd_sc_hd__dfrtp_1)
     2    0.01                           STAGE1.BUTTERFLY.b_re[1] (net)
                  0.12    0.00    1.12 ^ _13005_/A (sky130_fd_sc_hd__clkbuf_2)
                  0.13    0.20    1.31 ^ _13005_/X (sky130_fd_sc_hd__clkbuf_2)
     5    0.02                           _06161_ (net)
                  0.13    0.00    1.31 ^ _19277_/B1 (sky130_fd_sc_hd__o22ai_4)
                  0.07    0.11    1.42 v _19277_/Y (sky130_fd_sc_hd__o22ai_4)
     3    0.02                           _09294_ (net)
                  0.07    0.00    1.42 v _19279_/A1 (sky130_fd_sc_hd__o211ai_4)
                  0.20    0.23    1.65 ^ _19279_/Y (sky130_fd_sc_hd__o211ai_4)
     2    0.02                           _09296_ (net)
                  0.20    0.00    1.65 ^ _19280_/A (sky130_fd_sc_hd__clkbuf_4)
                  0.13    0.25    1.90 ^ _19280_/X (sky130_fd_sc_hd__clkbuf_4)
     5    0.04                           _09297_ (net)
                  0.13    0.00    1.90 ^ _19282_/A (sky130_fd_sc_hd__nand2_2)
                  0.13    0.12    2.02 v _19282_/Y (sky130_fd_sc_hd__nand2_2)
     4    0.02                           _09299_ (net)
                  0.13    0.00    2.02 v _19284_/A (sky130_fd_sc_hd__nand2_2)
                  0.11    0.14    2.16 ^ _19284_/Y (sky130_fd_sc_hd__nand2_2)
     2    0.02                           _09301_ (net)
                  0.11    0.00    2.16 ^ _19285_/C1 (sky130_fd_sc_hd__o211ai_4)
                  0.09    0.11    2.27 v _19285_/Y (sky130_fd_sc_hd__o211ai_4)
     3    0.02                           _09302_ (net)
                  0.09    0.00    2.27 v _19288_/A1 (sky130_fd_sc_hd__a21oi_2)
                  0.27    0.27    2.54 ^ _19288_/Y (sky130_fd_sc_hd__a21oi_2)
     3    0.02                           _09306_ (net)
                  0.27    0.00    2.54 ^ _19301_/A (sky130_fd_sc_hd__nand2_2)
                  0.13    0.16    2.70 v _19301_/Y (sky130_fd_sc_hd__nand2_2)
     4    0.02                           _09320_ (net)
                  0.13    0.00    2.70 v _19365_/A (sky130_fd_sc_hd__and3_1)
                  0.04    0.18    2.88 v _19365_/X (sky130_fd_sc_hd__and3_1)
     1    0.00                           _09390_ (net)
                  0.04    0.00    2.88 v _19366_/A (sky130_fd_sc_hd__clkbuf_4)
                  0.09    0.19    3.07 v _19366_/X (sky130_fd_sc_hd__clkbuf_4)
     5    0.04                           _09391_ (net)
                  0.09    0.00    3.07 v _19441_/A1_N (sky130_fd_sc_hd__o2bb2ai_4)
                  0.10    0.19    3.26 v _19441_/Y (sky130_fd_sc_hd__o2bb2ai_4)
     4    0.03                           _09474_ (net)
                  0.10    0.00    3.26 v _20245_/A1 (sky130_fd_sc_hd__o21ai_4)
                  0.26    0.28    3.54 ^ _20245_/Y (sky130_fd_sc_hd__o21ai_4)
     4    0.03                           _10358_ (net)
                  0.26    0.00    3.54 ^ _20271_/A2_N (sky130_fd_sc_hd__o2bb2ai_4)
                  0.22    0.19    3.73 ^ _20271_/Y (sky130_fd_sc_hd__o2bb2ai_4)
     3    0.03                           _10387_ (net)
                  0.22    0.00    3.73 ^ _20272_/A (sky130_fd_sc_hd__buf_2)
                  0.17    0.26    3.99 ^ _20272_/X (sky130_fd_sc_hd__buf_2)
     5    0.04                           _10388_ (net)
                  0.17    0.00    3.99 ^ _20273_/B1 (sky130_fd_sc_hd__o21ai_4)
                  0.09    0.12    4.10 v _20273_/Y (sky130_fd_sc_hd__o21ai_4)
     3    0.02                           _10389_ (net)
                  0.09    0.00    4.11 v _20274_/A (sky130_fd_sc_hd__clkbuf_4)
                  0.09    0.21    4.31 v _20274_/X (sky130_fd_sc_hd__clkbuf_4)
     5    0.04                           _10390_ (net)
                  0.09    0.00    4.32 v _20275_/A (sky130_fd_sc_hd__clkbuf_4)
                  0.09    0.21    4.53 v _20275_/X (sky130_fd_sc_hd__clkbuf_4)
     5    0.04                           _10391_ (net)
                  0.09    0.00    4.53 v _20276_/B2 (sky130_fd_sc_hd__o2bb2ai_1)
                  0.17    0.19    4.72 ^ _20276_/Y (sky130_fd_sc_hd__o2bb2ai_1)
     1    0.01                           _10392_ (net)
                  0.17    0.00    4.72 ^ _20277_/C (sky130_fd_sc_hd__nand3_1)
                  0.10    0.13    4.85 v _20277_/Y (sky130_fd_sc_hd__nand3_1)
     2    0.01                           _10394_ (net)
                  0.10    0.00    4.85 v _20278_/A (sky130_fd_sc_hd__clkbuf_2)
                  0.09    0.18    5.03 v _20278_/X (sky130_fd_sc_hd__clkbuf_2)
     5    0.02                           _10395_ (net)
                  0.09    0.00    5.03 v _20294_/A1 (sky130_fd_sc_hd__a21o_1)
                  0.07    0.21    5.24 v _20294_/X (sky130_fd_sc_hd__a21o_1)
     4    0.01                           _10412_ (net)
                  0.07    0.00    5.24 v _20298_/C (sky130_fd_sc_hd__nand3_1)
                  0.06    0.09    5.33 ^ _20298_/Y (sky130_fd_sc_hd__nand3_1)
     1    0.00                           _10417_ (net)
                  0.06    0.00    5.33 ^ _20301_/A (sky130_fd_sc_hd__nand3_1)
                  0.10    0.10    5.43 v _20301_/Y (sky130_fd_sc_hd__nand3_1)
     3    0.01                           _10420_ (net)
                  0.10    0.00    5.43 v _20302_/A (sky130_fd_sc_hd__dlymetal6s2s_1)
                  0.08    0.20    5.63 v _20302_/X (sky130_fd_sc_hd__dlymetal6s2s_1)
     5    0.01                           _10421_ (net)
                  0.08    0.00    5.63 v _21177_/C (sky130_fd_sc_hd__and3_1)
                  0.09    0.24    5.88 v _21177_/X (sky130_fd_sc_hd__and3_1)
     5    0.01                           _11383_ (net)
                  0.09    0.00    5.88 v _21178_/A2 (sky130_fd_sc_hd__o21ai_1)
                  0.15    0.16    6.04 ^ _21178_/Y (sky130_fd_sc_hd__o21ai_1)
     2    0.01                           _11384_ (net)
                  0.15    0.00    6.04 ^ _21179_/B1 (sky130_fd_sc_hd__o21ai_1)
                  0.08    0.12    6.16 v _21179_/Y (sky130_fd_sc_hd__o21ai_1)
     2    0.01                           _11385_ (net)
                  0.08    0.00    6.16 v _21200_/B1 (sky130_fd_sc_hd__a31oi_2)
                  0.22    0.23    6.38 ^ _21200_/Y (sky130_fd_sc_hd__a31oi_2)
     4    0.01                           _11408_ (net)
                  0.22    0.00    6.38 ^ _21201_/A (sky130_fd_sc_hd__nand2_1)
                  0.07    0.10    6.48 v _21201_/Y (sky130_fd_sc_hd__nand2_1)
     1    0.01                           _11409_ (net)
                  0.07    0.00    6.48 v _21202_/C (sky130_fd_sc_hd__nand3b_2)
                  0.11    0.12    6.60 ^ _21202_/Y (sky130_fd_sc_hd__nand3b_2)
     3    0.01                           _11410_ (net)
                  0.11    0.00    6.61 ^ _21205_/A2_N (sky130_fd_sc_hd__o2bb2ai_2)
                  0.23    0.16    6.77 ^ _21205_/Y (sky130_fd_sc_hd__o2bb2ai_2)
     3    0.02                           _11413_ (net)
                  0.23    0.00    6.77 ^ _21211_/B (sky130_fd_sc_hd__nand3_2)
                  0.12    0.16    6.93 v _21211_/Y (sky130_fd_sc_hd__nand3_2)
     3    0.02                           _11420_ (net)
                  0.12    0.00    6.93 v _21457_/A2 (sky130_fd_sc_hd__a31oi_4)
                  0.27    0.30    7.23 ^ _21457_/Y (sky130_fd_sc_hd__a31oi_4)
     2    0.03                           _11690_ (net)
                  0.27    0.00    7.23 ^ _22304_/A (sky130_fd_sc_hd__nand4_2)
                  0.14    0.17    7.40 v _22304_/Y (sky130_fd_sc_hd__nand4_2)
     2    0.01                           _12617_ (net)
                  0.14    0.00    7.40 v _22311_/A2 (sky130_fd_sc_hd__o211ai_4)
                  0.28    0.30    7.70 ^ _22311_/Y (sky130_fd_sc_hd__o211ai_4)
     3    0.03                           _12625_ (net)
                  0.28    0.00    7.70 ^ _22694_/A1 (sky130_fd_sc_hd__a31oi_4)
                  0.14    0.19    7.89 v _22694_/Y (sky130_fd_sc_hd__a31oi_4)
     4    0.03                           _00124_ (net)
                  0.14    0.00    7.89 v _22701_/B2 (sky130_fd_sc_hd__o22ai_1)
                  0.13    0.14    8.03 ^ _22701_/Y (sky130_fd_sc_hd__o22ai_1)
     1    0.00                           _00131_ (net)
                  0.13    0.00    8.03 ^ _22838_/A (sky130_fd_sc_hd__nand2_1)
                  0.09    0.11    8.14 v _22838_/Y (sky130_fd_sc_hd__nand2_1)
     1    0.01                           _00282_ (net)
                  0.09    0.00    8.14 v _22842_/A (sky130_fd_sc_hd__nand3_4)
                  0.11    0.11    8.25 ^ _22842_/Y (sky130_fd_sc_hd__nand3_4)
     1    0.03                           _00286_ (net)
                  0.11    0.00    8.25 ^ _22843_/B1 (sky130_fd_sc_hd__o21ai_2)
                  0.07    0.09    8.35 v _22843_/Y (sky130_fd_sc_hd__o21ai_2)
     1    0.01                           STAGE2.SR4.din_re[9] (net)
                  0.07    0.00    8.35 v _26190_/D (sky130_fd_sc_hd__dfrtp_1)
                                  8.35   data arrival time

                         20.00   20.00   clock clk (rise edge)
                          0.00   20.00   clock source latency
                  0.00    0.00   20.00 ^ clk (in)
     1    0.04                           clk (net)
                  0.01    0.01   20.01 ^ clkbuf_0_clk/A (sky130_fd_sc_hd__clkbuf_16)
                  0.04    0.11   20.12 ^ clkbuf_0_clk/X (sky130_fd_sc_hd__clkbuf_16)
     2    0.02                           clknet_0_clk (net)
                  0.04    0.00   20.12 ^ clkbuf_1_0_0_clk/A (sky130_fd_sc_hd__clkbuf_8)
                  0.03    0.11   20.23 ^ clkbuf_1_0_0_clk/X (sky130_fd_sc_hd__clkbuf_8)
     1    0.01                           clknet_1_0_0_clk (net)
                  0.03    0.00   20.23 ^ clkbuf_1_0_1_clk/A (sky130_fd_sc_hd__clkbuf_8)
                  0.24    0.26   20.49 ^ clkbuf_1_0_1_clk/X (sky130_fd_sc_hd__clkbuf_8)
    12    0.14                           clknet_1_0_1_clk (net)
                  0.24    0.00   20.50 ^ clkbuf_leaf_9_clk/A (sky130_fd_sc_hd__clkbuf_16)
                  0.09    0.23   20.72 ^ clkbuf_leaf_9_clk/X (sky130_fd_sc_hd__clkbuf_16)
    25    0.07                           clknet_leaf_9_clk (net)
                  0.09    0.00   20.72 ^ _26190_/CLK (sky130_fd_sc_hd__dfrtp_1)
                         -0.10   20.62   clock uncertainty
                          0.00   20.62   clock reconvergence pessimism
                         -0.12   20.51   library setup time
                                 20.51   data required time
-----------------------------------------------------------------------------
                                 20.51   data required time
                                 -8.35   data arrival time
-----------------------------------------------------------------------------
                                 12.16   slack (MET)


Startpoint: _26152_ (rising edge-triggered flip-flop clocked by clk)
Endpoint: _26067_ (rising edge-triggered flip-flop clocked by clk)
Path Group: clk
Path Type: max

Fanout     Cap    Slew   Delay    Time   Description
-----------------------------------------------------------------------------
                          0.00    0.00   clock clk (rise edge)
                          0.00    0.00   clock source latency
                  0.00    0.00    0.00 ^ clk (in)
     1    0.04                           clk (net)
                  0.01    0.01    0.01 ^ clkbuf_0_clk/A (sky130_fd_sc_hd__clkbuf_16)
                  0.04    0.11    0.12 ^ clkbuf_0_clk/X (sky130_fd_sc_hd__clkbuf_16)
     2    0.02                           clknet_0_clk (net)
                  0.04    0.00    0.12 ^ clkbuf_1_1_0_clk/A (sky130_fd_sc_hd__clkbuf_8)
                  0.03    0.11    0.23 ^ clkbuf_1_1_0_clk/X (sky130_fd_sc_hd__clkbuf_8)
     1    0.01                           clknet_1_1_0_clk (net)
                  0.03    0.00    0.23 ^ clkbuf_1_1_1_clk/A (sky130_fd_sc_hd__clkbuf_8)
                  0.28    0.30    0.53 ^ clkbuf_1_1_1_clk/X (sky130_fd_sc_hd__clkbuf_8)
    15    0.17                           clknet_1_1_1_clk (net)
                  0.28    0.00    0.53 ^ clkbuf_leaf_22_clk/A (sky130_fd_sc_hd__clkbuf_16)
                  0.09    0.24    0.77 ^ clkbuf_leaf_22_clk/X (sky130_fd_sc_hd__clkbuf_16)
    24    0.07                           clknet_leaf_22_clk (net)
                  0.09    0.00    0.77 ^ _26152_/CLK (sky130_fd_sc_hd__dfrtp_1)
                  0.07    0.35    1.12 ^ _26152_/Q (sky130_fd_sc_hd__dfrtp_1)
     2    0.01                           STAGE1.BUTTERFLY.b_im[0] (net)
                  0.07    0.00    1.12 ^ _12996_/A (sky130_fd_sc_hd__clkbuf_2)
                  0.12    0.17    1.29 ^ _12996_/X (sky130_fd_sc_hd__clkbuf_2)
     5    0.02                           _06063_ (net)
                  0.12    0.00    1.29 ^ _13093_/B_N (sky130_fd_sc_hd__nor2b_4)
                  0.28    0.32    1.61 ^ _13093_/Y (sky130_fd_sc_hd__nor2b_4)
     4    0.04                           _07127_ (net)
                  0.28    0.00    1.61 ^ _13094_/B1 (sky130_fd_sc_hd__o21ai_1)
                  0.08    0.12    1.73 v _13094_/Y (sky130_fd_sc_hd__o21ai_1)
     1    0.00                           _07138_ (net)
                  0.08    0.00    1.73 v _13095_/C1 (sky130_fd_sc_hd__o211ai_1)
                  0.20    0.11    1.84 ^ _13095_/Y (sky130_fd_sc_hd__o211ai_1)
     2    0.01                           _07149_ (net)
                  0.20    0.00    1.84 ^ _13101_/A1 (sky130_fd_sc_hd__a21o_1)
                  0.14    0.22    2.06 ^ _13101_/X (sky130_fd_sc_hd__a21o_1)
     3    0.02                           _07215_ (net)
                  0.14    0.00    2.06 ^ _13109_/A1 (sky130_fd_sc_hd__a21oi_1)
                  0.09    0.11    2.17 v _13109_/Y (sky130_fd_sc_hd__a21oi_1)
     1    0.01                           _07303_ (net)
                  0.09    0.00    2.17 v _13110_/B2 (sky130_fd_sc_hd__o22ai_4)
                  0.28    0.22    2.39 ^ _13110_/Y (sky130_fd_sc_hd__o22ai_4)
     5    0.03                           _07314_ (net)
                  0.28    0.00    2.39 ^ _13118_/A1 (sky130_fd_sc_hd__a21oi_2)
                  0.10    0.14    2.53 v _13118_/Y (sky130_fd_sc_hd__a21oi_2)
     3    0.02                           _07401_ (net)
                  0.10    0.00    2.53 v _13119_/B2 (sky130_fd_sc_hd__o22ai_4)
                  0.31    0.25    2.78 ^ _13119_/Y (sky130_fd_sc_hd__o22ai_4)
     4    0.03                           _07412_ (net)
                  0.31    0.00    2.78 ^ _13864_/A1 (sky130_fd_sc_hd__a21oi_4)
                  0.11    0.14    2.92 v _13864_/Y (sky130_fd_sc_hd__a21oi_4)
     5    0.03                           _02644_ (net)
                  0.11    0.00    2.92 v _13865_/B2 (sky130_fd_sc_hd__o22ai_1)
                  0.18    0.16    3.09 ^ _13865_/Y (sky130_fd_sc_hd__o22ai_1)
     2    0.01                           _02655_ (net)
                  0.18    0.00    3.09 ^ _13866_/A (sky130_fd_sc_hd__clkbuf_2)
                  0.11    0.20    3.28 ^ _13866_/X (sky130_fd_sc_hd__clkbuf_2)
     5    0.02                           _02666_ (net)
                  0.11    0.00    3.28 ^ _14144_/A (sky130_fd_sc_hd__dlymetal6s2s_1)
                  0.17    0.20    3.49 ^ _14144_/X (sky130_fd_sc_hd__dlymetal6s2s_1)
     5    0.02                           _03868_ (net)
                  0.17    0.00    3.49 ^ _14326_/A (sky130_fd_sc_hd__nand2_1)
                  0.12    0.15    3.64 v _14326_/Y (sky130_fd_sc_hd__nand2_1)
     3    0.01                           _04050_ (net)
                  0.12    0.00    3.64 v _15591_/A (sky130_fd_sc_hd__clkbuf_4)
                  0.09    0.22    3.86 v _15591_/X (sky130_fd_sc_hd__clkbuf_4)
     5    0.04                           _05311_ (net)
                  0.09    0.00    3.86 v _15592_/A (sky130_fd_sc_hd__buf_2)
                  0.08    0.19    4.05 v _15592_/X (sky130_fd_sc_hd__buf_2)
     5    0.03                           _05312_ (net)
                  0.08    0.00    4.05 v _15593_/D (sky130_fd_sc_hd__nor4_4)
                  0.34    0.26    4.31 ^ _15593_/Y (sky130_fd_sc_hd__nor4_4)
     3    0.02                           _05313_ (net)
                  0.34    0.00    4.31 ^ _15594_/B2 (sky130_fd_sc_hd__o22ai_2)
                  0.10    0.13    4.44 v _15594_/Y (sky130_fd_sc_hd__o22ai_2)
     2    0.01                           _05314_ (net)
                  0.10    0.00    4.44 v _15597_/C (sky130_fd_sc_hd__and3_1)
                  0.07    0.24    4.68 v _15597_/X (sky130_fd_sc_hd__and3_1)
     4    0.01                           _05317_ (net)
                  0.07    0.00    4.68 v _15599_/D (sky130_fd_sc_hd__nor4_1)
                  0.47    0.36    5.04 ^ _15599_/Y (sky130_fd_sc_hd__nor4_1)
     3    0.01                           _05319_ (net)
                  0.47    0.00    5.04 ^ _15600_/B (sky130_fd_sc_hd__nor2_1)
                  0.11    0.12    5.16 v _15600_/Y (sky130_fd_sc_hd__nor2_1)
     2    0.01                           _05320_ (net)
                  0.11    0.00    5.16 v _15601_/A (sky130_fd_sc_hd__dlymetal6s2s_1)
                  0.08    0.20    5.36 v _15601_/X (sky130_fd_sc_hd__dlymetal6s2s_1)
     5    0.01                           _05321_ (net)
                  0.08    0.00    5.36 v _15603_/C (sky130_fd_sc_hd__and3_1)
                  0.04    0.19    5.55 v _15603_/X (sky130_fd_sc_hd__and3_1)
     1    0.00                           _05323_ (net)
                  0.04    0.00    5.55 v _15607_/A2 (sky130_fd_sc_hd__o21bai_1)
                  0.18    0.17    5.72 ^ _15607_/Y (sky130_fd_sc_hd__o21bai_1)
     2    0.01                           _05327_ (net)
                  0.18    0.00    5.72 ^ _15608_/A (sky130_fd_sc_hd__dlymetal6s2s_1)
                  0.17    0.22    5.94 ^ _15608_/X (sky130_fd_sc_hd__dlymetal6s2s_1)
     5    0.02                           _05328_ (net)
                  0.17    0.00    5.94 ^ _15833_/A (sky130_fd_sc_hd__nand3_1)
                  0.14    0.16    6.10 v _15833_/Y (sky130_fd_sc_hd__nand3_1)
     5    0.01                           _05552_ (net)
                  0.14    0.00    6.10 v _15845_/B1 (sky130_fd_sc_hd__o211ai_1)
                  0.20    0.16    6.26 ^ _15845_/Y (sky130_fd_sc_hd__o211ai_1)
     2    0.01                           _05564_ (net)
                  0.20    0.00    6.26 ^ _15846_/B (sky130_fd_sc_hd__nand2_1)
                  0.08    0.12    6.38 v _15846_/Y (sky130_fd_sc_hd__nand2_1)
     3    0.01                           _05565_ (net)
                  0.08    0.00    6.38 v _15984_/B2 (sky130_fd_sc_hd__a2bb2o_1)
                  0.07    0.28    6.65 v _15984_/X (sky130_fd_sc_hd__a2bb2o_1)
     2    0.01                           _05702_ (net)
                  0.07    0.00    6.65 v _15987_/A (sky130_fd_sc_hd__and3_1)
                  0.04    0.16    6.81 v _15987_/X (sky130_fd_sc_hd__and3_1)
     1    0.00                           _05705_ (net)
                  0.04    0.00    6.81 v _15988_/A2 (sky130_fd_sc_hd__o21bai_2)
                  0.18    0.17    6.98 ^ _15988_/Y (sky130_fd_sc_hd__o21bai_2)
     2    0.01                           _05706_ (net)
                  0.18    0.00    6.98 ^ _15991_/A2 (sky130_fd_sc_hd__a21o_1)
                  0.08    0.17    7.15 ^ _15991_/X (sky130_fd_sc_hd__a21o_1)
     2    0.01                           _05709_ (net)
                  0.08    0.00    7.15 ^ _15992_/A (sky130_fd_sc_hd__dlymetal6s2s_1)
                  0.18    0.20    7.35 ^ _15992_/X (sky130_fd_sc_hd__dlymetal6s2s_1)
     5    0.02                           _05710_ (net)
                  0.18    0.00    7.35 ^ _16393_/A2 (sky130_fd_sc_hd__o21ai_1)
                  0.09    0.11    7.46 v _16393_/Y (sky130_fd_sc_hd__o21ai_1)
     2    0.01                           _06136_ (net)
                  0.09    0.00    7.46 v _16402_/A2 (sky130_fd_sc_hd__a21oi_2)
                  0.21    0.24    7.70 ^ _16402_/Y (sky130_fd_sc_hd__a21oi_2)
     3    0.02                           _06145_ (net)
                  0.21    0.00    7.70 ^ _16514_/B1_N (sky130_fd_sc_hd__a21boi_1)
                  0.11    0.19    7.89 ^ _16514_/Y (sky130_fd_sc_hd__a21boi_1)
     1    0.00                           _06267_ (net)
                  0.11    0.00    7.89 ^ _16515_/A2 (sky130_fd_sc_hd__o21bai_1)
                  0.06    0.07    7.96 v _16515_/Y (sky130_fd_sc_hd__o21bai_1)
     1    0.00                           _06268_ (net)
                  0.06    0.00    7.96 v _16516_/A2 (sky130_fd_sc_hd__o21ai_1)
                  0.21    0.20    8.16 ^ _16516_/Y (sky130_fd_sc_hd__o21ai_1)
     1    0.01                           _06269_ (net)
                  0.21    0.00    8.16 ^ _16517_/B2 (sky130_fd_sc_hd__o22ai_4)
                  0.10    0.13    8.29 v _16517_/Y (sky130_fd_sc_hd__o22ai_4)
     1    0.02                           STAGE1.SR8.din_im[11] (net)
                  0.10    0.00    8.30 v _26067_/D (sky130_fd_sc_hd__dfrtp_4)
                                  8.30   data arrival time

                         20.00   20.00   clock clk (rise edge)
                          0.00   20.00   clock source latency
                  0.00    0.00   20.00 ^ clk (in)
     1    0.04                           clk (net)
                  0.01    0.01   20.01 ^ clkbuf_0_clk/A (sky130_fd_sc_hd__clkbuf_16)
                  0.04    0.11   20.12 ^ clkbuf_0_clk/X (sky130_fd_sc_hd__clkbuf_16)
     2    0.02                           clknet_0_clk (net)
                  0.04    0.00   20.12 ^ clkbuf_1_1_0_clk/A (sky130_fd_sc_hd__clkbuf_8)
                  0.03    0.11   20.23 ^ clkbuf_1_1_0_clk/X (sky130_fd_sc_hd__clkbuf_8)
     1    0.01                           clknet_1_1_0_clk (net)
                  0.03    0.00   20.23 ^ clkbuf_1_1_1_clk/A (sky130_fd_sc_hd__clkbuf_8)
                  0.28    0.30   20.53 ^ clkbuf_1_1_1_clk/X (sky130_fd_sc_hd__clkbuf_8)
    15    0.17                           clknet_1_1_1_clk (net)
                  0.28    0.00   20.53 ^ clkbuf_leaf_24_clk/A (sky130_fd_sc_hd__clkbuf_16)
                  0.04    0.19   20.72 ^ clkbuf_leaf_24_clk/X (sky130_fd_sc_hd__clkbuf_16)
     3    0.01                           clknet_leaf_24_clk (net)
                  0.04    0.00   20.72 ^ _26067_/CLK (sky130_fd_sc_hd__dfrtp_4)
                         -0.10   20.62   clock uncertainty
                          0.00   20.62   clock reconvergence pessimism
                         -0.14   20.48   library setup time
                                 20.48   data required time
-----------------------------------------------------------------------------
                                 20.48   data required time
                                 -8.30   data arrival time
-----------------------------------------------------------------------------
                                 12.19   slack (MET)


max_report_end
check_report

===========================================================================
report_checks -unconstrained
============================================================================
Startpoint: _26169_ (rising edge-triggered flip-flop clocked by clk)
Endpoint: _26189_ (rising edge-triggered flip-flop clocked by clk)
Path Group: clk
Path Type: max

Fanout     Cap    Slew   Delay    Time   Description
-----------------------------------------------------------------------------
                          0.00    0.00   clock clk (rise edge)
                          0.00    0.00   clock source latency
                  0.00    0.00    0.00 ^ clk (in)
     1    0.04                           clk (net)
                  0.01    0.01    0.01 ^ clkbuf_0_clk/A (sky130_fd_sc_hd__clkbuf_16)
                  0.04    0.11    0.12 ^ clkbuf_0_clk/X (sky130_fd_sc_hd__clkbuf_16)
     2    0.02                           clknet_0_clk (net)
                  0.04    0.00    0.12 ^ clkbuf_1_1_0_clk/A (sky130_fd_sc_hd__clkbuf_8)
                  0.03    0.11    0.23 ^ clkbuf_1_1_0_clk/X (sky130_fd_sc_hd__clkbuf_8)
     1    0.01                           clknet_1_1_0_clk (net)
                  0.03    0.00    0.23 ^ clkbuf_1_1_1_clk/A (sky130_fd_sc_hd__clkbuf_8)
                  0.28    0.30    0.53 ^ clkbuf_1_1_1_clk/X (sky130_fd_sc_hd__clkbuf_8)
    15    0.17                           clknet_1_1_1_clk (net)
                  0.28    0.00    0.53 ^ clkbuf_leaf_16_clk/A (sky130_fd_sc_hd__clkbuf_16)
                  0.05    0.21    0.74 ^ clkbuf_leaf_16_clk/X (sky130_fd_sc_hd__clkbuf_16)
     7    0.02                           clknet_leaf_16_clk (net)
                  0.05    0.00    0.74 ^ _26169_/CLK (sky130_fd_sc_hd__dfrtp_1)
                  0.12    0.38    1.12 ^ _26169_/Q (sky130_fd_sc_hd__dfrtp_1)
     2    0.01                           STAGE1.BUTTERFLY.b_re[1] (net)
                  0.12    0.00    1.12 ^ _13005_/A (sky130_fd_sc_hd__clkbuf_2)
                  0.13    0.20    1.31 ^ _13005_/X (sky130_fd_sc_hd__clkbuf_2)
     5    0.02                           _06161_ (net)
                  0.13    0.00    1.31 ^ _19277_/B1 (sky130_fd_sc_hd__o22ai_4)
                  0.07    0.11    1.42 v _19277_/Y (sky130_fd_sc_hd__o22ai_4)
     3    0.02                           _09294_ (net)
                  0.07    0.00    1.42 v _19279_/A1 (sky130_fd_sc_hd__o211ai_4)
                  0.20    0.23    1.65 ^ _19279_/Y (sky130_fd_sc_hd__o211ai_4)
     2    0.02                           _09296_ (net)
                  0.20    0.00    1.65 ^ _19280_/A (sky130_fd_sc_hd__clkbuf_4)
                  0.13    0.25    1.90 ^ _19280_/X (sky130_fd_sc_hd__clkbuf_4)
     5    0.04                           _09297_ (net)
                  0.13    0.00    1.90 ^ _19282_/A (sky130_fd_sc_hd__nand2_2)
                  0.13    0.12    2.02 v _19282_/Y (sky130_fd_sc_hd__nand2_2)
     4    0.02                           _09299_ (net)
                  0.13    0.00    2.02 v _19284_/A (sky130_fd_sc_hd__nand2_2)
                  0.11    0.14    2.16 ^ _19284_/Y (sky130_fd_sc_hd__nand2_2)
     2    0.02                           _09301_ (net)
                  0.11    0.00    2.16 ^ _19285_/C1 (sky130_fd_sc_hd__o211ai_4)
                  0.09    0.11    2.27 v _19285_/Y (sky130_fd_sc_hd__o211ai_4)
     3    0.02                           _09302_ (net)
                  0.09    0.00    2.27 v _19288_/A1 (sky130_fd_sc_hd__a21oi_2)
                  0.27    0.27    2.54 ^ _19288_/Y (sky130_fd_sc_hd__a21oi_2)
     3    0.02                           _09306_ (net)
                  0.27    0.00    2.54 ^ _19301_/A (sky130_fd_sc_hd__nand2_2)
                  0.13    0.16    2.70 v _19301_/Y (sky130_fd_sc_hd__nand2_2)
     4    0.02                           _09320_ (net)
                  0.13    0.00    2.70 v _19365_/A (sky130_fd_sc_hd__and3_1)
                  0.04    0.18    2.88 v _19365_/X (sky130_fd_sc_hd__and3_1)
     1    0.00                           _09390_ (net)
                  0.04    0.00    2.88 v _19366_/A (sky130_fd_sc_hd__clkbuf_4)
                  0.09    0.19    3.07 v _19366_/X (sky130_fd_sc_hd__clkbuf_4)
     5    0.04                           _09391_ (net)
                  0.09    0.00    3.07 v _19441_/A1_N (sky130_fd_sc_hd__o2bb2ai_4)
                  0.10    0.19    3.26 v _19441_/Y (sky130_fd_sc_hd__o2bb2ai_4)
     4    0.03                           _09474_ (net)
                  0.10    0.00    3.26 v _20245_/A1 (sky130_fd_sc_hd__o21ai_4)
                  0.26    0.28    3.54 ^ _20245_/Y (sky130_fd_sc_hd__o21ai_4)
     4    0.03                           _10358_ (net)
                  0.26    0.00    3.54 ^ _20271_/A2_N (sky130_fd_sc_hd__o2bb2ai_4)
                  0.22    0.19    3.73 ^ _20271_/Y (sky130_fd_sc_hd__o2bb2ai_4)
     3    0.03                           _10387_ (net)
                  0.22    0.00    3.73 ^ _20272_/A (sky130_fd_sc_hd__buf_2)
                  0.17    0.26    3.99 ^ _20272_/X (sky130_fd_sc_hd__buf_2)
     5    0.04                           _10388_ (net)
                  0.17    0.00    3.99 ^ _20273_/B1 (sky130_fd_sc_hd__o21ai_4)
                  0.09    0.12    4.10 v _20273_/Y (sky130_fd_sc_hd__o21ai_4)
     3    0.02                           _10389_ (net)
                  0.09    0.00    4.11 v _20274_/A (sky130_fd_sc_hd__clkbuf_4)
                  0.09    0.21    4.31 v _20274_/X (sky130_fd_sc_hd__clkbuf_4)
     5    0.04                           _10390_ (net)
                  0.09    0.00    4.32 v _20275_/A (sky130_fd_sc_hd__clkbuf_4)
                  0.09    0.21    4.53 v _20275_/X (sky130_fd_sc_hd__clkbuf_4)
     5    0.04                           _10391_ (net)
                  0.09    0.00    4.53 v _20276_/B2 (sky130_fd_sc_hd__o2bb2ai_1)
                  0.17    0.19    4.72 ^ _20276_/Y (sky130_fd_sc_hd__o2bb2ai_1)
     1    0.01                           _10392_ (net)
                  0.17    0.00    4.72 ^ _20277_/C (sky130_fd_sc_hd__nand3_1)
                  0.10    0.13    4.85 v _20277_/Y (sky130_fd_sc_hd__nand3_1)
     2    0.01                           _10394_ (net)
                  0.10    0.00    4.85 v _20278_/A (sky130_fd_sc_hd__clkbuf_2)
                  0.09    0.18    5.03 v _20278_/X (sky130_fd_sc_hd__clkbuf_2)
     5    0.02                           _10395_ (net)
                  0.09    0.00    5.03 v _20294_/A1 (sky130_fd_sc_hd__a21o_1)
                  0.07    0.21    5.24 v _20294_/X (sky130_fd_sc_hd__a21o_1)
     4    0.01                           _10412_ (net)
                  0.07    0.00    5.24 v _20298_/C (sky130_fd_sc_hd__nand3_1)
                  0.06    0.09    5.33 ^ _20298_/Y (sky130_fd_sc_hd__nand3_1)
     1    0.00                           _10417_ (net)
                  0.06    0.00    5.33 ^ _20301_/A (sky130_fd_sc_hd__nand3_1)
                  0.10    0.10    5.43 v _20301_/Y (sky130_fd_sc_hd__nand3_1)
     3    0.01                           _10420_ (net)
                  0.10    0.00    5.43 v _20302_/A (sky130_fd_sc_hd__dlymetal6s2s_1)
                  0.08    0.20    5.63 v _20302_/X (sky130_fd_sc_hd__dlymetal6s2s_1)
     5    0.01                           _10421_ (net)
                  0.08    0.00    5.63 v _21177_/C (sky130_fd_sc_hd__and3_1)
                  0.09    0.24    5.88 v _21177_/X (sky130_fd_sc_hd__and3_1)
     5    0.01                           _11383_ (net)
                  0.09    0.00    5.88 v _21178_/A2 (sky130_fd_sc_hd__o21ai_1)
                  0.15    0.16    6.04 ^ _21178_/Y (sky130_fd_sc_hd__o21ai_1)
     2    0.01                           _11384_ (net)
                  0.15    0.00    6.04 ^ _21179_/B1 (sky130_fd_sc_hd__o21ai_1)
                  0.08    0.12    6.16 v _21179_/Y (sky130_fd_sc_hd__o21ai_1)
     2    0.01                           _11385_ (net)
                  0.08    0.00    6.16 v _21200_/B1 (sky130_fd_sc_hd__a31oi_2)
                  0.22    0.23    6.38 ^ _21200_/Y (sky130_fd_sc_hd__a31oi_2)
     4    0.01                           _11408_ (net)
                  0.22    0.00    6.38 ^ _21201_/A (sky130_fd_sc_hd__nand2_1)
                  0.07    0.10    6.48 v _21201_/Y (sky130_fd_sc_hd__nand2_1)
     1    0.01                           _11409_ (net)
                  0.07    0.00    6.48 v _21202_/C (sky130_fd_sc_hd__nand3b_2)
                  0.11    0.12    6.60 ^ _21202_/Y (sky130_fd_sc_hd__nand3b_2)
     3    0.01                           _11410_ (net)
                  0.11    0.00    6.61 ^ _21205_/A2_N (sky130_fd_sc_hd__o2bb2ai_2)
                  0.23    0.16    6.77 ^ _21205_/Y (sky130_fd_sc_hd__o2bb2ai_2)
     3    0.02                           _11413_ (net)
                  0.23    0.00    6.77 ^ _21211_/B (sky130_fd_sc_hd__nand3_2)
                  0.12    0.16    6.93 v _21211_/Y (sky130_fd_sc_hd__nand3_2)
     3    0.02                           _11420_ (net)
                  0.12    0.00    6.93 v _21457_/A2 (sky130_fd_sc_hd__a31oi_4)
                  0.27    0.30    7.23 ^ _21457_/Y (sky130_fd_sc_hd__a31oi_4)
     2    0.03                           _11690_ (net)
                  0.27    0.00    7.23 ^ _22304_/A (sky130_fd_sc_hd__nand4_2)
                  0.14    0.17    7.40 v _22304_/Y (sky130_fd_sc_hd__nand4_2)
     2    0.01                           _12617_ (net)
                  0.14    0.00    7.40 v _22311_/A2 (sky130_fd_sc_hd__o211ai_4)
                  0.28    0.30    7.70 ^ _22311_/Y (sky130_fd_sc_hd__o211ai_4)
     3    0.03                           _12625_ (net)
                  0.28    0.00    7.70 ^ _22694_/A1 (sky130_fd_sc_hd__a31oi_4)
                  0.14    0.19    7.89 v _22694_/Y (sky130_fd_sc_hd__a31oi_4)
     4    0.03                           _00124_ (net)
                  0.14    0.00    7.89 v _22695_/C1 (sky130_fd_sc_hd__a211o_2)
                  0.10    0.36    8.26 v _22695_/X (sky130_fd_sc_hd__a211o_2)
     1    0.02                           _00125_ (net)
                  0.10    0.00    8.26 v _22698_/B1 (sky130_fd_sc_hd__a22o_1)
                  0.08    0.24    8.49 v _22698_/X (sky130_fd_sc_hd__a22o_1)
     1    0.01                           STAGE2.SR4.din_re[8] (net)
                  0.08    0.00    8.49 v _26189_/D (sky130_fd_sc_hd__dfrtp_1)
                                  8.49   data arrival time

                         20.00   20.00   clock clk (rise edge)
                          0.00   20.00   clock source latency
                  0.00    0.00   20.00 ^ clk (in)
     1    0.04                           clk (net)
                  0.01    0.01   20.01 ^ clkbuf_0_clk/A (sky130_fd_sc_hd__clkbuf_16)
                  0.04    0.11   20.12 ^ clkbuf_0_clk/X (sky130_fd_sc_hd__clkbuf_16)
     2    0.02                           clknet_0_clk (net)
                  0.04    0.00   20.12 ^ clkbuf_1_0_0_clk/A (sky130_fd_sc_hd__clkbuf_8)
                  0.03    0.11   20.23 ^ clkbuf_1_0_0_clk/X (sky130_fd_sc_hd__clkbuf_8)
     1    0.01                           clknet_1_0_0_clk (net)
                  0.03    0.00   20.23 ^ clkbuf_1_0_1_clk/A (sky130_fd_sc_hd__clkbuf_8)
                  0.24    0.26   20.49 ^ clkbuf_1_0_1_clk/X (sky130_fd_sc_hd__clkbuf_8)
    12    0.14                           clknet_1_0_1_clk (net)
                  0.24    0.00   20.50 ^ clkbuf_leaf_12_clk/A (sky130_fd_sc_hd__clkbuf_16)
                  0.05    0.20   20.70 ^ clkbuf_leaf_12_clk/X (sky130_fd_sc_hd__clkbuf_16)
    12    0.03                           clknet_leaf_12_clk (net)
                  0.05    0.00   20.70 ^ _26189_/CLK (sky130_fd_sc_hd__dfrtp_1)
                         -0.10   20.60   clock uncertainty
                          0.00   20.60   clock reconvergence pessimism
                         -0.13   20.47   library setup time
                                 20.47   data required time
-----------------------------------------------------------------------------
                                 20.47   data required time
                                 -8.49   data arrival time
-----------------------------------------------------------------------------
                                 11.98   slack (MET)



===========================================================================
report_checks --slack_max -0.01
============================================================================
No paths found.
check_report_end
check_slew

===========================================================================
 report_check_types -max_slew -max_cap -max_fanout -violators
============================================================================

===========================================================================
max slew violation count 0
max fanout violation count 0
max cap violation count 0
============================================================================
check_slew_end
tns_report

===========================================================================
 report_tns
============================================================================
tns 0.00
tns_report_end
wns_report

===========================================================================
 report_wns
============================================================================
wns 0.00
wns_report_end
worst_slack

===========================================================================
 report_worst_slack -max (Setup)
============================================================================
worst slack 11.98

===========================================================================
 report_worst_slack -min (Hold)
============================================================================
worst slack 0.01
worst_slack_end
clock_skew

===========================================================================
 report_clock_skew
============================================================================
Clock clk
Latency      CRPR       Skew
_26297_/CLK ^
   1.00
_26309_/CLK ^
   0.74      0.00       0.26

clock_skew_end
power_report

===========================================================================
 report_power
============================================================================
Group                  Internal  Switching    Leakage      Total
                          Power      Power      Power      Power (Watts)
----------------------------------------------------------------
Sequential             1.31e-03   1.88e-04   3.55e-09   1.50e-03   5.5%
Combinational          1.05e-02   1.49e-02   4.78e-08   2.55e-02  94.5%
Macro                  0.00e+00   0.00e+00   0.00e+00   0.00e+00   0.0%
Pad                    0.00e+00   0.00e+00   0.00e+00   0.00e+00   0.0%
----------------------------------------------------------------
Total                  1.18e-02   1.51e-02   5.14e-08   2.70e-02 100.0%
                          43.9%      56.1%       0.0%
power_report_end
area_report

===========================================================================
 report_design_area
============================================================================
Design area 135695 u^2 27% utilization.
area_report_end
