OpenROAD v2.0-4194-g9d55eaa0c 
This program is licensed under the BSD-3 license. See the LICENSE file for details.
Components of this program may be licensed under more restrictive licenses which must be honored.
[INFO ODB-0222] Reading LEF file: /home/opentools/OpenLane/designs/fft/runs/opttime1/tmp/merged.unpadded.nom.lef
[INFO ODB-0223]     Created 13 technology layers
[INFO ODB-0224]     Created 25 technology vias
[INFO ODB-0225]     Created 441 library cells
[INFO ODB-0226] Finished LEF file:  /home/opentools/OpenLane/designs/fft/runs/opttime1/tmp/merged.unpadded.nom.lef
[INFO ODB-0127] Reading DEF file: /home/opentools/OpenLane/designs/fft/runs/opttime1/results/floorplan/DIF_R2SDF_top.def
[INFO ODB-0128] Design: DIF_R2SDF_top
[INFO ODB-0130]     Created 52 pins.
[INFO ODB-0131]     Created 21068 components and 121882 component-terminals.
[INFO ODB-0133]     Created 13530 nets and 51704 connections.
[INFO ODB-0134] Finished DEF file: /home/opentools/OpenLane/designs/fft/runs/opttime1/results/floorplan/DIF_R2SDF_top.def
[INFO PDN-0001] Inserting grid: stdcell_grid
[WARNING PSM-0016] Voltage pad location (VSRC) file not specified, defaulting pad location to checkerboard pattern on core area.
[WARNING PSM-0017] X direction bump pitch is not specified, defaulting to 140um.
[WARNING PSM-0018] Y direction bump pitch is not specified, defaulting to 140um.
[WARNING PSM-0019] Voltage on net VPWR is not explicitly set.
[WARNING PSM-0022] Using voltage 1.800V for VDD network.
[WARNING PSM-0065] VSRC location not specified, using default checkerboard pattern with one VDD every size bumps in x-direction and one in two bumps in the y-direction
[WARNING PSM-0030] VSRC location at (5.520um, 10.880um) and size 10.000um, is not located on an existing power stripe node. Moving to closest node at (5.280um, 27.530um).
[WARNING PSM-0030] VSRC location at (285.520um, 150.880um) and size 10.000um, is not located on an existing power stripe node. Moving to closest node at (329.040um, 180.710um).
[WARNING PSM-0030] VSRC location at (565.520um, 290.880um) and size 10.000um, is not located on an existing power stripe node. Moving to closest node at (636.240um, 333.890um).
[WARNING PSM-0030] VSRC location at (5.520um, 430.880um) and size 10.000um, is not located on an existing power stripe node. Moving to closest node at (5.280um, 487.070um).
[WARNING PSM-0030] VSRC location at (285.520um, 570.880um) and size 10.000um, is not located on an existing power stripe node. Moving to closest node at (329.040um, 640.250um).
[INFO PSM-0031] Number of PDN nodes on net VPWR = 21650.
[INFO PSM-0064] Number of voltage sources = 5.
[INFO PSM-0040] All PDN stripes on net VPWR are connected.
[WARNING PSM-0016] Voltage pad location (VSRC) file not specified, defaulting pad location to checkerboard pattern on core area.
[WARNING PSM-0017] X direction bump pitch is not specified, defaulting to 140um.
[WARNING PSM-0018] Y direction bump pitch is not specified, defaulting to 140um.
[WARNING PSM-0019] Voltage on net VGND is not explicitly set.
[WARNING PSM-0021] Using voltage 0.000V for ground network.
[WARNING PSM-0065] VSRC location not specified, using default checkerboard pattern with one VDD every size bumps in x-direction and one in two bumps in the y-direction
[WARNING PSM-0030] VSRC location at (5.520um, 10.880um) and size 10.000um, is not located on an existing power stripe node. Moving to closest node at (5.280um, 104.120um).
[WARNING PSM-0030] VSRC location at (285.520um, 150.880um) and size 10.000um, is not located on an existing power stripe node. Moving to closest node at (252.240um, 104.120um).
[WARNING PSM-0030] VSRC location at (565.520um, 290.880um) and size 10.000um, is not located on an existing power stripe node. Moving to closest node at (559.440um, 257.300um).
[WARNING PSM-0030] VSRC location at (5.520um, 430.880um) and size 10.000um, is not located on an existing power stripe node. Moving to closest node at (5.280um, 410.480um).
[WARNING PSM-0030] VSRC location at (285.520um, 570.880um) and size 10.000um, is not located on an existing power stripe node. Moving to closest node at (252.240um, 563.660um).
[INFO PSM-0031] Number of PDN nodes on net VGND = 20718.
[INFO PSM-0064] Number of voltage sources = 5.
[INFO PSM-0040] All PDN stripes on net VGND are connected.
[INFO]: Setting RC values...
[INFO PSM-0002] Output voltage file is specified as: /home/opentools/OpenLane/designs/fft/runs/opttime1/tmp/floorplan/6-pdn.pga.rpt.
[WARNING PSM-0016] Voltage pad location (VSRC) file not specified, defaulting pad location to checkerboard pattern on core area.
[WARNING PSM-0017] X direction bump pitch is not specified, defaulting to 140um.
[WARNING PSM-0018] Y direction bump pitch is not specified, defaulting to 140um.
[WARNING PSM-0019] Voltage on net VPWR is not explicitly set.
[WARNING PSM-0022] Using voltage 1.800V for VDD network.
[WARNING PSM-0065] VSRC location not specified, using default checkerboard pattern with one VDD every size bumps in x-direction and one in two bumps in the y-direction
[WARNING PSM-0030] VSRC location at (5.520um, 10.880um) and size 10.000um, is not located on an existing power stripe node. Moving to closest node at (5.280um, 27.530um).
[WARNING PSM-0030] VSRC location at (285.520um, 150.880um) and size 10.000um, is not located on an existing power stripe node. Moving to closest node at (329.040um, 180.710um).
[WARNING PSM-0030] VSRC location at (565.520um, 290.880um) and size 10.000um, is not located on an existing power stripe node. Moving to closest node at (636.240um, 333.890um).
[WARNING PSM-0030] VSRC location at (5.520um, 430.880um) and size 10.000um, is not located on an existing power stripe node. Moving to closest node at (5.280um, 487.070um).
[WARNING PSM-0030] VSRC location at (285.520um, 570.880um) and size 10.000um, is not located on an existing power stripe node. Moving to closest node at (329.040um, 640.250um).
[INFO PSM-0031] Number of PDN nodes on net VPWR = 21650.
[WARNING PSM-0071] Instance _12971_ is not placed. Therefore, the power drawn by this instance is not considered for IR  drop estimation. Please run analyze_power_grid after instances are placed.
[WARNING PSM-0071] Instance _12972_ is not placed. Therefore, the power drawn by this instance is not considered for IR  drop estimation. Please run analyze_power_grid after instances are placed.
[WARNING PSM-0071] Instance _12973_ is not placed. Therefore, the power drawn by this instance is not considered for IR  drop estimation. Please run analyze_power_grid after instances are placed.
[WARNING PSM-0071] Instance _12974_ is not placed. Therefore, the power drawn by this instance is not considered for IR  drop estimation. Please run analyze_power_grid after instances are placed.
[WARNING PSM-0071] Instance _12975_ is not placed. Therefore, the power drawn by this instance is not considered for IR  drop estimation. Please run analyze_power_grid after instances are placed.
[WARNING PSM-0071] Instance _12976_ is not placed. Therefore, the power drawn by this instance is not considered for IR  drop estimation. Please run analyze_power_grid after instances are placed.
[WARNING PSM-0071] Instance _12977_ is not placed. Therefore, the power drawn by this instance is not considered for IR  drop estimation. Please run analyze_power_grid after instances are placed.
[WARNING PSM-0071] Instance _12978_ is not placed. Therefore, the power drawn by this instance is not considered for IR  drop estimation. Please run analyze_power_grid after instances are placed.
[WARNING PSM-0071] Instance _12979_ is not placed. Therefore, the power drawn by this instance is not considered for IR  drop estimation. Please run analyze_power_grid after instances are placed.
[WARNING PSM-0071] Instance _12980_ is not placed. Therefore, the power drawn by this instance is not considered for IR  drop estimation. Please run analyze_power_grid after instances are placed.
[WARNING PSM-0071] Instance _12981_ is not placed. Therefore, the power drawn by this instance is not considered for IR  drop estimation. Please run analyze_power_grid after instances are placed.
[WARNING PSM-0071] Instance _12982_ is not placed. Therefore, the power drawn by this instance is not considered for IR  drop estimation. Please run analyze_power_grid after instances are placed.
[WARNING PSM-0071] Instance _12983_ is not placed. Therefore, the power drawn by this instance is not considered for IR  drop estimation. Please run analyze_power_grid after instances are placed.
[WARNING PSM-0071] Instance _12984_ is not placed. Therefore, the power drawn by this instance is not considered for IR  drop estimation. Please run analyze_power_grid after instances are placed.
[WARNING PSM-0071] Instance _12985_ is not placed. Therefore, the power drawn by this instance is not considered for IR  drop estimation. Please run analyze_power_grid after instances are placed.
[WARNING PSM-0071] Instance _12986_ is not placed. Therefore, the power drawn by this instance is not considered for IR  drop estimation. Please run analyze_power_grid after instances are placed.
[WARNING PSM-0071] Instance _12987_ is not placed. Therefore, the power drawn by this instance is not considered for IR  drop estimation. Please run analyze_power_grid after instances are placed.
[WARNING PSM-0071] Instance _12988_ is not placed. Therefore, the power drawn by this instance is not considered for IR  drop estimation. Please run analyze_power_grid after instances are placed.
[WARNING PSM-0071] Instance _12989_ is not placed. Therefore, the power drawn by this instance is not considered for IR  drop estimation. Please run analyze_power_grid after instances are placed.
[WARNING PSM-0071] Instance _12990_ is not placed. Therefore, the power drawn by this instance is not considered for IR  drop estimation. Please run analyze_power_grid after instances are placed.
[WARNING PSM-0071] Instance _12991_ is not placed. Therefore, the power drawn by this instance is not considered for IR  drop estimation. Please run analyze_power_grid after instances are placed.
[WARNING PSM-0071] Instance _12992_ is not placed. Therefore, the power drawn by this instance is not considered for IR  drop estimation. Please run analyze_power_grid after instances are placed.
[WARNING PSM-0071] Instance _12993_ is not placed. Therefore, the power drawn by this instance is not considered for IR  drop estimation. Please run analyze_power_grid after instances are placed.
[WARNING PSM-0071] Instance _12994_ is not placed. Therefore, the power drawn by this instance is not considered for IR  drop estimation. Please run analyze_power_grid after instances are placed.
[WARNING PSM-0071] Instance _12995_ is not placed. Therefore, the power drawn by this instance is not considered for IR  drop estimation. Please run analyze_power_grid after instances are placed.
[WARNING PSM-0071] Instance _12996_ is not placed. Therefore, the power drawn by this instance is not considered for IR  drop estimation. Please run analyze_power_grid after instances are placed.
[WARNING PSM-0071] Instance _12997_ is not placed. Therefore, the power drawn by this instance is not considered for IR  drop estimation. Please run analyze_power_grid after instances are placed.
[WARNING PSM-0071] Instance _12998_ is not placed. Therefore, the power drawn by this instance is not considered for IR  drop estimation. Please run analyze_power_grid after instances are placed.
[WARNING PSM-0071] Instance _12999_ is not placed. Therefore, the power drawn by this instance is not considered for IR  drop estimation. Please run analyze_power_grid after instances are placed.
[WARNING PSM-0071] Instance _13000_ is not placed. Therefore, the power drawn by this instance is not considered for IR  drop estimation. Please run analyze_power_grid after instances are placed.
[WARNING PSM-0071] Instance _13001_ is not placed. Therefore, the power drawn by this instance is not considered for IR  drop estimation. Please run analyze_power_grid after instances are placed.
[WARNING PSM-0071] Instance _13002_ is not placed. Therefore, the power drawn by this instance is not considered for IR  drop estimation. Please run analyze_power_grid after instances are placed.
[WARNING PSM-0071] Instance _13003_ is not placed. Therefore, the power drawn by this instance is not considered for IR  drop estimation. Please run analyze_power_grid after instances are placed.
[WARNING PSM-0071] Instance _13004_ is not placed. Therefore, the power drawn by this instance is not considered for IR  drop estimation. Please run analyze_power_grid after instances are placed.
[WARNING PSM-0071] Instance _13005_ is not placed. Therefore, the power drawn by this instance is not considered for IR  drop estimation. Please run analyze_power_grid after instances are placed.
[WARNING PSM-0071] Instance _13006_ is not placed. Therefore, the power drawn by this instance is not considered for IR  drop estimation. Please run analyze_power_grid after instances are placed.
[WARNING PSM-0071] Instance _13007_ is not placed. Therefore, the power drawn by this instance is not considered for IR  drop estimation. Please run analyze_power_grid after instances are placed.
[WARNING PSM-0071] Instance _13008_ is not placed. Therefore, the power drawn by this instance is not considered for IR  drop estimation. Please run analyze_power_grid after instances are placed.
[WARNING PSM-0071] Instance _13009_ is not placed. Therefore, the power drawn by this instance is not considered for IR  drop estimation. Please run analyze_power_grid after instances are placed.
[WARNING PSM-0071] Instance _13010_ is not placed. Therefore, the power drawn by this instance is not considered for IR  drop estimation. Please run analyze_power_grid after instances are placed.
[WARNING PSM-0071] Instance _13011_ is not placed. Therefore, the power drawn by this instance is not considered for IR  drop estimation. Please run analyze_power_grid after instances are placed.
[WARNING PSM-0071] Instance _13012_ is not placed. Therefore, the power drawn by this instance is not considered for IR  drop estimation. Please run analyze_power_grid after instances are placed.
[WARNING PSM-0071] Instance _13013_ is not placed. Therefore, the power drawn by this instance is not considered for IR  drop estimation. Please run analyze_power_grid after instances are placed.
[WARNING PSM-0071] Instance _13014_ is not placed. Therefore, the power drawn by this instance is not considered for IR  drop estimation. Please run analyze_power_grid after instances are placed.
[WARNING PSM-0071] Instance _13015_ is not placed. Therefore, the power drawn by this instance is not considered for IR  drop estimation. Please run analyze_power_grid after instances are placed.
[WARNING PSM-0071] Instance _13016_ is not placed. Therefore, the power drawn by this instance is not considered for IR  drop estimation. Please run analyze_power_grid after instances are placed.
[WARNING PSM-0071] Instance _13017_ is not placed. Therefore, the power drawn by this instance is not considered for IR  drop estimation. Please run analyze_power_grid after instances are placed.
[WARNING PSM-0071] Instance _13018_ is not placed. Therefore, the power drawn by this instance is not considered for IR  drop estimation. Please run analyze_power_grid after instances are placed.
[WARNING PSM-0071] Instance _13019_ is not placed. Therefore, the power drawn by this instance is not considered for IR  drop estimation. Please run analyze_power_grid after instances are placed.
[WARNING PSM-0071] Instance _13020_ is not placed. Therefore, the power drawn by this instance is not considered for IR  drop estimation. Please run analyze_power_grid after instances are placed.
[WARNING PSM-0071] Instance _13021_ is not placed. Therefore, the power drawn by this instance is not considered for IR  drop estimation. Please run analyze_power_grid after instances are placed.
[WARNING PSM-0071] Instance _13022_ is not placed. Therefore, the power drawn by this instance is not considered for IR  drop estimation. Please run analyze_power_grid after instances are placed.
[WARNING PSM-0071] Instance _13023_ is not placed. Therefore, the power drawn by this instance is not considered for IR  drop estimation. Please run analyze_power_grid after instances are placed.
[WARNING PSM-0071] Instance _13024_ is not placed. Therefore, the power drawn by this instance is not considered for IR  drop estimation. Please run analyze_power_grid after instances are placed.
[WARNING PSM-0071] Instance _13025_ is not placed. Therefore, the power drawn by this instance is not considered for IR  drop estimation. Please run analyze_power_grid after instances are placed.
[WARNING PSM-0071] Instance _13026_ is not placed. Therefore, the power drawn by this instance is not considered for IR  drop estimation. Please run analyze_power_grid after instances are placed.
[WARNING PSM-0071] Instance _13027_ is not placed. Therefore, the power drawn by this instance is not considered for IR  drop estimation. Please run analyze_power_grid after instances are placed.
[WARNING PSM-0071] Instance _13028_ is not placed. Therefore, the power drawn by this instance is not considered for IR  drop estimation. Please run analyze_power_grid after instances are placed.
[WARNING PSM-0071] Instance _13029_ is not placed. Therefore, the power drawn by this instance is not considered for IR  drop estimation. Please run analyze_power_grid after instances are placed.
[WARNING PSM-0071] Instance _13030_ is not placed. Therefore, the power drawn by this instance is not considered for IR  drop estimation. Please run analyze_power_grid after instances are placed.
[WARNING PSM-0071] Instance _13031_ is not placed. Therefore, the power drawn by this instance is not considered for IR  drop estimation. Please run analyze_power_grid after instances are placed.
[WARNING PSM-0071] Instance _13032_ is not placed. Therefore, the power drawn by this instance is not considered for IR  drop estimation. Please run analyze_power_grid after instances are placed.
[WARNING PSM-0071] Instance _13033_ is not placed. Therefore, the power drawn by this instance is not considered for IR  drop estimation. Please run analyze_power_grid after instances are placed.
[WARNING PSM-0071] Instance _13034_ is not placed. Therefore, the power drawn by this instance is not considered for IR  drop estimation. Please run analyze_power_grid after instances are placed.
[WARNING PSM-0071] Instance _13035_ is not placed. Therefore, the power drawn by this instance is not considered for IR  drop estimation. Please run analyze_power_grid after instances are placed.
[WARNING PSM-0071] Instance _13036_ is not placed. Therefore, the power drawn by this instance is not considered for IR  drop estimation. Please run analyze_power_grid after instances are placed.
[WARNING PSM-0071] Instance _13037_ is not placed. Therefore, the power drawn by this instance is not considered for IR  drop estimation. Please run analyze_power_grid after instances are placed.
[WARNING PSM-0071] Instance _13038_ is not placed. Therefore, the power drawn by this instance is not considered for IR  drop estimation. Please run analyze_power_grid after instances are placed.
[WARNING PSM-0071] Instance _13039_ is not placed. Therefore, the power drawn by this instance is not considered for IR  drop estimation. Please run analyze_power_grid after instances are placed.
[WARNING PSM-0071] Instance _13040_ is not placed. Therefore, the power drawn by this instance is not considered for IR  drop estimation. Please run analyze_power_grid after instances are placed.
[WARNING PSM-0071] Instance _13041_ is not placed. Therefore, the power drawn by this instance is not considered for IR  drop estimation. Please run analyze_power_grid after instances are placed.
[WARNING PSM-0071] Instance _13042_ is not placed. Therefore, the power drawn by this instance is not considered for IR  drop estimation. Please run analyze_power_grid after instances are placed.
[WARNING PSM-0071] Instance _13043_ is not placed. Therefore, the power drawn by this instance is not considered for IR  drop estimation. Please run analyze_power_grid after instances are placed.
[WARNING PSM-0071] Instance _13044_ is not placed. Therefore, the power drawn by this instance is not considered for IR  drop estimation. Please run analyze_power_grid after instances are placed.
[WARNING PSM-0071] Instance _13045_ is not placed. Therefore, the power drawn by this instance is not considered for IR  drop estimation. Please run analyze_power_grid after instances are placed.
[WARNING PSM-0071] Instance _13046_ is not placed. Therefore, the power drawn by this instance is not considered for IR  drop estimation. Please run analyze_power_grid after instances are placed.
[WARNING PSM-0071] Instance _13047_ is not placed. Therefore, the power drawn by this instance is not considered for IR  drop estimation. Please run analyze_power_grid after instances are placed.
[WARNING PSM-0071] Instance _13048_ is not placed. Therefore, the power drawn by this instance is not considered for IR  drop estimation. Please run analyze_power_grid after instances are placed.
[WARNING PSM-0071] Instance _13049_ is not placed. Therefore, the power drawn by this instance is not considered for IR  drop estimation. Please run analyze_power_grid after instances are placed.
[WARNING PSM-0071] Instance _13050_ is not placed. Therefore, the power drawn by this instance is not considered for IR  drop estimation. Please run analyze_power_grid after instances are placed.
[WARNING PSM-0071] Instance _13051_ is not placed. Therefore, the power drawn by this instance is not considered for IR  drop estimation. Please run analyze_power_grid after instances are placed.
[WARNING PSM-0071] Instance _13052_ is not placed. Therefore, the power drawn by this instance is not considered for IR  drop estimation. Please run analyze_power_grid after instances are placed.
[WARNING PSM-0071] Instance _13053_ is not placed. Therefore, the power drawn by this instance is not considered for IR  drop estimation. Please run analyze_power_grid after instances are placed.
[WARNING PSM-0071] Instance _13054_ is not placed. Therefore, the power drawn by this instance is not considered for IR  drop estimation. Please run analyze_power_grid after instances are placed.
[WARNING PSM-0071] Instance _13055_ is not placed. Therefore, the power drawn by this instance is not considered for IR  drop estimation. Please run analyze_power_grid after instances are placed.
[WARNING PSM-0071] Instance _13056_ is not placed. Therefore, the power drawn by this instance is not considered for IR  drop estimation. Please run analyze_power_grid after instances are placed.
[WARNING PSM-0071] Instance _13057_ is not placed. Therefore, the power drawn by this instance is not considered for IR  drop estimation. Please run analyze_power_grid after instances are placed.
[WARNING PSM-0071] Instance _13058_ is not placed. Therefore, the power drawn by this instance is not considered for IR  drop estimation. Please run analyze_power_grid after instances are placed.
[WARNING PSM-0071] Instance _13059_ is not placed. Therefore, the power drawn by this instance is not considered for IR  drop estimation. Please run analyze_power_grid after instances are placed.
[WARNING PSM-0071] Instance _13060_ is not placed. Therefore, the power drawn by this instance is not considered for IR  drop estimation. Please run analyze_power_grid after instances are placed.
[WARNING PSM-0071] Instance _13061_ is not placed. Therefore, the power drawn by this instance is not considered for IR  drop estimation. Please run analyze_power_grid after instances are placed.
[WARNING PSM-0071] Instance _13062_ is not placed. Therefore, the power drawn by this instance is not considered for IR  drop estimation. Please run analyze_power_grid after instances are placed.
[WARNING PSM-0071] Instance _13063_ is not placed. Therefore, the power drawn by this instance is not considered for IR  drop estimation. Please run analyze_power_grid after instances are placed.
[WARNING PSM-0071] Instance _13064_ is not placed. Therefore, the power drawn by this instance is not considered for IR  drop estimation. Please run analyze_power_grid after instances are placed.
[WARNING PSM-0071] Instance _13065_ is not placed. Therefore, the power drawn by this instance is not considered for IR  drop estimation. Please run analyze_power_grid after instances are placed.
[WARNING PSM-0071] Instance _13066_ is not placed. Therefore, the power drawn by this instance is not considered for IR  drop estimation. Please run analyze_power_grid after instances are placed.
[WARNING PSM-0071] Instance _13067_ is not placed. Therefore, the power drawn by this instance is not considered for IR  drop estimation. Please run analyze_power_grid after instances are placed.
[WARNING PSM-0071] Instance _13068_ is not placed. Therefore, the power drawn by this instance is not considered for IR  drop estimation. Please run analyze_power_grid after instances are placed.
[WARNING PSM-0071] Instance _13069_ is not placed. Therefore, the power drawn by this instance is not considered for IR  drop estimation. Please run analyze_power_grid after instances are placed.
[WARNING PSM-0071] Instance _13070_ is not placed. Therefore, the power drawn by this instance is not considered for IR  drop estimation. Please run analyze_power_grid after instances are placed.
[WARNING PSM-0071] Instance _13071_ is not placed. Therefore, the power drawn by this instance is not considered for IR  drop estimation. Please run analyze_power_grid after instances are placed.
[WARNING PSM-0071] Instance _13072_ is not placed. Therefore, the power drawn by this instance is not considered for IR  drop estimation. Please run analyze_power_grid after instances are placed.
[WARNING PSM-0071] Instance _13073_ is not placed. Therefore, the power drawn by this instance is not considered for IR  drop estimation. Please run analyze_power_grid after instances are placed.
[WARNING PSM-0071] Instance _13074_ is not placed. Therefore, the power drawn by this instance is not considered for IR  drop estimation. Please run analyze_power_grid after instances are placed.
[WARNING PSM-0071] Instance _13075_ is not placed. Therefore, the power drawn by this instance is not considered for IR  drop estimation. Please run analyze_power_grid after instances are placed.
[WARNING PSM-0071] Instance _13076_ is not placed. Therefore, the power drawn by this instance is not considered for IR  drop estimation. Please run analyze_power_grid after instances are placed.
[WARNING PSM-0071] Instance _13077_ is not placed. Therefore, the power drawn by this instance is not considered for IR  drop estimation. Please run analyze_power_grid after instances are placed.
[WARNING PSM-0071] Instance _13078_ is not placed. Therefore, the power drawn by this instance is not considered for IR  drop estimation. Please run analyze_power_grid after instances are placed.
[WARNING PSM-0071] Instance _13079_ is not placed. Therefore, the power drawn by this instance is not considered for IR  drop estimation. Please run analyze_power_grid after instances are placed.
[WARNING PSM-0071] Instance _13080_ is not placed. Therefore, the power drawn by this instance is not considered for IR  drop estimation. Please run analyze_power_grid after instances are placed.
[WARNING PSM-0071] Instance _13081_ is not placed. Therefore, the power drawn by this instance is not considered for IR  drop estimation. Please run analyze_power_grid after instances are placed.
[WARNING PSM-0071] Instance _13082_ is not placed. Therefore, the power drawn by this instance is not considered for IR  drop estimation. Please run analyze_power_grid after instances are placed.
[WARNING PSM-0071] Instance _13083_ is not placed. Therefore, the power drawn by this instance is not considered for IR  drop estimation. Please run analyze_power_grid after instances are placed.
[WARNING PSM-0071] Instance _13084_ is not placed. Therefore, the power drawn by this instance is not considered for IR  drop estimation. Please run analyze_power_grid after instances are placed.
[WARNING PSM-0071] Instance _13085_ is not placed. Therefore, the power drawn by this instance is not considered for IR  drop estimation. Please run analyze_power_grid after instances are placed.
[WARNING PSM-0071] Instance _13086_ is not placed. Therefore, the power drawn by this instance is not considered for IR  drop estimation. Please run analyze_power_grid after instances are placed.
[WARNING PSM-0071] Instance _13087_ is not placed. Therefore, the power drawn by this instance is not considered for IR  drop estimation. Please run analyze_power_grid after instances are placed.
[WARNING PSM-0071] Instance _13088_ is not placed. Therefore, the power drawn by this instance is not considered for IR  drop estimation. Please run analyze_power_grid after instances are placed.
[WARNING PSM-0071] Instance _13089_ is not placed. Therefore, the power drawn by this instance is not considered for IR  drop estimation. Please run analyze_power_grid after instances are placed.
[WARNING PSM-0071] Instance _13090_ is not placed. Therefore, the power drawn by this instance is not considered for IR  drop estimation. Please run analyze_power_grid after instances are placed.
[WARNING PSM-0071] Instance _13091_ is not placed. Therefore, the power drawn by this instance is not considered for IR  drop estimation. Please run analyze_power_grid after instances are placed.
[WARNING PSM-0071] Instance _13092_ is not placed. Therefore, the power drawn by this instance is not considered for IR  drop estimation. Please run analyze_power_grid after instances are placed.
[WARNING PSM-0071] Instance _13093_ is not placed. Therefore, the power drawn by this instance is not considered for IR  drop estimation. Please run analyze_power_grid after instances are placed.
[WARNING PSM-0071] Instance _13094_ is not placed. Therefore, the power drawn by this instance is not considered for IR  drop estimation. Please run analyze_power_grid after instances are placed.
[WARNING PSM-0071] Instance _13095_ is not placed. Therefore, the power drawn by this instance is not considered for IR  drop estimation. Please run analyze_power_grid after instances are placed.
[WARNING PSM-0071] Instance _13096_ is not placed. Therefore, the power drawn by this instance is not considered for IR  drop estimation. Please run analyze_power_grid after instances are placed.
[WARNING PSM-0071] Instance _13097_ is not placed. Therefore, the power drawn by this instance is not considered for IR  drop estimation. Please run analyze_power_grid after instances are placed.
[WARNING PSM-0071] Instance _13098_ is not placed. Therefore, the power drawn by this instance is not considered for IR  drop estimation. Please run analyze_power_grid after instances are placed.
[WARNING PSM-0071] Instance _13099_ is not placed. Therefore, the power drawn by this instance is not considered for IR  drop estimation. Please run analyze_power_grid after instances are placed.
[WARNING PSM-0071] Instance _13100_ is not placed. Therefore, the power drawn by this instance is not considered for IR  drop estimation. Please run analyze_power_grid after instances are placed.
[WARNING PSM-0071] Instance _13101_ is not placed. Therefore, the power drawn by this instance is not considered for IR  drop estimation. Please run analyze_power_grid after instances are placed.
[WARNING PSM-0071] Instance _13102_ is not placed. Therefore, the power drawn by this instance is not considered for IR  drop estimation. Please run analyze_power_grid after instances are placed.
[WARNING PSM-0071] Instance _13103_ is not placed. Therefore, the power drawn by this instance is not considered for IR  drop estimation. Please run analyze_power_grid after instances are placed.
[WARNING PSM-0071] Instance _13104_ is not placed. Therefore, the power drawn by this instance is not considered for IR  drop estimation. Please run analyze_power_grid after instances are placed.
[WARNING PSM-0071] Instance _13105_ is not placed. Therefore, the power drawn by this instance is not considered for IR  drop estimation. Please run analyze_power_grid after instances are placed.
[WARNING PSM-0071] Instance _13106_ is not placed. Therefore, the power drawn by this instance is not considered for IR  drop estimation. Please run analyze_power_grid after instances are placed.
[WARNING PSM-0071] Instance _13107_ is not placed. Therefore, the power drawn by this instance is not considered for IR  drop estimation. Please run analyze_power_grid after instances are placed.
[WARNING PSM-0071] Instance _13108_ is not placed. Therefore, the power drawn by this instance is not considered for IR  drop estimation. Please run analyze_power_grid after instances are placed.
[WARNING PSM-0071] Instance _13109_ is not placed. Therefore, the power drawn by this instance is not considered for IR  drop estimation. Please run analyze_power_grid after instances are placed.
[WARNING PSM-0071] Instance _13110_ is not placed. Therefore, the power drawn by this instance is not considered for IR  drop estimation. Please run analyze_power_grid after instances are placed.
[WARNING PSM-0071] Instance _13111_ is not placed. Therefore, the power drawn by this instance is not considered for IR  drop estimation. Please run analyze_power_grid after instances are placed.
[WARNING PSM-0071] Instance _13112_ is not placed. Therefore, the power drawn by this instance is not considered for IR  drop estimation. Please run analyze_power_grid after instances are placed.
[WARNING PSM-0071] Instance _13113_ is not placed. Therefore, the power drawn by this instance is not considered for IR  drop estimation. Please run analyze_power_grid after instances are placed.
[WARNING PSM-0071] Instance _13114_ is not placed. Therefore, the power drawn by this instance is not considered for IR  drop estimation. Please run analyze_power_grid after instances are placed.
[WARNING PSM-0071] Instance _13115_ is not placed. Therefore, the power drawn by this instance is not considered for IR  drop estimation. Please run analyze_power_grid after instances are placed.
[WARNING PSM-0071] Instance _13116_ is not placed. Therefore, the power drawn by this instance is not considered for IR  drop estimation. Please run analyze_power_grid after instances are placed.
[WARNING PSM-0071] Instance _13117_ is not placed. Therefore, the power drawn by this instance is not considered for IR  drop estimation. Please run analyze_power_grid after instances are placed.
[WARNING PSM-0071] Instance _13118_ is not placed. Therefore, the power drawn by this instance is not considered for IR  drop estimation. Please run analyze_power_grid after instances are placed.
[WARNING PSM-0071] Instance _13119_ is not placed. Therefore, the power drawn by this instance is not considered for IR  drop estimation. Please run analyze_power_grid after instances are placed.
[WARNING PSM-0071] Instance _13120_ is not placed. Therefore, the power drawn by this instance is not considered for IR  drop estimation. Please run analyze_power_grid after instances are placed.
[WARNING PSM-0071] Instance _13121_ is not placed. Therefore, the power drawn by this instance is not considered for IR  drop estimation. Please run analyze_power_grid after instances are placed.
[WARNING PSM-0071] Instance _13122_ is not placed. Therefore, the power drawn by this instance is not considered for IR  drop estimation. Please run analyze_power_grid after instances are placed.
[WARNING PSM-0071] Instance _13123_ is not placed. Therefore, the power drawn by this instance is not considered for IR  drop estimation. Please run analyze_power_grid after instances are placed.
[WARNING PSM-0071] Instance _13124_ is not placed. Therefore, the power drawn by this instance is not considered for IR  drop estimation. Please run analyze_power_grid after instances are placed.
[WARNING PSM-0071] Instance _13125_ is not placed. Therefore, the power drawn by this instance is not considered for IR  drop estimation. Please run analyze_power_grid after instances are placed.
[WARNING PSM-0071] Instance _13126_ is not placed. Therefore, the power drawn by this instance is not considered for IR  drop estimation. Please run analyze_power_grid after instances are placed.
[WARNING PSM-0071] Instance _13127_ is not placed. Therefore, the power drawn by this instance is not considered for IR  drop estimation. Please run analyze_power_grid after instances are placed.
[WARNING PSM-0071] Instance _13128_ is not placed. Therefore, the power drawn by this instance is not considered for IR  drop estimation. Please run analyze_power_grid after instances are placed.
[WARNING PSM-0071] Instance _13129_ is not placed. Therefore, the power drawn by this instance is not considered for IR  drop estimation. Please run analyze_power_grid after instances are placed.
[WARNING PSM-0071] Instance _13130_ is not placed. Therefore, the power drawn by this instance is not considered for IR  drop estimation. Please run analyze_power_grid after instances are placed.
[WARNING PSM-0071] Instance _13131_ is not placed. Therefore, the power drawn by this instance is not considered for IR  drop estimation. Please run analyze_power_grid after instances are placed.
[WARNING PSM-0071] Instance _13132_ is not placed. Therefore, the power drawn by this instance is not considered for IR  drop estimation. Please run analyze_power_grid after instances are placed.
[WARNING PSM-0071] Instance _13133_ is not placed. Therefore, the power drawn by this instance is not considered for IR  drop estimation. Please run analyze_power_grid after instances are placed.
[WARNING PSM-0071] Instance _13134_ is not placed. Therefore, the power drawn by this instance is not considered for IR  drop estimation. Please run analyze_power_grid after instances are placed.
[WARNING PSM-0071] Instance _13135_ is not placed. Therefore, the power drawn by this instance is not considered for IR  drop estimation. Please run analyze_power_grid after instances are placed.
[WARNING PSM-0071] Instance _13136_ is not placed. Therefore, the power drawn by this instance is not considered for IR  drop estimation. Please run analyze_power_grid after instances are placed.
[WARNING PSM-0071] Instance _13137_ is not placed. Therefore, the power drawn by this instance is not considered for IR  drop estimation. Please run analyze_power_grid after instances are placed.
[WARNING PSM-0071] Instance _13138_ is not placed. Therefore, the power drawn by this instance is not considered for IR  drop estimation. Please run analyze_power_grid after instances are placed.
[WARNING PSM-0071] Instance _13139_ is not placed. Therefore, the power drawn by this instance is not considered for IR  drop estimation. Please run analyze_power_grid after instances are placed.
[WARNING PSM-0071] Instance _13140_ is not placed. Therefore, the power drawn by this instance is not considered for IR  drop estimation. Please run analyze_power_grid after instances are placed.
[WARNING PSM-0071] Instance _13141_ is not placed. Therefore, the power drawn by this instance is not considered for IR  drop estimation. Please run analyze_power_grid after instances are placed.
[WARNING PSM-0071] Instance _13142_ is not placed. Therefore, the power drawn by this instance is not considered for IR  drop estimation. Please run analyze_power_grid after instances are placed.
[WARNING PSM-0071] Instance _13143_ is not placed. Therefore, the power drawn by this instance is not considered for IR  drop estimation. Please run analyze_power_grid after instances are placed.
[WARNING PSM-0071] Instance _13144_ is not placed. Therefore, the power drawn by this instance is not considered for IR  drop estimation. Please run analyze_power_grid after instances are placed.
[WARNING PSM-0071] Instance _13145_ is not placed. Therefore, the power drawn by this instance is not considered for IR  drop estimation. Please run analyze_power_grid after instances are placed.
[WARNING PSM-0071] Instance _13146_ is not placed. Therefore, the power drawn by this instance is not considered for IR  drop estimation. Please run analyze_power_grid after instances are placed.
[WARNING PSM-0071] Instance _13147_ is not placed. Therefore, the power drawn by this instance is not considered for IR  drop estimation. Please run analyze_power_grid after instances are placed.
[WARNING PSM-0071] Instance _13148_ is not placed. Therefore, the power drawn by this instance is not considered for IR  drop estimation. Please run analyze_power_grid after instances are placed.
[WARNING PSM-0071] Instance _13149_ is not placed. Therefore, the power drawn by this instance is not considered for IR  drop estimation. Please run analyze_power_grid after instances are placed.
[WARNING PSM-0071] Instance _13150_ is not placed. Therefore, the power drawn by this instance is not considered for IR  drop estimation. Please run analyze_power_grid after instances are placed.
[WARNING PSM-0071] Instance _13151_ is not placed. Therefore, the power drawn by this instance is not considered for IR  drop estimation. Please run analyze_power_grid after instances are placed.
[WARNING PSM-0071] Instance _13152_ is not placed. Therefore, the power drawn by this instance is not considered for IR  drop estimation. Please run analyze_power_grid after instances are placed.
[WARNING PSM-0071] Instance _13153_ is not placed. Therefore, the power drawn by this instance is not considered for IR  drop estimation. Please run analyze_power_grid after instances are placed.
[WARNING PSM-0071] Instance _13154_ is not placed. Therefore, the power drawn by this instance is not considered for IR  drop estimation. Please run analyze_power_grid after instances are placed.
[WARNING PSM-0071] Instance _13155_ is not placed. Therefore, the power drawn by this instance is not considered for IR  drop estimation. Please run analyze_power_grid after instances are placed.
[WARNING PSM-0071] Instance _13156_ is not placed. Therefore, the power drawn by this instance is not considered for IR  drop estimation. Please run analyze_power_grid after instances are placed.
[WARNING PSM-0071] Instance _13157_ is not placed. Therefore, the power drawn by this instance is not considered for IR  drop estimation. Please run analyze_power_grid after instances are placed.
[WARNING PSM-0071] Instance _13158_ is not placed. Therefore, the power drawn by this instance is not considered for IR  drop estimation. Please run analyze_power_grid after instances are placed.
[WARNING PSM-0071] Instance _13159_ is not placed. Therefore, the power drawn by this instance is not considered for IR  drop estimation. Please run analyze_power_grid after instances are placed.
[WARNING PSM-0071] Instance _13160_ is not placed. Therefore, the power drawn by this instance is not considered for IR  drop estimation. Please run analyze_power_grid after instances are placed.
[WARNING PSM-0071] Instance _13161_ is not placed. Therefore, the power drawn by this instance is not considered for IR  drop estimation. Please run analyze_power_grid after instances are placed.
[WARNING PSM-0071] Instance _13162_ is not placed. Therefore, the power drawn by this instance is not considered for IR  drop estimation. Please run analyze_power_grid after instances are placed.
[WARNING PSM-0071] Instance _13163_ is not placed. Therefore, the power drawn by this instance is not considered for IR  drop estimation. Please run analyze_power_grid after instances are placed.
[WARNING PSM-0071] Instance _13164_ is not placed. Therefore, the power drawn by this instance is not considered for IR  drop estimation. Please run analyze_power_grid after instances are placed.
[WARNING PSM-0071] Instance _13165_ is not placed. Therefore, the power drawn by this instance is not considered for IR  drop estimation. Please run analyze_power_grid after instances are placed.
[WARNING PSM-0071] Instance _13166_ is not placed. Therefore, the power drawn by this instance is not considered for IR  drop estimation. Please run analyze_power_grid after instances are placed.
[WARNING PSM-0071] Instance _13167_ is not placed. Therefore, the power drawn by this instance is not considered for IR  drop estimation. Please run analyze_power_grid after instances are placed.
[WARNING PSM-0071] Instance _13168_ is not placed. Therefore, the power drawn by this instance is not considered for IR  drop estimation. Please run analyze_power_grid after instances are placed.
[WARNING PSM-0071] Instance _13169_ is not placed. Therefore, the power drawn by this instance is not considered for IR  drop estimation. Please run analyze_power_grid after instances are placed.
[WARNING PSM-0071] Instance _13170_ is not placed. Therefore, the power drawn by this instance is not considered for IR  drop estimation. Please run analyze_power_grid after instances are placed.
[WARNING PSM-0071] Instance _13171_ is not placed. Therefore, the power drawn by this instance is not considered for IR  drop estimation. Please run analyze_power_grid after instances are placed.
[WARNING PSM-0071] Instance _13172_ is not placed. Therefore, the power drawn by this instance is not considered for IR  drop estimation. Please run analyze_power_grid after instances are placed.
[WARNING PSM-0071] Instance _13173_ is not placed. Therefore, the power drawn by this instance is not considered for IR  drop estimation. Please run analyze_power_grid after instances are placed.
[WARNING PSM-0071] Instance _13174_ is not placed. Therefore, the power drawn by this instance is not considered for IR  drop estimation. Please run analyze_power_grid after instances are placed.
[WARNING PSM-0071] Instance _13175_ is not placed. Therefore, the power drawn by this instance is not considered for IR  drop estimation. Please run analyze_power_grid after instances are placed.
[WARNING PSM-0071] Instance _13176_ is not placed. Therefore, the power drawn by this instance is not considered for IR  drop estimation. Please run analyze_power_grid after instances are placed.
[WARNING PSM-0071] Instance _13177_ is not placed. Therefore, the power drawn by this instance is not considered for IR  drop estimation. Please run analyze_power_grid after instances are placed.
[WARNING PSM-0071] Instance _13178_ is not placed. Therefore, the power drawn by this instance is not considered for IR  drop estimation. Please run analyze_power_grid after instances are placed.
[WARNING PSM-0071] Instance _13179_ is not placed. Therefore, the power drawn by this instance is not considered for IR  drop estimation. Please run analyze_power_grid after instances are placed.
[WARNING PSM-0071] Instance _13180_ is not placed. Therefore, the power drawn by this instance is not considered for IR  drop estimation. Please run analyze_power_grid after instances are placed.
[WARNING PSM-0071] Instance _13181_ is not placed. Therefore, the power drawn by this instance is not considered for IR  drop estimation. Please run analyze_power_grid after instances are placed.
[WARNING PSM-0071] Instance _13182_ is not placed. Therefore, the power drawn by this instance is not considered for IR  drop estimation. Please run analyze_power_grid after instances are placed.
[WARNING PSM-0071] Instance _13183_ is not placed. Therefore, the power drawn by this instance is not considered for IR  drop estimation. Please run analyze_power_grid after instances are placed.
[WARNING PSM-0071] Instance _13184_ is not placed. Therefore, the power drawn by this instance is not considered for IR  drop estimation. Please run analyze_power_grid after instances are placed.
[WARNING PSM-0071] Instance _13185_ is not placed. Therefore, the power drawn by this instance is not considered for IR  drop estimation. Please run analyze_power_grid after instances are placed.
[WARNING PSM-0071] Instance _13186_ is not placed. Therefore, the power drawn by this instance is not considered for IR  drop estimation. Please run analyze_power_grid after instances are placed.
[WARNING PSM-0071] Instance _13187_ is not placed. Therefore, the power drawn by this instance is not considered for IR  drop estimation. Please run analyze_power_grid after instances are placed.
[WARNING PSM-0071] Instance _13188_ is not placed. Therefore, the power drawn by this instance is not considered for IR  drop estimation. Please run analyze_power_grid after instances are placed.
[WARNING PSM-0071] Instance _13189_ is not placed. Therefore, the power drawn by this instance is not considered for IR  drop estimation. Please run analyze_power_grid after instances are placed.
[WARNING PSM-0071] Instance _13190_ is not placed. Therefore, the power drawn by this instance is not considered for IR  drop estimation. Please run analyze_power_grid after instances are placed.
[WARNING PSM-0071] Instance _13191_ is not placed. Therefore, the power drawn by this instance is not considered for IR  drop estimation. Please run analyze_power_grid after instances are placed.
[WARNING PSM-0071] Instance _13192_ is not placed. Therefore, the power drawn by this instance is not considered for IR  drop estimation. Please run analyze_power_grid after instances are placed.
[WARNING PSM-0071] Instance _13193_ is not placed. Therefore, the power drawn by this instance is not considered for IR  drop estimation. Please run analyze_power_grid after instances are placed.
[WARNING PSM-0071] Instance _13194_ is not placed. Therefore, the power drawn by this instance is not considered for IR  drop estimation. Please run analyze_power_grid after instances are placed.
[WARNING PSM-0071] Instance _13195_ is not placed. Therefore, the power drawn by this instance is not considered for IR  drop estimation. Please run analyze_power_grid after instances are placed.
[WARNING PSM-0071] Instance _13196_ is not placed. Therefore, the power drawn by this instance is not considered for IR  drop estimation. Please run analyze_power_grid after instances are placed.
[WARNING PSM-0071] Instance _13197_ is not placed. Therefore, the power drawn by this instance is not considered for IR  drop estimation. Please run analyze_power_grid after instances are placed.
[WARNING PSM-0071] Instance _13198_ is not placed. Therefore, the power drawn by this instance is not considered for IR  drop estimation. Please run analyze_power_grid after instances are placed.
[WARNING PSM-0071] Instance _13199_ is not placed. Therefore, the power drawn by this instance is not considered for IR  drop estimation. Please run analyze_power_grid after instances are placed.
[WARNING PSM-0071] Instance _13200_ is not placed. Therefore, the power drawn by this instance is not considered for IR  drop estimation. Please run analyze_power_grid after instances are placed.
[WARNING PSM-0071] Instance _13201_ is not placed. Therefore, the power drawn by this instance is not considered for IR  drop estimation. Please run analyze_power_grid after instances are placed.
[WARNING PSM-0071] Instance _13202_ is not placed. Therefore, the power drawn by this instance is not considered for IR  drop estimation. Please run analyze_power_grid after instances are placed.
[WARNING PSM-0071] Instance _13203_ is not placed. Therefore, the power drawn by this instance is not considered for IR  drop estimation. Please run analyze_power_grid after instances are placed.
[WARNING PSM-0071] Instance _13204_ is not placed. Therefore, the power drawn by this instance is not considered for IR  drop estimation. Please run analyze_power_grid after instances are placed.
[WARNING PSM-0071] Instance _13205_ is not placed. Therefore, the power drawn by this instance is not considered for IR  drop estimation. Please run analyze_power_grid after instances are placed.
[WARNING PSM-0071] Instance _13206_ is not placed. Therefore, the power drawn by this instance is not considered for IR  drop estimation. Please run analyze_power_grid after instances are placed.
[WARNING PSM-0071] Instance _13207_ is not placed. Therefore, the power drawn by this instance is not considered for IR  drop estimation. Please run analyze_power_grid after instances are placed.
[WARNING PSM-0071] Instance _13208_ is not placed. Therefore, the power drawn by this instance is not considered for IR  drop estimation. Please run analyze_power_grid after instances are placed.
[WARNING PSM-0071] Instance _13209_ is not placed. Therefore, the power drawn by this instance is not considered for IR  drop estimation. Please run analyze_power_grid after instances are placed.
[WARNING PSM-0071] Instance _13210_ is not placed. Therefore, the power drawn by this instance is not considered for IR  drop estimation. Please run analyze_power_grid after instances are placed.
[WARNING PSM-0071] Instance _13211_ is not placed. Therefore, the power drawn by this instance is not considered for IR  drop estimation. Please run analyze_power_grid after instances are placed.
[WARNING PSM-0071] Instance _13212_ is not placed. Therefore, the power drawn by this instance is not considered for IR  drop estimation. Please run analyze_power_grid after instances are placed.
[WARNING PSM-0071] Instance _13213_ is not placed. Therefore, the power drawn by this instance is not considered for IR  drop estimation. Please run analyze_power_grid after instances are placed.
[WARNING PSM-0071] Instance _13214_ is not placed. Therefore, the power drawn by this instance is not considered for IR  drop estimation. Please run analyze_power_grid after instances are placed.
[WARNING PSM-0071] Instance _13215_ is not placed. Therefore, the power drawn by this instance is not considered for IR  drop estimation. Please run analyze_power_grid after instances are placed.
[WARNING PSM-0071] Instance _13216_ is not placed. Therefore, the power drawn by this instance is not considered for IR  drop estimation. Please run analyze_power_grid after instances are placed.
[WARNING PSM-0071] Instance _13217_ is not placed. Therefore, the power drawn by this instance is not considered for IR  drop estimation. Please run analyze_power_grid after instances are placed.
[WARNING PSM-0071] Instance _13218_ is not placed. Therefore, the power drawn by this instance is not considered for IR  drop estimation. Please run analyze_power_grid after instances are placed.
[WARNING PSM-0071] Instance _13219_ is not placed. Therefore, the power drawn by this instance is not considered for IR  drop estimation. Please run analyze_power_grid after instances are placed.
[WARNING PSM-0071] Instance _13220_ is not placed. Therefore, the power drawn by this instance is not considered for IR  drop estimation. Please run analyze_power_grid after instances are placed.
[WARNING PSM-0071] Instance _13221_ is not placed. Therefore, the power drawn by this instance is not considered for IR  drop estimation. Please run analyze_power_grid after instances are placed.
[WARNING PSM-0071] Instance _13222_ is not placed. Therefore, the power drawn by this instance is not considered for IR  drop estimation. Please run analyze_power_grid after instances are placed.
[WARNING PSM-0071] Instance _13223_ is not placed. Therefore, the power drawn by this instance is not considered for IR  drop estimation. Please run analyze_power_grid after instances are placed.
[WARNING PSM-0071] Instance _13224_ is not placed. Therefore, the power drawn by this instance is not considered for IR  drop estimation. Please run analyze_power_grid after instances are placed.
[WARNING PSM-0071] Instance _13225_ is not placed. Therefore, the power drawn by this instance is not considered for IR  drop estimation. Please run analyze_power_grid after instances are placed.
[WARNING PSM-0071] Instance _13226_ is not placed. Therefore, the power drawn by this instance is not considered for IR  drop estimation. Please run analyze_power_grid after instances are placed.
[WARNING PSM-0071] Instance _13227_ is not placed. Therefore, the power drawn by this instance is not considered for IR  drop estimation. Please run analyze_power_grid after instances are placed.
[WARNING PSM-0071] Instance _13228_ is not placed. Therefore, the power drawn by this instance is not considered for IR  drop estimation. Please run analyze_power_grid after instances are placed.
[WARNING PSM-0071] Instance _13229_ is not placed. Therefore, the power drawn by this instance is not considered for IR  drop estimation. Please run analyze_power_grid after instances are placed.
[WARNING PSM-0071] Instance _13230_ is not placed. Therefore, the power drawn by this instance is not considered for IR  drop estimation. Please run analyze_power_grid after instances are placed.
[WARNING PSM-0071] Instance _13231_ is not placed. Therefore, the power drawn by this instance is not considered for IR  drop estimation. Please run analyze_power_grid after instances are placed.
[WARNING PSM-0071] Instance _13232_ is not placed. Therefore, the power drawn by this instance is not considered for IR  drop estimation. Please run analyze_power_grid after instances are placed.
[WARNING PSM-0071] Instance _13233_ is not placed. Therefore, the power drawn by this instance is not considered for IR  drop estimation. Please run analyze_power_grid after instances are placed.
[WARNING PSM-0071] Instance _13234_ is not placed. Therefore, the power drawn by this instance is not considered for IR  drop estimation. Please run analyze_power_grid after instances are placed.
[WARNING PSM-0071] Instance _13235_ is not placed. Therefore, the power drawn by this instance is not considered for IR  drop estimation. Please run analyze_power_grid after instances are placed.
[WARNING PSM-0071] Instance _13236_ is not placed. Therefore, the power drawn by this instance is not considered for IR  drop estimation. Please run analyze_power_grid after instances are placed.
[WARNING PSM-0071] Instance _13237_ is not placed. Therefore, the power drawn by this instance is not considered for IR  drop estimation. Please run analyze_power_grid after instances are placed.
[WARNING PSM-0071] Instance _13238_ is not placed. Therefore, the power drawn by this instance is not considered for IR  drop estimation. Please run analyze_power_grid after instances are placed.
[WARNING PSM-0071] Instance _13239_ is not placed. Therefore, the power drawn by this instance is not considered for IR  drop estimation. Please run analyze_power_grid after instances are placed.
[WARNING PSM-0071] Instance _13240_ is not placed. Therefore, the power drawn by this instance is not considered for IR  drop estimation. Please run analyze_power_grid after instances are placed.
[WARNING PSM-0071] Instance _13241_ is not placed. Therefore, the power drawn by this instance is not considered for IR  drop estimation. Please run analyze_power_grid after instances are placed.
[WARNING PSM-0071] Instance _13242_ is not placed. Therefore, the power drawn by this instance is not considered for IR  drop estimation. Please run analyze_power_grid after instances are placed.
[WARNING PSM-0071] Instance _13243_ is not placed. Therefore, the power drawn by this instance is not considered for IR  drop estimation. Please run analyze_power_grid after instances are placed.
[WARNING PSM-0071] Instance _13244_ is not placed. Therefore, the power drawn by this instance is not considered for IR  drop estimation. Please run analyze_power_grid after instances are placed.
[WARNING PSM-0071] Instance _13245_ is not placed. Therefore, the power drawn by this instance is not considered for IR  drop estimation. Please run analyze_power_grid after instances are placed.
[WARNING PSM-0071] Instance _13246_ is not placed. Therefore, the power drawn by this instance is not considered for IR  drop estimation. Please run analyze_power_grid after instances are placed.
[WARNING PSM-0071] Instance _13247_ is not placed. Therefore, the power drawn by this instance is not considered for IR  drop estimation. Please run analyze_power_grid after instances are placed.
[WARNING PSM-0071] Instance _13248_ is not placed. Therefore, the power drawn by this instance is not considered for IR  drop estimation. Please run analyze_power_grid after instances are placed.
[WARNING PSM-0071] Instance _13249_ is not placed. Therefore, the power drawn by this instance is not considered for IR  drop estimation. Please run analyze_power_grid after instances are placed.
[WARNING PSM-0071] Instance _13250_ is not placed. Therefore, the power drawn by this instance is not considered for IR  drop estimation. Please run analyze_power_grid after instances are placed.
[WARNING PSM-0071] Instance _13251_ is not placed. Therefore, the power drawn by this instance is not considered for IR  drop estimation. Please run analyze_power_grid after instances are placed.
[WARNING PSM-0071] Instance _13252_ is not placed. Therefore, the power drawn by this instance is not considered for IR  drop estimation. Please run analyze_power_grid after instances are placed.
[WARNING PSM-0071] Instance _13253_ is not placed. Therefore, the power drawn by this instance is not considered for IR  drop estimation. Please run analyze_power_grid after instances are placed.
[WARNING PSM-0071] Instance _13254_ is not placed. Therefore, the power drawn by this instance is not considered for IR  drop estimation. Please run analyze_power_grid after instances are placed.
[WARNING PSM-0071] Instance _13255_ is not placed. Therefore, the power drawn by this instance is not considered for IR  drop estimation. Please run analyze_power_grid after instances are placed.
[WARNING PSM-0071] Instance _13256_ is not placed. Therefore, the power drawn by this instance is not considered for IR  drop estimation. Please run analyze_power_grid after instances are placed.
[WARNING PSM-0071] Instance _13257_ is not placed. Therefore, the power drawn by this instance is not considered for IR  drop estimation. Please run analyze_power_grid after instances are placed.
[WARNING PSM-0071] Instance _13258_ is not placed. Therefore, the power drawn by this instance is not considered for IR  drop estimation. Please run analyze_power_grid after instances are placed.
[WARNING PSM-0071] Instance _13259_ is not placed. Therefore, the power drawn by this instance is not considered for IR  drop estimation. Please run analyze_power_grid after instances are placed.
[WARNING PSM-0071] Instance _13260_ is not placed. Therefore, the power drawn by this instance is not considered for IR  drop estimation. Please run analyze_power_grid after instances are placed.
[WARNING PSM-0071] Instance _13261_ is not placed. Therefore, the power drawn by this instance is not considered for IR  drop estimation. Please run analyze_power_grid after instances are placed.
[WARNING PSM-0071] Instance _13262_ is not placed. Therefore, the power drawn by this instance is not considered for IR  drop estimation. Please run analyze_power_grid after instances are placed.
[WARNING PSM-0071] Instance _13263_ is not placed. Therefore, the power drawn by this instance is not considered for IR  drop estimation. Please run analyze_power_grid after instances are placed.
[WARNING PSM-0071] Instance _13264_ is not placed. Therefore, the power drawn by this instance is not considered for IR  drop estimation. Please run analyze_power_grid after instances are placed.
[WARNING PSM-0071] Instance _13265_ is not placed. Therefore, the power drawn by this instance is not considered for IR  drop estimation. Please run analyze_power_grid after instances are placed.
[WARNING PSM-0071] Instance _13266_ is not placed. Therefore, the power drawn by this instance is not considered for IR  drop estimation. Please run analyze_power_grid after instances are placed.
[WARNING PSM-0071] Instance _13267_ is not placed. Therefore, the power drawn by this instance is not considered for IR  drop estimation. Please run analyze_power_grid after instances are placed.
[WARNING PSM-0071] Instance _13268_ is not placed. Therefore, the power drawn by this instance is not considered for IR  drop estimation. Please run analyze_power_grid after instances are placed.
[WARNING PSM-0071] Instance _13269_ is not placed. Therefore, the power drawn by this instance is not considered for IR  drop estimation. Please run analyze_power_grid after instances are placed.
[WARNING PSM-0071] Instance _13270_ is not placed. Therefore, the power drawn by this instance is not considered for IR  drop estimation. Please run analyze_power_grid after instances are placed.
[WARNING PSM-0071] Instance _13271_ is not placed. Therefore, the power drawn by this instance is not considered for IR  drop estimation. Please run analyze_power_grid after instances are placed.
[WARNING PSM-0071] Instance _13272_ is not placed. Therefore, the power drawn by this instance is not considered for IR  drop estimation. Please run analyze_power_grid after instances are placed.
[WARNING PSM-0071] Instance _13273_ is not placed. Therefore, the power drawn by this instance is not considered for IR  drop estimation. Please run analyze_power_grid after instances are placed.
[WARNING PSM-0071] Instance _13274_ is not placed. Therefore, the power drawn by this instance is not considered for IR  drop estimation. Please run analyze_power_grid after instances are placed.
[WARNING PSM-0071] Instance _13275_ is not placed. Therefore, the power drawn by this instance is not considered for IR  drop estimation. Please run analyze_power_grid after instances are placed.
[WARNING PSM-0071] Instance _13276_ is not placed. Therefore, the power drawn by this instance is not considered for IR  drop estimation. Please run analyze_power_grid after instances are placed.
[WARNING PSM-0071] Instance _13277_ is not placed. Therefore, the power drawn by this instance is not considered for IR  drop estimation. Please run analyze_power_grid after instances are placed.
[WARNING PSM-0071] Instance _13278_ is not placed. Therefore, the power drawn by this instance is not considered for IR  drop estimation. Please run analyze_power_grid after instances are placed.
[WARNING PSM-0071] Instance _13279_ is not placed. Therefore, the power drawn by this instance is not considered for IR  drop estimation. Please run analyze_power_grid after instances are placed.
[WARNING PSM-0071] Instance _13280_ is not placed. Therefore, the power drawn by this instance is not considered for IR  drop estimation. Please run analyze_power_grid after instances are placed.
[WARNING PSM-0071] Instance _13281_ is not placed. Therefore, the power drawn by this instance is not considered for IR  drop estimation. Please run analyze_power_grid after instances are placed.
[WARNING PSM-0071] Instance _13282_ is not placed. Therefore, the power drawn by this instance is not considered for IR  drop estimation. Please run analyze_power_grid after instances are placed.
[WARNING PSM-0071] Instance _13283_ is not placed. Therefore, the power drawn by this instance is not considered for IR  drop estimation. Please run analyze_power_grid after instances are placed.
[WARNING PSM-0071] Instance _13284_ is not placed. Therefore, the power drawn by this instance is not considered for IR  drop estimation. Please run analyze_power_grid after instances are placed.
[WARNING PSM-0071] Instance _13285_ is not placed. Therefore, the power drawn by this instance is not considered for IR  drop estimation. Please run analyze_power_grid after instances are placed.
[WARNING PSM-0071] Instance _13286_ is not placed. Therefore, the power drawn by this instance is not considered for IR  drop estimation. Please run analyze_power_grid after instances are placed.
[WARNING PSM-0071] Instance _13287_ is not placed. Therefore, the power drawn by this instance is not considered for IR  drop estimation. Please run analyze_power_grid after instances are placed.
[WARNING PSM-0071] Instance _13288_ is not placed. Therefore, the power drawn by this instance is not considered for IR  drop estimation. Please run analyze_power_grid after instances are placed.
[WARNING PSM-0071] Instance _13289_ is not placed. Therefore, the power drawn by this instance is not considered for IR  drop estimation. Please run analyze_power_grid after instances are placed.
[WARNING PSM-0071] Instance _13290_ is not placed. Therefore, the power drawn by this instance is not considered for IR  drop estimation. Please run analyze_power_grid after instances are placed.
[WARNING PSM-0071] Instance _13291_ is not placed. Therefore, the power drawn by this instance is not considered for IR  drop estimation. Please run analyze_power_grid after instances are placed.
[WARNING PSM-0071] Instance _13292_ is not placed. Therefore, the power drawn by this instance is not considered for IR  drop estimation. Please run analyze_power_grid after instances are placed.
[WARNING PSM-0071] Instance _13293_ is not placed. Therefore, the power drawn by this instance is not considered for IR  drop estimation. Please run analyze_power_grid after instances are placed.
[WARNING PSM-0071] Instance _13294_ is not placed. Therefore, the power drawn by this instance is not considered for IR  drop estimation. Please run analyze_power_grid after instances are placed.
[WARNING PSM-0071] Instance _13295_ is not placed. Therefore, the power drawn by this instance is not considered for IR  drop estimation. Please run analyze_power_grid after instances are placed.
[WARNING PSM-0071] Instance _13296_ is not placed. Therefore, the power drawn by this instance is not considered for IR  drop estimation. Please run analyze_power_grid after instances are placed.
[WARNING PSM-0071] Instance _13297_ is not placed. Therefore, the power drawn by this instance is not considered for IR  drop estimation. Please run analyze_power_grid after instances are placed.
[WARNING PSM-0071] Instance _13298_ is not placed. Therefore, the power drawn by this instance is not considered for IR  drop estimation. Please run analyze_power_grid after instances are placed.
[WARNING PSM-0071] Instance _13299_ is not placed. Therefore, the power drawn by this instance is not considered for IR  drop estimation. Please run analyze_power_grid after instances are placed.
[WARNING PSM-0071] Instance _13300_ is not placed. Therefore, the power drawn by this instance is not considered for IR  drop estimation. Please run analyze_power_grid after instances are placed.
[WARNING PSM-0071] Instance _13301_ is not placed. Therefore, the power drawn by this instance is not considered for IR  drop estimation. Please run analyze_power_grid after instances are placed.
[WARNING PSM-0071] Instance _13302_ is not placed. Therefore, the power drawn by this instance is not considered for IR  drop estimation. Please run analyze_power_grid after instances are placed.
[WARNING PSM-0071] Instance _13303_ is not placed. Therefore, the power drawn by this instance is not considered for IR  drop estimation. Please run analyze_power_grid after instances are placed.
[WARNING PSM-0071] Instance _13304_ is not placed. Therefore, the power drawn by this instance is not considered for IR  drop estimation. Please run analyze_power_grid after instances are placed.
[WARNING PSM-0071] Instance _13305_ is not placed. Therefore, the power drawn by this instance is not considered for IR  drop estimation. Please run analyze_power_grid after instances are placed.
[WARNING PSM-0071] Instance _13306_ is not placed. Therefore, the power drawn by this instance is not considered for IR  drop estimation. Please run analyze_power_grid after instances are placed.
[WARNING PSM-0071] Instance _13307_ is not placed. Therefore, the power drawn by this instance is not considered for IR  drop estimation. Please run analyze_power_grid after instances are placed.
[WARNING PSM-0071] Instance _13308_ is not placed. Therefore, the power drawn by this instance is not considered for IR  drop estimation. Please run analyze_power_grid after instances are placed.
[WARNING PSM-0071] Instance _13309_ is not placed. Therefore, the power drawn by this instance is not considered for IR  drop estimation. Please run analyze_power_grid after instances are placed.
[WARNING PSM-0071] Instance _13310_ is not placed. Therefore, the power drawn by this instance is not considered for IR  drop estimation. Please run analyze_power_grid after instances are placed.
[WARNING PSM-0071] Instance _13311_ is not placed. Therefore, the power drawn by this instance is not considered for IR  drop estimation. Please run analyze_power_grid after instances are placed.
[WARNING PSM-0071] Instance _13312_ is not placed. Therefore, the power drawn by this instance is not considered for IR  drop estimation. Please run analyze_power_grid after instances are placed.
[WARNING PSM-0071] Instance _13313_ is not placed. Therefore, the power drawn by this instance is not considered for IR  drop estimation. Please run analyze_power_grid after instances are placed.
[WARNING PSM-0071] Instance _13314_ is not placed. Therefore, the power drawn by this instance is not considered for IR  drop estimation. Please run analyze_power_grid after instances are placed.
[WARNING PSM-0071] Instance _13315_ is not placed. Therefore, the power drawn by this instance is not considered for IR  drop estimation. Please run analyze_power_grid after instances are placed.
[WARNING PSM-0071] Instance _13316_ is not placed. Therefore, the power drawn by this instance is not considered for IR  drop estimation. Please run analyze_power_grid after instances are placed.
[WARNING PSM-0071] Instance _13317_ is not placed. Therefore, the power drawn by this instance is not considered for IR  drop estimation. Please run analyze_power_grid after instances are placed.
[WARNING PSM-0071] Instance _13318_ is not placed. Therefore, the power drawn by this instance is not considered for IR  drop estimation. Please run analyze_power_grid after instances are placed.
[WARNING PSM-0071] Instance _13319_ is not placed. Therefore, the power drawn by this instance is not considered for IR  drop estimation. Please run analyze_power_grid after instances are placed.
[WARNING PSM-0071] Instance _13320_ is not placed. Therefore, the power drawn by this instance is not considered for IR  drop estimation. Please run analyze_power_grid after instances are placed.
[WARNING PSM-0071] Instance _13321_ is not placed. Therefore, the power drawn by this instance is not considered for IR  drop estimation. Please run analyze_power_grid after instances are placed.
[WARNING PSM-0071] Instance _13322_ is not placed. Therefore, the power drawn by this instance is not considered for IR  drop estimation. Please run analyze_power_grid after instances are placed.
[WARNING PSM-0071] Instance _13323_ is not placed. Therefore, the power drawn by this instance is not considered for IR  drop estimation. Please run analyze_power_grid after instances are placed.
[WARNING PSM-0071] Instance _13324_ is not placed. Therefore, the power drawn by this instance is not considered for IR  drop estimation. Please run analyze_power_grid after instances are placed.
[WARNING PSM-0071] Instance _13325_ is not placed. Therefore, the power drawn by this instance is not considered for IR  drop estimation. Please run analyze_power_grid after instances are placed.
[WARNING PSM-0071] Instance _13326_ is not placed. Therefore, the power drawn by this instance is not considered for IR  drop estimation. Please run analyze_power_grid after instances are placed.
[WARNING PSM-0071] Instance _13327_ is not placed. Therefore, the power drawn by this instance is not considered for IR  drop estimation. Please run analyze_power_grid after instances are placed.
[WARNING PSM-0071] Instance _13328_ is not placed. Therefore, the power drawn by this instance is not considered for IR  drop estimation. Please run analyze_power_grid after instances are placed.
[WARNING PSM-0071] Instance _13329_ is not placed. Therefore, the power drawn by this instance is not considered for IR  drop estimation. Please run analyze_power_grid after instances are placed.
[WARNING PSM-0071] Instance _13330_ is not placed. Therefore, the power drawn by this instance is not considered for IR  drop estimation. Please run analyze_power_grid after instances are placed.
[WARNING PSM-0071] Instance _13331_ is not placed. Therefore, the power drawn by this instance is not considered for IR  drop estimation. Please run analyze_power_grid after instances are placed.
[WARNING PSM-0071] Instance _13332_ is not placed. Therefore, the power drawn by this instance is not considered for IR  drop estimation. Please run analyze_power_grid after instances are placed.
[WARNING PSM-0071] Instance _13333_ is not placed. Therefore, the power drawn by this instance is not considered for IR  drop estimation. Please run analyze_power_grid after instances are placed.
[WARNING PSM-0071] Instance _13334_ is not placed. Therefore, the power drawn by this instance is not considered for IR  drop estimation. Please run analyze_power_grid after instances are placed.
[WARNING PSM-0071] Instance _13335_ is not placed. Therefore, the power drawn by this instance is not considered for IR  drop estimation. Please run analyze_power_grid after instances are placed.
[WARNING PSM-0071] Instance _13336_ is not placed. Therefore, the power drawn by this instance is not considered for IR  drop estimation. Please run analyze_power_grid after instances are placed.
[WARNING PSM-0071] Instance _13337_ is not placed. Therefore, the power drawn by this instance is not considered for IR  drop estimation. Please run analyze_power_grid after instances are placed.
[WARNING PSM-0071] Instance _13338_ is not placed. Therefore, the power drawn by this instance is not considered for IR  drop estimation. Please run analyze_power_grid after instances are placed.
[WARNING PSM-0071] Instance _13339_ is not placed. Therefore, the power drawn by this instance is not considered for IR  drop estimation. Please run analyze_power_grid after instances are placed.
[WARNING PSM-0071] Instance _13340_ is not placed. Therefore, the power drawn by this instance is not considered for IR  drop estimation. Please run analyze_power_grid after instances are placed.
[WARNING PSM-0071] Instance _13341_ is not placed. Therefore, the power drawn by this instance is not considered for IR  drop estimation. Please run analyze_power_grid after instances are placed.
[WARNING PSM-0071] Instance _13342_ is not placed. Therefore, the power drawn by this instance is not considered for IR  drop estimation. Please run analyze_power_grid after instances are placed.
[WARNING PSM-0071] Instance _13343_ is not placed. Therefore, the power drawn by this instance is not considered for IR  drop estimation. Please run analyze_power_grid after instances are placed.
[WARNING PSM-0071] Instance _13344_ is not placed. Therefore, the power drawn by this instance is not considered for IR  drop estimation. Please run analyze_power_grid after instances are placed.
[WARNING PSM-0071] Instance _13345_ is not placed. Therefore, the power drawn by this instance is not considered for IR  drop estimation. Please run analyze_power_grid after instances are placed.
[WARNING PSM-0071] Instance _13346_ is not placed. Therefore, the power drawn by this instance is not considered for IR  drop estimation. Please run analyze_power_grid after instances are placed.
[WARNING PSM-0071] Instance _13347_ is not placed. Therefore, the power drawn by this instance is not considered for IR  drop estimation. Please run analyze_power_grid after instances are placed.
[WARNING PSM-0071] Instance _13348_ is not placed. Therefore, the power drawn by this instance is not considered for IR  drop estimation. Please run analyze_power_grid after instances are placed.
[WARNING PSM-0071] Instance _13349_ is not placed. Therefore, the power drawn by this instance is not considered for IR  drop estimation. Please run analyze_power_grid after instances are placed.
[WARNING PSM-0071] Instance _13350_ is not placed. Therefore, the power drawn by this instance is not considered for IR  drop estimation. Please run analyze_power_grid after instances are placed.
[WARNING PSM-0071] Instance _13351_ is not placed. Therefore, the power drawn by this instance is not considered for IR  drop estimation. Please run analyze_power_grid after instances are placed.
[WARNING PSM-0071] Instance _13352_ is not placed. Therefore, the power drawn by this instance is not considered for IR  drop estimation. Please run analyze_power_grid after instances are placed.
[WARNING PSM-0071] Instance _13353_ is not placed. Therefore, the power drawn by this instance is not considered for IR  drop estimation. Please run analyze_power_grid after instances are placed.
[WARNING PSM-0071] Instance _13354_ is not placed. Therefore, the power drawn by this instance is not considered for IR  drop estimation. Please run analyze_power_grid after instances are placed.
[WARNING PSM-0071] Instance _13355_ is not placed. Therefore, the power drawn by this instance is not considered for IR  drop estimation. Please run analyze_power_grid after instances are placed.
[WARNING PSM-0071] Instance _13356_ is not placed. Therefore, the power drawn by this instance is not considered for IR  drop estimation. Please run analyze_power_grid after instances are placed.
[WARNING PSM-0071] Instance _13357_ is not placed. Therefore, the power drawn by this instance is not considered for IR  drop estimation. Please run analyze_power_grid after instances are placed.
[WARNING PSM-0071] Instance _13358_ is not placed. Therefore, the power drawn by this instance is not considered for IR  drop estimation. Please run analyze_power_grid after instances are placed.
[WARNING PSM-0071] Instance _13359_ is not placed. Therefore, the power drawn by this instance is not considered for IR  drop estimation. Please run analyze_power_grid after instances are placed.
[WARNING PSM-0071] Instance _13360_ is not placed. Therefore, the power drawn by this instance is not considered for IR  drop estimation. Please run analyze_power_grid after instances are placed.
[WARNING PSM-0071] Instance _13361_ is not placed. Therefore, the power drawn by this instance is not considered for IR  drop estimation. Please run analyze_power_grid after instances are placed.
[WARNING PSM-0071] Instance _13362_ is not placed. Therefore, the power drawn by this instance is not considered for IR  drop estimation. Please run analyze_power_grid after instances are placed.
[WARNING PSM-0071] Instance _13363_ is not placed. Therefore, the power drawn by this instance is not considered for IR  drop estimation. Please run analyze_power_grid after instances are placed.
[WARNING PSM-0071] Instance _13364_ is not placed. Therefore, the power drawn by this instance is not considered for IR  drop estimation. Please run analyze_power_grid after instances are placed.
[WARNING PSM-0071] Instance _13365_ is not placed. Therefore, the power drawn by this instance is not considered for IR  drop estimation. Please run analyze_power_grid after instances are placed.
[WARNING PSM-0071] Instance _13366_ is not placed. Therefore, the power drawn by this instance is not considered for IR  drop estimation. Please run analyze_power_grid after instances are placed.
[WARNING PSM-0071] Instance _13367_ is not placed. Therefore, the power drawn by this instance is not considered for IR  drop estimation. Please run analyze_power_grid after instances are placed.
[WARNING PSM-0071] Instance _13368_ is not placed. Therefore, the power drawn by this instance is not considered for IR  drop estimation. Please run analyze_power_grid after instances are placed.
[WARNING PSM-0071] Instance _13369_ is not placed. Therefore, the power drawn by this instance is not considered for IR  drop estimation. Please run analyze_power_grid after instances are placed.
[WARNING PSM-0071] Instance _13370_ is not placed. Therefore, the power drawn by this instance is not considered for IR  drop estimation. Please run analyze_power_grid after instances are placed.
[WARNING PSM-0071] Instance _13371_ is not placed. Therefore, the power drawn by this instance is not considered for IR  drop estimation. Please run analyze_power_grid after instances are placed.
[WARNING PSM-0071] Instance _13372_ is not placed. Therefore, the power drawn by this instance is not considered for IR  drop estimation. Please run analyze_power_grid after instances are placed.
[WARNING PSM-0071] Instance _13373_ is not placed. Therefore, the power drawn by this instance is not considered for IR  drop estimation. Please run analyze_power_grid after instances are placed.
[WARNING PSM-0071] Instance _13374_ is not placed. Therefore, the power drawn by this instance is not considered for IR  drop estimation. Please run analyze_power_grid after instances are placed.
[WARNING PSM-0071] Instance _13375_ is not placed. Therefore, the power drawn by this instance is not considered for IR  drop estimation. Please run analyze_power_grid after instances are placed.
[WARNING PSM-0071] Instance _13376_ is not placed. Therefore, the power drawn by this instance is not considered for IR  drop estimation. Please run analyze_power_grid after instances are placed.
[WARNING PSM-0071] Instance _13377_ is not placed. Therefore, the power drawn by this instance is not considered for IR  drop estimation. Please run analyze_power_grid after instances are placed.
[WARNING PSM-0071] Instance _13378_ is not placed. Therefore, the power drawn by this instance is not considered for IR  drop estimation. Please run analyze_power_grid after instances are placed.
[WARNING PSM-0071] Instance _13379_ is not placed. Therefore, the power drawn by this instance is not considered for IR  drop estimation. Please run analyze_power_grid after instances are placed.
[WARNING PSM-0071] Instance _13380_ is not placed. Therefore, the power drawn by this instance is not considered for IR  drop estimation. Please run analyze_power_grid after instances are placed.
[WARNING PSM-0071] Instance _13381_ is not placed. Therefore, the power drawn by this instance is not considered for IR  drop estimation. Please run analyze_power_grid after instances are placed.
[WARNING PSM-0071] Instance _13382_ is not placed. Therefore, the power drawn by this instance is not considered for IR  drop estimation. Please run analyze_power_grid after instances are placed.
[WARNING PSM-0071] Instance _13383_ is not placed. Therefore, the power drawn by this instance is not considered for IR  drop estimation. Please run analyze_power_grid after instances are placed.
[WARNING PSM-0071] Instance _13384_ is not placed. Therefore, the power drawn by this instance is not considered for IR  drop estimation. Please run analyze_power_grid after instances are placed.
[WARNING PSM-0071] Instance _13385_ is not placed. Therefore, the power drawn by this instance is not considered for IR  drop estimation. Please run analyze_power_grid after instances are placed.
[WARNING PSM-0071] Instance _13386_ is not placed. Therefore, the power drawn by this instance is not considered for IR  drop estimation. Please run analyze_power_grid after instances are placed.
[WARNING PSM-0071] Instance _13387_ is not placed. Therefore, the power drawn by this instance is not considered for IR  drop estimation. Please run analyze_power_grid after instances are placed.
[WARNING PSM-0071] Instance _13388_ is not placed. Therefore, the power drawn by this instance is not considered for IR  drop estimation. Please run analyze_power_grid after instances are placed.
[WARNING PSM-0071] Instance _13389_ is not placed. Therefore, the power drawn by this instance is not considered for IR  drop estimation. Please run analyze_power_grid after instances are placed.
[WARNING PSM-0071] Instance _13390_ is not placed. Therefore, the power drawn by this instance is not considered for IR  drop estimation. Please run analyze_power_grid after instances are placed.
[WARNING PSM-0071] Instance _13391_ is not placed. Therefore, the power drawn by this instance is not considered for IR  drop estimation. Please run analyze_power_grid after instances are placed.
[WARNING PSM-0071] Instance _13392_ is not placed. Therefore, the power drawn by this instance is not considered for IR  drop estimation. Please run analyze_power_grid after instances are placed.
[WARNING PSM-0071] Instance _13393_ is not placed. Therefore, the power drawn by this instance is not considered for IR  drop estimation. Please run analyze_power_grid after instances are placed.
[WARNING PSM-0071] Instance _13394_ is not placed. Therefore, the power drawn by this instance is not considered for IR  drop estimation. Please run analyze_power_grid after instances are placed.
[WARNING PSM-0071] Instance _13395_ is not placed. Therefore, the power drawn by this instance is not considered for IR  drop estimation. Please run analyze_power_grid after instances are placed.
[WARNING PSM-0071] Instance _13396_ is not placed. Therefore, the power drawn by this instance is not considered for IR  drop estimation. Please run analyze_power_grid after instances are placed.
[WARNING PSM-0071] Instance _13397_ is not placed. Therefore, the power drawn by this instance is not considered for IR  drop estimation. Please run analyze_power_grid after instances are placed.
[WARNING PSM-0071] Instance _13398_ is not placed. Therefore, the power drawn by this instance is not considered for IR  drop estimation. Please run analyze_power_grid after instances are placed.
[WARNING PSM-0071] Instance _13399_ is not placed. Therefore, the power drawn by this instance is not considered for IR  drop estimation. Please run analyze_power_grid after instances are placed.
[WARNING PSM-0071] Instance _13400_ is not placed. Therefore, the power drawn by this instance is not considered for IR  drop estimation. Please run analyze_power_grid after instances are placed.
[WARNING PSM-0071] Instance _13401_ is not placed. Therefore, the power drawn by this instance is not considered for IR  drop estimation. Please run analyze_power_grid after instances are placed.
[WARNING PSM-0071] Instance _13402_ is not placed. Therefore, the power drawn by this instance is not considered for IR  drop estimation. Please run analyze_power_grid after instances are placed.
[WARNING PSM-0071] Instance _13403_ is not placed. Therefore, the power drawn by this instance is not considered for IR  drop estimation. Please run analyze_power_grid after instances are placed.
[WARNING PSM-0071] Instance _13404_ is not placed. Therefore, the power drawn by this instance is not considered for IR  drop estimation. Please run analyze_power_grid after instances are placed.
[WARNING PSM-0071] Instance _13405_ is not placed. Therefore, the power drawn by this instance is not considered for IR  drop estimation. Please run analyze_power_grid after instances are placed.
[WARNING PSM-0071] Instance _13406_ is not placed. Therefore, the power drawn by this instance is not considered for IR  drop estimation. Please run analyze_power_grid after instances are placed.
[WARNING PSM-0071] Instance _13407_ is not placed. Therefore, the power drawn by this instance is not considered for IR  drop estimation. Please run analyze_power_grid after instances are placed.
[WARNING PSM-0071] Instance _13408_ is not placed. Therefore, the power drawn by this instance is not considered for IR  drop estimation. Please run analyze_power_grid after instances are placed.
[WARNING PSM-0071] Instance _13409_ is not placed. Therefore, the power drawn by this instance is not considered for IR  drop estimation. Please run analyze_power_grid after instances are placed.
[WARNING PSM-0071] Instance _13410_ is not placed. Therefore, the power drawn by this instance is not considered for IR  drop estimation. Please run analyze_power_grid after instances are placed.
[WARNING PSM-0071] Instance _13411_ is not placed. Therefore, the power drawn by this instance is not considered for IR  drop estimation. Please run analyze_power_grid after instances are placed.
[WARNING PSM-0071] Instance _13412_ is not placed. Therefore, the power drawn by this instance is not considered for IR  drop estimation. Please run analyze_power_grid after instances are placed.
[WARNING PSM-0071] Instance _13413_ is not placed. Therefore, the power drawn by this instance is not considered for IR  drop estimation. Please run analyze_power_grid after instances are placed.
[WARNING PSM-0071] Instance _13414_ is not placed. Therefore, the power drawn by this instance is not considered for IR  drop estimation. Please run analyze_power_grid after instances are placed.
[WARNING PSM-0071] Instance _13415_ is not placed. Therefore, the power drawn by this instance is not considered for IR  drop estimation. Please run analyze_power_grid after instances are placed.
[WARNING PSM-0071] Instance _13416_ is not placed. Therefore, the power drawn by this instance is not considered for IR  drop estimation. Please run analyze_power_grid after instances are placed.
[WARNING PSM-0071] Instance _13417_ is not placed. Therefore, the power drawn by this instance is not considered for IR  drop estimation. Please run analyze_power_grid after instances are placed.
[WARNING PSM-0071] Instance _13418_ is not placed. Therefore, the power drawn by this instance is not considered for IR  drop estimation. Please run analyze_power_grid after instances are placed.
[WARNING PSM-0071] Instance _13419_ is not placed. Therefore, the power drawn by this instance is not considered for IR  drop estimation. Please run analyze_power_grid after instances are placed.
[WARNING PSM-0071] Instance _13420_ is not placed. Therefore, the power drawn by this instance is not considered for IR  drop estimation. Please run analyze_power_grid after instances are placed.
[WARNING PSM-0071] Instance _13421_ is not placed. Therefore, the power drawn by this instance is not considered for IR  drop estimation. Please run analyze_power_grid after instances are placed.
[WARNING PSM-0071] Instance _13422_ is not placed. Therefore, the power drawn by this instance is not considered for IR  drop estimation. Please run analyze_power_grid after instances are placed.
[WARNING PSM-0071] Instance _13423_ is not placed. Therefore, the power drawn by this instance is not considered for IR  drop estimation. Please run analyze_power_grid after instances are placed.
[WARNING PSM-0071] Instance _13424_ is not placed. Therefore, the power drawn by this instance is not considered for IR  drop estimation. Please run analyze_power_grid after instances are placed.
[WARNING PSM-0071] Instance _13425_ is not placed. Therefore, the power drawn by this instance is not considered for IR  drop estimation. Please run analyze_power_grid after instances are placed.
[WARNING PSM-0071] Instance _13426_ is not placed. Therefore, the power drawn by this instance is not considered for IR  drop estimation. Please run analyze_power_grid after instances are placed.
[WARNING PSM-0071] Instance _13427_ is not placed. Therefore, the power drawn by this instance is not considered for IR  drop estimation. Please run analyze_power_grid after instances are placed.
[WARNING PSM-0071] Instance _13428_ is not placed. Therefore, the power drawn by this instance is not considered for IR  drop estimation. Please run analyze_power_grid after instances are placed.
[WARNING PSM-0071] Instance _13429_ is not placed. Therefore, the power drawn by this instance is not considered for IR  drop estimation. Please run analyze_power_grid after instances are placed.
[WARNING PSM-0071] Instance _13430_ is not placed. Therefore, the power drawn by this instance is not considered for IR  drop estimation. Please run analyze_power_grid after instances are placed.
[WARNING PSM-0071] Instance _13431_ is not placed. Therefore, the power drawn by this instance is not considered for IR  drop estimation. Please run analyze_power_grid after instances are placed.
[WARNING PSM-0071] Instance _13432_ is not placed. Therefore, the power drawn by this instance is not considered for IR  drop estimation. Please run analyze_power_grid after instances are placed.
[WARNING PSM-0071] Instance _13433_ is not placed. Therefore, the power drawn by this instance is not considered for IR  drop estimation. Please run analyze_power_grid after instances are placed.
[WARNING PSM-0071] Instance _13434_ is not placed. Therefore, the power drawn by this instance is not considered for IR  drop estimation. Please run analyze_power_grid after instances are placed.
[WARNING PSM-0071] Instance _13435_ is not placed. Therefore, the power drawn by this instance is not considered for IR  drop estimation. Please run analyze_power_grid after instances are placed.
[WARNING PSM-0071] Instance _13436_ is not placed. Therefore, the power drawn by this instance is not considered for IR  drop estimation. Please run analyze_power_grid after instances are placed.
[WARNING PSM-0071] Instance _13437_ is not placed. Therefore, the power drawn by this instance is not considered for IR  drop estimation. Please run analyze_power_grid after instances are placed.
[WARNING PSM-0071] Instance _13438_ is not placed. Therefore, the power drawn by this instance is not considered for IR  drop estimation. Please run analyze_power_grid after instances are placed.
[WARNING PSM-0071] Instance _13439_ is not placed. Therefore, the power drawn by this instance is not considered for IR  drop estimation. Please run analyze_power_grid after instances are placed.
[WARNING PSM-0071] Instance _13440_ is not placed. Therefore, the power drawn by this instance is not considered for IR  drop estimation. Please run analyze_power_grid after instances are placed.
[WARNING PSM-0071] Instance _13441_ is not placed. Therefore, the power drawn by this instance is not considered for IR  drop estimation. Please run analyze_power_grid after instances are placed.
[WARNING PSM-0071] Instance _13442_ is not placed. Therefore, the power drawn by this instance is not considered for IR  drop estimation. Please run analyze_power_grid after instances are placed.
[WARNING PSM-0071] Instance _13443_ is not placed. Therefore, the power drawn by this instance is not considered for IR  drop estimation. Please run analyze_power_grid after instances are placed.
[WARNING PSM-0071] Instance _13444_ is not placed. Therefore, the power drawn by this instance is not considered for IR  drop estimation. Please run analyze_power_grid after instances are placed.
[WARNING PSM-0071] Instance _13445_ is not placed. Therefore, the power drawn by this instance is not considered for IR  drop estimation. Please run analyze_power_grid after instances are placed.
[WARNING PSM-0071] Instance _13446_ is not placed. Therefore, the power drawn by this instance is not considered for IR  drop estimation. Please run analyze_power_grid after instances are placed.
[WARNING PSM-0071] Instance _13447_ is not placed. Therefore, the power drawn by this instance is not considered for IR  drop estimation. Please run analyze_power_grid after instances are placed.
[WARNING PSM-0071] Instance _13448_ is not placed. Therefore, the power drawn by this instance is not considered for IR  drop estimation. Please run analyze_power_grid after instances are placed.
[WARNING PSM-0071] Instance _13449_ is not placed. Therefore, the power drawn by this instance is not considered for IR  drop estimation. Please run analyze_power_grid after instances are placed.
[WARNING PSM-0071] Instance _13450_ is not placed. Therefore, the power drawn by this instance is not considered for IR  drop estimation. Please run analyze_power_grid after instances are placed.
[WARNING PSM-0071] Instance _13451_ is not placed. Therefore, the power drawn by this instance is not considered for IR  drop estimation. Please run analyze_power_grid after instances are placed.
[WARNING PSM-0071] Instance _13452_ is not placed. Therefore, the power drawn by this instance is not considered for IR  drop estimation. Please run analyze_power_grid after instances are placed.
[WARNING PSM-0071] Instance _13453_ is not placed. Therefore, the power drawn by this instance is not considered for IR  drop estimation. Please run analyze_power_grid after instances are placed.
[WARNING PSM-0071] Instance _13454_ is not placed. Therefore, the power drawn by this instance is not considered for IR  drop estimation. Please run analyze_power_grid after instances are placed.
[WARNING PSM-0071] Instance _13455_ is not placed. Therefore, the power drawn by this instance is not considered for IR  drop estimation. Please run analyze_power_grid after instances are placed.
[WARNING PSM-0071] Instance _13456_ is not placed. Therefore, the power drawn by this instance is not considered for IR  drop estimation. Please run analyze_power_grid after instances are placed.
[WARNING PSM-0071] Instance _13457_ is not placed. Therefore, the power drawn by this instance is not considered for IR  drop estimation. Please run analyze_power_grid after instances are placed.
[WARNING PSM-0071] Instance _13458_ is not placed. Therefore, the power drawn by this instance is not considered for IR  drop estimation. Please run analyze_power_grid after instances are placed.
[WARNING PSM-0071] Instance _13459_ is not placed. Therefore, the power drawn by this instance is not considered for IR  drop estimation. Please run analyze_power_grid after instances are placed.
[WARNING PSM-0071] Instance _13460_ is not placed. Therefore, the power drawn by this instance is not considered for IR  drop estimation. Please run analyze_power_grid after instances are placed.
[WARNING PSM-0071] Instance _13461_ is not placed. Therefore, the power drawn by this instance is not considered for IR  drop estimation. Please run analyze_power_grid after instances are placed.
[WARNING PSM-0071] Instance _13462_ is not placed. Therefore, the power drawn by this instance is not considered for IR  drop estimation. Please run analyze_power_grid after instances are placed.
[WARNING PSM-0071] Instance _13463_ is not placed. Therefore, the power drawn by this instance is not considered for IR  drop estimation. Please run analyze_power_grid after instances are placed.
[WARNING PSM-0071] Instance _13464_ is not placed. Therefore, the power drawn by this instance is not considered for IR  drop estimation. Please run analyze_power_grid after instances are placed.
[WARNING PSM-0071] Instance _13465_ is not placed. Therefore, the power drawn by this instance is not considered for IR  drop estimation. Please run analyze_power_grid after instances are placed.
[WARNING PSM-0071] Instance _13466_ is not placed. Therefore, the power drawn by this instance is not considered for IR  drop estimation. Please run analyze_power_grid after instances are placed.
[WARNING PSM-0071] Instance _13467_ is not placed. Therefore, the power drawn by this instance is not considered for IR  drop estimation. Please run analyze_power_grid after instances are placed.
[WARNING PSM-0071] Instance _13468_ is not placed. Therefore, the power drawn by this instance is not considered for IR  drop estimation. Please run analyze_power_grid after instances are placed.
[WARNING PSM-0071] Instance _13469_ is not placed. Therefore, the power drawn by this instance is not considered for IR  drop estimation. Please run analyze_power_grid after instances are placed.
[WARNING PSM-0071] Instance _13470_ is not placed. Therefore, the power drawn by this instance is not considered for IR  drop estimation. Please run analyze_power_grid after instances are placed.
[WARNING PSM-0071] Instance _13471_ is not placed. Therefore, the power drawn by this instance is not considered for IR  drop estimation. Please run analyze_power_grid after instances are placed.
[WARNING PSM-0071] Instance _13472_ is not placed. Therefore, the power drawn by this instance is not considered for IR  drop estimation. Please run analyze_power_grid after instances are placed.
[WARNING PSM-0071] Instance _13473_ is not placed. Therefore, the power drawn by this instance is not considered for IR  drop estimation. Please run analyze_power_grid after instances are placed.
[WARNING PSM-0071] Instance _13474_ is not placed. Therefore, the power drawn by this instance is not considered for IR  drop estimation. Please run analyze_power_grid after instances are placed.
[WARNING PSM-0071] Instance _13475_ is not placed. Therefore, the power drawn by this instance is not considered for IR  drop estimation. Please run analyze_power_grid after instances are placed.
[WARNING PSM-0071] Instance _13476_ is not placed. Therefore, the power drawn by this instance is not considered for IR  drop estimation. Please run analyze_power_grid after instances are placed.
[WARNING PSM-0071] Instance _13477_ is not placed. Therefore, the power drawn by this instance is not considered for IR  drop estimation. Please run analyze_power_grid after instances are placed.
[WARNING PSM-0071] Instance _13478_ is not placed. Therefore, the power drawn by this instance is not considered for IR  drop estimation. Please run analyze_power_grid after instances are placed.
[WARNING PSM-0071] Instance _13479_ is not placed. Therefore, the power drawn by this instance is not considered for IR  drop estimation. Please run analyze_power_grid after instances are placed.
[WARNING PSM-0071] Instance _13480_ is not placed. Therefore, the power drawn by this instance is not considered for IR  drop estimation. Please run analyze_power_grid after instances are placed.
[WARNING PSM-0071] Instance _13481_ is not placed. Therefore, the power drawn by this instance is not considered for IR  drop estimation. Please run analyze_power_grid after instances are placed.
[WARNING PSM-0071] Instance _13482_ is not placed. Therefore, the power drawn by this instance is not considered for IR  drop estimation. Please run analyze_power_grid after instances are placed.
[WARNING PSM-0071] Instance _13483_ is not placed. Therefore, the power drawn by this instance is not considered for IR  drop estimation. Please run analyze_power_grid after instances are placed.
[WARNING PSM-0071] Instance _13484_ is not placed. Therefore, the power drawn by this instance is not considered for IR  drop estimation. Please run analyze_power_grid after instances are placed.
[WARNING PSM-0071] Instance _13485_ is not placed. Therefore, the power drawn by this instance is not considered for IR  drop estimation. Please run analyze_power_grid after instances are placed.
[WARNING PSM-0071] Instance _13486_ is not placed. Therefore, the power drawn by this instance is not considered for IR  drop estimation. Please run analyze_power_grid after instances are placed.
[WARNING PSM-0071] Instance _13487_ is not placed. Therefore, the power drawn by this instance is not considered for IR  drop estimation. Please run analyze_power_grid after instances are placed.
[WARNING PSM-0071] Instance _13488_ is not placed. Therefore, the power drawn by this instance is not considered for IR  drop estimation. Please run analyze_power_grid after instances are placed.
[WARNING PSM-0071] Instance _13489_ is not placed. Therefore, the power drawn by this instance is not considered for IR  drop estimation. Please run analyze_power_grid after instances are placed.
[WARNING PSM-0071] Instance _13490_ is not placed. Therefore, the power drawn by this instance is not considered for IR  drop estimation. Please run analyze_power_grid after instances are placed.
[WARNING PSM-0071] Instance _13491_ is not placed. Therefore, the power drawn by this instance is not considered for IR  drop estimation. Please run analyze_power_grid after instances are placed.
[WARNING PSM-0071] Instance _13492_ is not placed. Therefore, the power drawn by this instance is not considered for IR  drop estimation. Please run analyze_power_grid after instances are placed.
[WARNING PSM-0071] Instance _13493_ is not placed. Therefore, the power drawn by this instance is not considered for IR  drop estimation. Please run analyze_power_grid after instances are placed.
[WARNING PSM-0071] Instance _13494_ is not placed. Therefore, the power drawn by this instance is not considered for IR  drop estimation. Please run analyze_power_grid after instances are placed.
[WARNING PSM-0071] Instance _13495_ is not placed. Therefore, the power drawn by this instance is not considered for IR  drop estimation. Please run analyze_power_grid after instances are placed.
[WARNING PSM-0071] Instance _13496_ is not placed. Therefore, the power drawn by this instance is not considered for IR  drop estimation. Please run analyze_power_grid after instances are placed.
[WARNING PSM-0071] Instance _13497_ is not placed. Therefore, the power drawn by this instance is not considered for IR  drop estimation. Please run analyze_power_grid after instances are placed.
[WARNING PSM-0071] Instance _13498_ is not placed. Therefore, the power drawn by this instance is not considered for IR  drop estimation. Please run analyze_power_grid after instances are placed.
[WARNING PSM-0071] Instance _13499_ is not placed. Therefore, the power drawn by this instance is not considered for IR  drop estimation. Please run analyze_power_grid after instances are placed.
[WARNING PSM-0071] Instance _13500_ is not placed. Therefore, the power drawn by this instance is not considered for IR  drop estimation. Please run analyze_power_grid after instances are placed.
[WARNING PSM-0071] Instance _13501_ is not placed. Therefore, the power drawn by this instance is not considered for IR  drop estimation. Please run analyze_power_grid after instances are placed.
[WARNING PSM-0071] Instance _13502_ is not placed. Therefore, the power drawn by this instance is not considered for IR  drop estimation. Please run analyze_power_grid after instances are placed.
[WARNING PSM-0071] Instance _13503_ is not placed. Therefore, the power drawn by this instance is not considered for IR  drop estimation. Please run analyze_power_grid after instances are placed.
[WARNING PSM-0071] Instance _13504_ is not placed. Therefore, the power drawn by this instance is not considered for IR  drop estimation. Please run analyze_power_grid after instances are placed.
[WARNING PSM-0071] Instance _13505_ is not placed. Therefore, the power drawn by this instance is not considered for IR  drop estimation. Please run analyze_power_grid after instances are placed.
[WARNING PSM-0071] Instance _13506_ is not placed. Therefore, the power drawn by this instance is not considered for IR  drop estimation. Please run analyze_power_grid after instances are placed.
[WARNING PSM-0071] Instance _13507_ is not placed. Therefore, the power drawn by this instance is not considered for IR  drop estimation. Please run analyze_power_grid after instances are placed.
[WARNING PSM-0071] Instance _13508_ is not placed. Therefore, the power drawn by this instance is not considered for IR  drop estimation. Please run analyze_power_grid after instances are placed.
[WARNING PSM-0071] Instance _13509_ is not placed. Therefore, the power drawn by this instance is not considered for IR  drop estimation. Please run analyze_power_grid after instances are placed.
[WARNING PSM-0071] Instance _13510_ is not placed. Therefore, the power drawn by this instance is not considered for IR  drop estimation. Please run analyze_power_grid after instances are placed.
[WARNING PSM-0071] Instance _13511_ is not placed. Therefore, the power drawn by this instance is not considered for IR  drop estimation. Please run analyze_power_grid after instances are placed.
[WARNING PSM-0071] Instance _13512_ is not placed. Therefore, the power drawn by this instance is not considered for IR  drop estimation. Please run analyze_power_grid after instances are placed.
[WARNING PSM-0071] Instance _13513_ is not placed. Therefore, the power drawn by this instance is not considered for IR  drop estimation. Please run analyze_power_grid after instances are placed.
[WARNING PSM-0071] Instance _13514_ is not placed. Therefore, the power drawn by this instance is not considered for IR  drop estimation. Please run analyze_power_grid after instances are placed.
[WARNING PSM-0071] Instance _13515_ is not placed. Therefore, the power drawn by this instance is not considered for IR  drop estimation. Please run analyze_power_grid after instances are placed.
[WARNING PSM-0071] Instance _13516_ is not placed. Therefore, the power drawn by this instance is not considered for IR  drop estimation. Please run analyze_power_grid after instances are placed.
[WARNING PSM-0071] Instance _13517_ is not placed. Therefore, the power drawn by this instance is not considered for IR  drop estimation. Please run analyze_power_grid after instances are placed.
[WARNING PSM-0071] Instance _13518_ is not placed. Therefore, the power drawn by this instance is not considered for IR  drop estimation. Please run analyze_power_grid after instances are placed.
[WARNING PSM-0071] Instance _13519_ is not placed. Therefore, the power drawn by this instance is not considered for IR  drop estimation. Please run analyze_power_grid after instances are placed.
[WARNING PSM-0071] Instance _13520_ is not placed. Therefore, the power drawn by this instance is not considered for IR  drop estimation. Please run analyze_power_grid after instances are placed.
[WARNING PSM-0071] Instance _13521_ is not placed. Therefore, the power drawn by this instance is not considered for IR  drop estimation. Please run analyze_power_grid after instances are placed.
[WARNING PSM-0071] Instance _13522_ is not placed. Therefore, the power drawn by this instance is not considered for IR  drop estimation. Please run analyze_power_grid after instances are placed.
[WARNING PSM-0071] Instance _13523_ is not placed. Therefore, the power drawn by this instance is not considered for IR  drop estimation. Please run analyze_power_grid after instances are placed.
[WARNING PSM-0071] Instance _13524_ is not placed. Therefore, the power drawn by this instance is not considered for IR  drop estimation. Please run analyze_power_grid after instances are placed.
[WARNING PSM-0071] Instance _13525_ is not placed. Therefore, the power drawn by this instance is not considered for IR  drop estimation. Please run analyze_power_grid after instances are placed.
[WARNING PSM-0071] Instance _13526_ is not placed. Therefore, the power drawn by this instance is not considered for IR  drop estimation. Please run analyze_power_grid after instances are placed.
[WARNING PSM-0071] Instance _13527_ is not placed. Therefore, the power drawn by this instance is not considered for IR  drop estimation. Please run analyze_power_grid after instances are placed.
[WARNING PSM-0071] Instance _13528_ is not placed. Therefore, the power drawn by this instance is not considered for IR  drop estimation. Please run analyze_power_grid after instances are placed.
[WARNING PSM-0071] Instance _13529_ is not placed. Therefore, the power drawn by this instance is not considered for IR  drop estimation. Please run analyze_power_grid after instances are placed.
[WARNING PSM-0071] Instance _13530_ is not placed. Therefore, the power drawn by this instance is not considered for IR  drop estimation. Please run analyze_power_grid after instances are placed.
[WARNING PSM-0071] Instance _13531_ is not placed. Therefore, the power drawn by this instance is not considered for IR  drop estimation. Please run analyze_power_grid after instances are placed.
[WARNING PSM-0071] Instance _13532_ is not placed. Therefore, the power drawn by this instance is not considered for IR  drop estimation. Please run analyze_power_grid after instances are placed.
[WARNING PSM-0071] Instance _13533_ is not placed. Therefore, the power drawn by this instance is not considered for IR  drop estimation. Please run analyze_power_grid after instances are placed.
[WARNING PSM-0071] Instance _13534_ is not placed. Therefore, the power drawn by this instance is not considered for IR  drop estimation. Please run analyze_power_grid after instances are placed.
[WARNING PSM-0071] Instance _13535_ is not placed. Therefore, the power drawn by this instance is not considered for IR  drop estimation. Please run analyze_power_grid after instances are placed.
[WARNING PSM-0071] Instance _13536_ is not placed. Therefore, the power drawn by this instance is not considered for IR  drop estimation. Please run analyze_power_grid after instances are placed.
[WARNING PSM-0071] Instance _13537_ is not placed. Therefore, the power drawn by this instance is not considered for IR  drop estimation. Please run analyze_power_grid after instances are placed.
[WARNING PSM-0071] Instance _13538_ is not placed. Therefore, the power drawn by this instance is not considered for IR  drop estimation. Please run analyze_power_grid after instances are placed.
[WARNING PSM-0071] Instance _13539_ is not placed. Therefore, the power drawn by this instance is not considered for IR  drop estimation. Please run analyze_power_grid after instances are placed.
[WARNING PSM-0071] Instance _13540_ is not placed. Therefore, the power drawn by this instance is not considered for IR  drop estimation. Please run analyze_power_grid after instances are placed.
[WARNING PSM-0071] Instance _13541_ is not placed. Therefore, the power drawn by this instance is not considered for IR  drop estimation. Please run analyze_power_grid after instances are placed.
[WARNING PSM-0071] Instance _13542_ is not placed. Therefore, the power drawn by this instance is not considered for IR  drop estimation. Please run analyze_power_grid after instances are placed.
[WARNING PSM-0071] Instance _13543_ is not placed. Therefore, the power drawn by this instance is not considered for IR  drop estimation. Please run analyze_power_grid after instances are placed.
[WARNING PSM-0071] Instance _13544_ is not placed. Therefore, the power drawn by this instance is not considered for IR  drop estimation. Please run analyze_power_grid after instances are placed.
[WARNING PSM-0071] Instance _13545_ is not placed. Therefore, the power drawn by this instance is not considered for IR  drop estimation. Please run analyze_power_grid after instances are placed.
[WARNING PSM-0071] Instance _13546_ is not placed. Therefore, the power drawn by this instance is not considered for IR  drop estimation. Please run analyze_power_grid after instances are placed.
[WARNING PSM-0071] Instance _13547_ is not placed. Therefore, the power drawn by this instance is not considered for IR  drop estimation. Please run analyze_power_grid after instances are placed.
[WARNING PSM-0071] Instance _13548_ is not placed. Therefore, the power drawn by this instance is not considered for IR  drop estimation. Please run analyze_power_grid after instances are placed.
[WARNING PSM-0071] Instance _13549_ is not placed. Therefore, the power drawn by this instance is not considered for IR  drop estimation. Please run analyze_power_grid after instances are placed.
[WARNING PSM-0071] Instance _13550_ is not placed. Therefore, the power drawn by this instance is not considered for IR  drop estimation. Please run analyze_power_grid after instances are placed.
[WARNING PSM-0071] Instance _13551_ is not placed. Therefore, the power drawn by this instance is not considered for IR  drop estimation. Please run analyze_power_grid after instances are placed.
[WARNING PSM-0071] Instance _13552_ is not placed. Therefore, the power drawn by this instance is not considered for IR  drop estimation. Please run analyze_power_grid after instances are placed.
[WARNING PSM-0071] Instance _13553_ is not placed. Therefore, the power drawn by this instance is not considered for IR  drop estimation. Please run analyze_power_grid after instances are placed.
[WARNING PSM-0071] Instance _13554_ is not placed. Therefore, the power drawn by this instance is not considered for IR  drop estimation. Please run analyze_power_grid after instances are placed.
[WARNING PSM-0071] Instance _13555_ is not placed. Therefore, the power drawn by this instance is not considered for IR  drop estimation. Please run analyze_power_grid after instances are placed.
[WARNING PSM-0071] Instance _13556_ is not placed. Therefore, the power drawn by this instance is not considered for IR  drop estimation. Please run analyze_power_grid after instances are placed.
[WARNING PSM-0071] Instance _13557_ is not placed. Therefore, the power drawn by this instance is not considered for IR  drop estimation. Please run analyze_power_grid after instances are placed.
[WARNING PSM-0071] Instance _13558_ is not placed. Therefore, the power drawn by this instance is not considered for IR  drop estimation. Please run analyze_power_grid after instances are placed.
[WARNING PSM-0071] Instance _13559_ is not placed. Therefore, the power drawn by this instance is not considered for IR  drop estimation. Please run analyze_power_grid after instances are placed.
[WARNING PSM-0071] Instance _13560_ is not placed. Therefore, the power drawn by this instance is not considered for IR  drop estimation. Please run analyze_power_grid after instances are placed.
[WARNING PSM-0071] Instance _13561_ is not placed. Therefore, the power drawn by this instance is not considered for IR  drop estimation. Please run analyze_power_grid after instances are placed.
[WARNING PSM-0071] Instance _13562_ is not placed. Therefore, the power drawn by this instance is not considered for IR  drop estimation. Please run analyze_power_grid after instances are placed.
[WARNING PSM-0071] Instance _13563_ is not placed. Therefore, the power drawn by this instance is not considered for IR  drop estimation. Please run analyze_power_grid after instances are placed.
[WARNING PSM-0071] Instance _13564_ is not placed. Therefore, the power drawn by this instance is not considered for IR  drop estimation. Please run analyze_power_grid after instances are placed.
[WARNING PSM-0071] Instance _13565_ is not placed. Therefore, the power drawn by this instance is not considered for IR  drop estimation. Please run analyze_power_grid after instances are placed.
[WARNING PSM-0071] Instance _13566_ is not placed. Therefore, the power drawn by this instance is not considered for IR  drop estimation. Please run analyze_power_grid after instances are placed.
[WARNING PSM-0071] Instance _13567_ is not placed. Therefore, the power drawn by this instance is not considered for IR  drop estimation. Please run analyze_power_grid after instances are placed.
[WARNING PSM-0071] Instance _13568_ is not placed. Therefore, the power drawn by this instance is not considered for IR  drop estimation. Please run analyze_power_grid after instances are placed.
[WARNING PSM-0071] Instance _13569_ is not placed. Therefore, the power drawn by this instance is not considered for IR  drop estimation. Please run analyze_power_grid after instances are placed.
[WARNING PSM-0071] Instance _13570_ is not placed. Therefore, the power drawn by this instance is not considered for IR  drop estimation. Please run analyze_power_grid after instances are placed.
[WARNING PSM-0071] Instance _13571_ is not placed. Therefore, the power drawn by this instance is not considered for IR  drop estimation. Please run analyze_power_grid after instances are placed.
[WARNING PSM-0071] Instance _13572_ is not placed. Therefore, the power drawn by this instance is not considered for IR  drop estimation. Please run analyze_power_grid after instances are placed.
[WARNING PSM-0071] Instance _13573_ is not placed. Therefore, the power drawn by this instance is not considered for IR  drop estimation. Please run analyze_power_grid after instances are placed.
[WARNING PSM-0071] Instance _13574_ is not placed. Therefore, the power drawn by this instance is not considered for IR  drop estimation. Please run analyze_power_grid after instances are placed.
[WARNING PSM-0071] Instance _13575_ is not placed. Therefore, the power drawn by this instance is not considered for IR  drop estimation. Please run analyze_power_grid after instances are placed.
[WARNING PSM-0071] Instance _13576_ is not placed. Therefore, the power drawn by this instance is not considered for IR  drop estimation. Please run analyze_power_grid after instances are placed.
[WARNING PSM-0071] Instance _13577_ is not placed. Therefore, the power drawn by this instance is not considered for IR  drop estimation. Please run analyze_power_grid after instances are placed.
[WARNING PSM-0071] Instance _13578_ is not placed. Therefore, the power drawn by this instance is not considered for IR  drop estimation. Please run analyze_power_grid after instances are placed.
[WARNING PSM-0071] Instance _13579_ is not placed. Therefore, the power drawn by this instance is not considered for IR  drop estimation. Please run analyze_power_grid after instances are placed.
[WARNING PSM-0071] Instance _13580_ is not placed. Therefore, the power drawn by this instance is not considered for IR  drop estimation. Please run analyze_power_grid after instances are placed.
[WARNING PSM-0071] Instance _13581_ is not placed. Therefore, the power drawn by this instance is not considered for IR  drop estimation. Please run analyze_power_grid after instances are placed.
[WARNING PSM-0071] Instance _13582_ is not placed. Therefore, the power drawn by this instance is not considered for IR  drop estimation. Please run analyze_power_grid after instances are placed.
[WARNING PSM-0071] Instance _13583_ is not placed. Therefore, the power drawn by this instance is not considered for IR  drop estimation. Please run analyze_power_grid after instances are placed.
[WARNING PSM-0071] Instance _13584_ is not placed. Therefore, the power drawn by this instance is not considered for IR  drop estimation. Please run analyze_power_grid after instances are placed.
[WARNING PSM-0071] Instance _13585_ is not placed. Therefore, the power drawn by this instance is not considered for IR  drop estimation. Please run analyze_power_grid after instances are placed.
[WARNING PSM-0071] Instance _13586_ is not placed. Therefore, the power drawn by this instance is not considered for IR  drop estimation. Please run analyze_power_grid after instances are placed.
[WARNING PSM-0071] Instance _13587_ is not placed. Therefore, the power drawn by this instance is not considered for IR  drop estimation. Please run analyze_power_grid after instances are placed.
[WARNING PSM-0071] Instance _13588_ is not placed. Therefore, the power drawn by this instance is not considered for IR  drop estimation. Please run analyze_power_grid after instances are placed.
[WARNING PSM-0071] Instance _13589_ is not placed. Therefore, the power drawn by this instance is not considered for IR  drop estimation. Please run analyze_power_grid after instances are placed.
[WARNING PSM-0071] Instance _13590_ is not placed. Therefore, the power drawn by this instance is not considered for IR  drop estimation. Please run analyze_power_grid after instances are placed.
[WARNING PSM-0071] Instance _13591_ is not placed. Therefore, the power drawn by this instance is not considered for IR  drop estimation. Please run analyze_power_grid after instances are placed.
[WARNING PSM-0071] Instance _13592_ is not placed. Therefore, the power drawn by this instance is not considered for IR  drop estimation. Please run analyze_power_grid after instances are placed.
[WARNING PSM-0071] Instance _13593_ is not placed. Therefore, the power drawn by this instance is not considered for IR  drop estimation. Please run analyze_power_grid after instances are placed.
[WARNING PSM-0071] Instance _13594_ is not placed. Therefore, the power drawn by this instance is not considered for IR  drop estimation. Please run analyze_power_grid after instances are placed.
[WARNING PSM-0071] Instance _13595_ is not placed. Therefore, the power drawn by this instance is not considered for IR  drop estimation. Please run analyze_power_grid after instances are placed.
[WARNING PSM-0071] Instance _13596_ is not placed. Therefore, the power drawn by this instance is not considered for IR  drop estimation. Please run analyze_power_grid after instances are placed.
[WARNING PSM-0071] Instance _13597_ is not placed. Therefore, the power drawn by this instance is not considered for IR  drop estimation. Please run analyze_power_grid after instances are placed.
[WARNING PSM-0071] Instance _13598_ is not placed. Therefore, the power drawn by this instance is not considered for IR  drop estimation. Please run analyze_power_grid after instances are placed.
[WARNING PSM-0071] Instance _13599_ is not placed. Therefore, the power drawn by this instance is not considered for IR  drop estimation. Please run analyze_power_grid after instances are placed.
[WARNING PSM-0071] Instance _13600_ is not placed. Therefore, the power drawn by this instance is not considered for IR  drop estimation. Please run analyze_power_grid after instances are placed.
[WARNING PSM-0071] Instance _13601_ is not placed. Therefore, the power drawn by this instance is not considered for IR  drop estimation. Please run analyze_power_grid after instances are placed.
[WARNING PSM-0071] Instance _13602_ is not placed. Therefore, the power drawn by this instance is not considered for IR  drop estimation. Please run analyze_power_grid after instances are placed.
[WARNING PSM-0071] Instance _13603_ is not placed. Therefore, the power drawn by this instance is not considered for IR  drop estimation. Please run analyze_power_grid after instances are placed.
[WARNING PSM-0071] Instance _13604_ is not placed. Therefore, the power drawn by this instance is not considered for IR  drop estimation. Please run analyze_power_grid after instances are placed.
[WARNING PSM-0071] Instance _13605_ is not placed. Therefore, the power drawn by this instance is not considered for IR  drop estimation. Please run analyze_power_grid after instances are placed.
[WARNING PSM-0071] Instance _13606_ is not placed. Therefore, the power drawn by this instance is not considered for IR  drop estimation. Please run analyze_power_grid after instances are placed.
[WARNING PSM-0071] Instance _13607_ is not placed. Therefore, the power drawn by this instance is not considered for IR  drop estimation. Please run analyze_power_grid after instances are placed.
[WARNING PSM-0071] Instance _13608_ is not placed. Therefore, the power drawn by this instance is not considered for IR  drop estimation. Please run analyze_power_grid after instances are placed.
[WARNING PSM-0071] Instance _13609_ is not placed. Therefore, the power drawn by this instance is not considered for IR  drop estimation. Please run analyze_power_grid after instances are placed.
[WARNING PSM-0071] Instance _13610_ is not placed. Therefore, the power drawn by this instance is not considered for IR  drop estimation. Please run analyze_power_grid after instances are placed.
[WARNING PSM-0071] Instance _13611_ is not placed. Therefore, the power drawn by this instance is not considered for IR  drop estimation. Please run analyze_power_grid after instances are placed.
[WARNING PSM-0071] Instance _13612_ is not placed. Therefore, the power drawn by this instance is not considered for IR  drop estimation. Please run analyze_power_grid after instances are placed.
[WARNING PSM-0071] Instance _13613_ is not placed. Therefore, the power drawn by this instance is not considered for IR  drop estimation. Please run analyze_power_grid after instances are placed.
[WARNING PSM-0071] Instance _13614_ is not placed. Therefore, the power drawn by this instance is not considered for IR  drop estimation. Please run analyze_power_grid after instances are placed.
[WARNING PSM-0071] Instance _13615_ is not placed. Therefore, the power drawn by this instance is not considered for IR  drop estimation. Please run analyze_power_grid after instances are placed.
[WARNING PSM-0071] Instance _13616_ is not placed. Therefore, the power drawn by this instance is not considered for IR  drop estimation. Please run analyze_power_grid after instances are placed.
[WARNING PSM-0071] Instance _13617_ is not placed. Therefore, the power drawn by this instance is not considered for IR  drop estimation. Please run analyze_power_grid after instances are placed.
[WARNING PSM-0071] Instance _13618_ is not placed. Therefore, the power drawn by this instance is not considered for IR  drop estimation. Please run analyze_power_grid after instances are placed.
[WARNING PSM-0071] Instance _13619_ is not placed. Therefore, the power drawn by this instance is not considered for IR  drop estimation. Please run analyze_power_grid after instances are placed.
[WARNING PSM-0071] Instance _13620_ is not placed. Therefore, the power drawn by this instance is not considered for IR  drop estimation. Please run analyze_power_grid after instances are placed.
[WARNING PSM-0071] Instance _13621_ is not placed. Therefore, the power drawn by this instance is not considered for IR  drop estimation. Please run analyze_power_grid after instances are placed.
[WARNING PSM-0071] Instance _13622_ is not placed. Therefore, the power drawn by this instance is not considered for IR  drop estimation. Please run analyze_power_grid after instances are placed.
[WARNING PSM-0071] Instance _13623_ is not placed. Therefore, the power drawn by this instance is not considered for IR  drop estimation. Please run analyze_power_grid after instances are placed.
[WARNING PSM-0071] Instance _13624_ is not placed. Therefore, the power drawn by this instance is not considered for IR  drop estimation. Please run analyze_power_grid after instances are placed.
[WARNING PSM-0071] Instance _13625_ is not placed. Therefore, the power drawn by this instance is not considered for IR  drop estimation. Please run analyze_power_grid after instances are placed.
[WARNING PSM-0071] Instance _13626_ is not placed. Therefore, the power drawn by this instance is not considered for IR  drop estimation. Please run analyze_power_grid after instances are placed.
[WARNING PSM-0071] Instance _13627_ is not placed. Therefore, the power drawn by this instance is not considered for IR  drop estimation. Please run analyze_power_grid after instances are placed.
[WARNING PSM-0071] Instance _13628_ is not placed. Therefore, the power drawn by this instance is not considered for IR  drop estimation. Please run analyze_power_grid after instances are placed.
[WARNING PSM-0071] Instance _13629_ is not placed. Therefore, the power drawn by this instance is not considered for IR  drop estimation. Please run analyze_power_grid after instances are placed.
[WARNING PSM-0071] Instance _13630_ is not placed. Therefore, the power drawn by this instance is not considered for IR  drop estimation. Please run analyze_power_grid after instances are placed.
[WARNING PSM-0071] Instance _13631_ is not placed. Therefore, the power drawn by this instance is not considered for IR  drop estimation. Please run analyze_power_grid after instances are placed.
[WARNING PSM-0071] Instance _13632_ is not placed. Therefore, the power drawn by this instance is not considered for IR  drop estimation. Please run analyze_power_grid after instances are placed.
[WARNING PSM-0071] Instance _13633_ is not placed. Therefore, the power drawn by this instance is not considered for IR  drop estimation. Please run analyze_power_grid after instances are placed.
[WARNING PSM-0071] Instance _13634_ is not placed. Therefore, the power drawn by this instance is not considered for IR  drop estimation. Please run analyze_power_grid after instances are placed.
[WARNING PSM-0071] Instance _13635_ is not placed. Therefore, the power drawn by this instance is not considered for IR  drop estimation. Please run analyze_power_grid after instances are placed.
[WARNING PSM-0071] Instance _13636_ is not placed. Therefore, the power drawn by this instance is not considered for IR  drop estimation. Please run analyze_power_grid after instances are placed.
[WARNING PSM-0071] Instance _13637_ is not placed. Therefore, the power drawn by this instance is not considered for IR  drop estimation. Please run analyze_power_grid after instances are placed.
[WARNING PSM-0071] Instance _13638_ is not placed. Therefore, the power drawn by this instance is not considered for IR  drop estimation. Please run analyze_power_grid after instances are placed.
[WARNING PSM-0071] Instance _13639_ is not placed. Therefore, the power drawn by this instance is not considered for IR  drop estimation. Please run analyze_power_grid after instances are placed.
[WARNING PSM-0071] Instance _13640_ is not placed. Therefore, the power drawn by this instance is not considered for IR  drop estimation. Please run analyze_power_grid after instances are placed.
[WARNING PSM-0071] Instance _13641_ is not placed. Therefore, the power drawn by this instance is not considered for IR  drop estimation. Please run analyze_power_grid after instances are placed.
[WARNING PSM-0071] Instance _13642_ is not placed. Therefore, the power drawn by this instance is not considered for IR  drop estimation. Please run analyze_power_grid after instances are placed.
[WARNING PSM-0071] Instance _13643_ is not placed. Therefore, the power drawn by this instance is not considered for IR  drop estimation. Please run analyze_power_grid after instances are placed.
[WARNING PSM-0071] Instance _13644_ is not placed. Therefore, the power drawn by this instance is not considered for IR  drop estimation. Please run analyze_power_grid after instances are placed.
[WARNING PSM-0071] Instance _13645_ is not placed. Therefore, the power drawn by this instance is not considered for IR  drop estimation. Please run analyze_power_grid after instances are placed.
[WARNING PSM-0071] Instance _13646_ is not placed. Therefore, the power drawn by this instance is not considered for IR  drop estimation. Please run analyze_power_grid after instances are placed.
[WARNING PSM-0071] Instance _13647_ is not placed. Therefore, the power drawn by this instance is not considered for IR  drop estimation. Please run analyze_power_grid after instances are placed.
[WARNING PSM-0071] Instance _13648_ is not placed. Therefore, the power drawn by this instance is not considered for IR  drop estimation. Please run analyze_power_grid after instances are placed.
[WARNING PSM-0071] Instance _13649_ is not placed. Therefore, the power drawn by this instance is not considered for IR  drop estimation. Please run analyze_power_grid after instances are placed.
[WARNING PSM-0071] Instance _13650_ is not placed. Therefore, the power drawn by this instance is not considered for IR  drop estimation. Please run analyze_power_grid after instances are placed.
[WARNING PSM-0071] Instance _13651_ is not placed. Therefore, the power drawn by this instance is not considered for IR  drop estimation. Please run analyze_power_grid after instances are placed.
[WARNING PSM-0071] Instance _13652_ is not placed. Therefore, the power drawn by this instance is not considered for IR  drop estimation. Please run analyze_power_grid after instances are placed.
[WARNING PSM-0071] Instance _13653_ is not placed. Therefore, the power drawn by this instance is not considered for IR  drop estimation. Please run analyze_power_grid after instances are placed.
[WARNING PSM-0071] Instance _13654_ is not placed. Therefore, the power drawn by this instance is not considered for IR  drop estimation. Please run analyze_power_grid after instances are placed.
[WARNING PSM-0071] Instance _13655_ is not placed. Therefore, the power drawn by this instance is not considered for IR  drop estimation. Please run analyze_power_grid after instances are placed.
[WARNING PSM-0071] Instance _13656_ is not placed. Therefore, the power drawn by this instance is not considered for IR  drop estimation. Please run analyze_power_grid after instances are placed.
[WARNING PSM-0071] Instance _13657_ is not placed. Therefore, the power drawn by this instance is not considered for IR  drop estimation. Please run analyze_power_grid after instances are placed.
[WARNING PSM-0071] Instance _13658_ is not placed. Therefore, the power drawn by this instance is not considered for IR  drop estimation. Please run analyze_power_grid after instances are placed.
[WARNING PSM-0071] Instance _13659_ is not placed. Therefore, the power drawn by this instance is not considered for IR  drop estimation. Please run analyze_power_grid after instances are placed.
[WARNING PSM-0071] Instance _13660_ is not placed. Therefore, the power drawn by this instance is not considered for IR  drop estimation. Please run analyze_power_grid after instances are placed.
[WARNING PSM-0071] Instance _13661_ is not placed. Therefore, the power drawn by this instance is not considered for IR  drop estimation. Please run analyze_power_grid after instances are placed.
[WARNING PSM-0071] Instance _13662_ is not placed. Therefore, the power drawn by this instance is not considered for IR  drop estimation. Please run analyze_power_grid after instances are placed.
[WARNING PSM-0071] Instance _13663_ is not placed. Therefore, the power drawn by this instance is not considered for IR  drop estimation. Please run analyze_power_grid after instances are placed.
[WARNING PSM-0071] Instance _13664_ is not placed. Therefore, the power drawn by this instance is not considered for IR  drop estimation. Please run analyze_power_grid after instances are placed.
[WARNING PSM-0071] Instance _13665_ is not placed. Therefore, the power drawn by this instance is not considered for IR  drop estimation. Please run analyze_power_grid after instances are placed.
[WARNING PSM-0071] Instance _13666_ is not placed. Therefore, the power drawn by this instance is not considered for IR  drop estimation. Please run analyze_power_grid after instances are placed.
[WARNING PSM-0071] Instance _13667_ is not placed. Therefore, the power drawn by this instance is not considered for IR  drop estimation. Please run analyze_power_grid after instances are placed.
[WARNING PSM-0071] Instance _13668_ is not placed. Therefore, the power drawn by this instance is not considered for IR  drop estimation. Please run analyze_power_grid after instances are placed.
[WARNING PSM-0071] Instance _13669_ is not placed. Therefore, the power drawn by this instance is not considered for IR  drop estimation. Please run analyze_power_grid after instances are placed.
[WARNING PSM-0071] Instance _13670_ is not placed. Therefore, the power drawn by this instance is not considered for IR  drop estimation. Please run analyze_power_grid after instances are placed.
[WARNING PSM-0071] Instance _13671_ is not placed. Therefore, the power drawn by this instance is not considered for IR  drop estimation. Please run analyze_power_grid after instances are placed.
[WARNING PSM-0071] Instance _13672_ is not placed. Therefore, the power drawn by this instance is not considered for IR  drop estimation. Please run analyze_power_grid after instances are placed.
[WARNING PSM-0071] Instance _13673_ is not placed. Therefore, the power drawn by this instance is not considered for IR  drop estimation. Please run analyze_power_grid after instances are placed.
[WARNING PSM-0071] Instance _13674_ is not placed. Therefore, the power drawn by this instance is not considered for IR  drop estimation. Please run analyze_power_grid after instances are placed.
[WARNING PSM-0071] Instance _13675_ is not placed. Therefore, the power drawn by this instance is not considered for IR  drop estimation. Please run analyze_power_grid after instances are placed.
[WARNING PSM-0071] Instance _13676_ is not placed. Therefore, the power drawn by this instance is not considered for IR  drop estimation. Please run analyze_power_grid after instances are placed.
[WARNING PSM-0071] Instance _13677_ is not placed. Therefore, the power drawn by this instance is not considered for IR  drop estimation. Please run analyze_power_grid after instances are placed.
[WARNING PSM-0071] Instance _13678_ is not placed. Therefore, the power drawn by this instance is not considered for IR  drop estimation. Please run analyze_power_grid after instances are placed.
[WARNING PSM-0071] Instance _13679_ is not placed. Therefore, the power drawn by this instance is not considered for IR  drop estimation. Please run analyze_power_grid after instances are placed.
[WARNING PSM-0071] Instance _13680_ is not placed. Therefore, the power drawn by this instance is not considered for IR  drop estimation. Please run analyze_power_grid after instances are placed.
[WARNING PSM-0071] Instance _13681_ is not placed. Therefore, the power drawn by this instance is not considered for IR  drop estimation. Please run analyze_power_grid after instances are placed.
[WARNING PSM-0071] Instance _13682_ is not placed. Therefore, the power drawn by this instance is not considered for IR  drop estimation. Please run analyze_power_grid after instances are placed.
[WARNING PSM-0071] Instance _13683_ is not placed. Therefore, the power drawn by this instance is not considered for IR  drop estimation. Please run analyze_power_grid after instances are placed.
[WARNING PSM-0071] Instance _13684_ is not placed. Therefore, the power drawn by this instance is not considered for IR  drop estimation. Please run analyze_power_grid after instances are placed.
[WARNING PSM-0071] Instance _13685_ is not placed. Therefore, the power drawn by this instance is not considered for IR  drop estimation. Please run analyze_power_grid after instances are placed.
[WARNING PSM-0071] Instance _13686_ is not placed. Therefore, the power drawn by this instance is not considered for IR  drop estimation. Please run analyze_power_grid after instances are placed.
[WARNING PSM-0071] Instance _13687_ is not placed. Therefore, the power drawn by this instance is not considered for IR  drop estimation. Please run analyze_power_grid after instances are placed.
[WARNING PSM-0071] Instance _13688_ is not placed. Therefore, the power drawn by this instance is not considered for IR  drop estimation. Please run analyze_power_grid after instances are placed.
[WARNING PSM-0071] Instance _13689_ is not placed. Therefore, the power drawn by this instance is not considered for IR  drop estimation. Please run analyze_power_grid after instances are placed.
[WARNING PSM-0071] Instance _13690_ is not placed. Therefore, the power drawn by this instance is not considered for IR  drop estimation. Please run analyze_power_grid after instances are placed.
[WARNING PSM-0071] Instance _13691_ is not placed. Therefore, the power drawn by this instance is not considered for IR  drop estimation. Please run analyze_power_grid after instances are placed.
[WARNING PSM-0071] Instance _13692_ is not placed. Therefore, the power drawn by this instance is not considered for IR  drop estimation. Please run analyze_power_grid after instances are placed.
[WARNING PSM-0071] Instance _13693_ is not placed. Therefore, the power drawn by this instance is not considered for IR  drop estimation. Please run analyze_power_grid after instances are placed.
[WARNING PSM-0071] Instance _13694_ is not placed. Therefore, the power drawn by this instance is not considered for IR  drop estimation. Please run analyze_power_grid after instances are placed.
[WARNING PSM-0071] Instance _13695_ is not placed. Therefore, the power drawn by this instance is not considered for IR  drop estimation. Please run analyze_power_grid after instances are placed.
[WARNING PSM-0071] Instance _13696_ is not placed. Therefore, the power drawn by this instance is not considered for IR  drop estimation. Please run analyze_power_grid after instances are placed.
[WARNING PSM-0071] Instance _13697_ is not placed. Therefore, the power drawn by this instance is not considered for IR  drop estimation. Please run analyze_power_grid after instances are placed.
[WARNING PSM-0071] Instance _13698_ is not placed. Therefore, the power drawn by this instance is not considered for IR  drop estimation. Please run analyze_power_grid after instances are placed.
[WARNING PSM-0071] Instance _13699_ is not placed. Therefore, the power drawn by this instance is not considered for IR  drop estimation. Please run analyze_power_grid after instances are placed.
[WARNING PSM-0071] Instance _13700_ is not placed. Therefore, the power drawn by this instance is not considered for IR  drop estimation. Please run analyze_power_grid after instances are placed.
[WARNING PSM-0071] Instance _13701_ is not placed. Therefore, the power drawn by this instance is not considered for IR  drop estimation. Please run analyze_power_grid after instances are placed.
[WARNING PSM-0071] Instance _13702_ is not placed. Therefore, the power drawn by this instance is not considered for IR  drop estimation. Please run analyze_power_grid after instances are placed.
[WARNING PSM-0071] Instance _13703_ is not placed. Therefore, the power drawn by this instance is not considered for IR  drop estimation. Please run analyze_power_grid after instances are placed.
[WARNING PSM-0071] Instance _13704_ is not placed. Therefore, the power drawn by this instance is not considered for IR  drop estimation. Please run analyze_power_grid after instances are placed.
[WARNING PSM-0071] Instance _13705_ is not placed. Therefore, the power drawn by this instance is not considered for IR  drop estimation. Please run analyze_power_grid after instances are placed.
[WARNING PSM-0071] Instance _13706_ is not placed. Therefore, the power drawn by this instance is not considered for IR  drop estimation. Please run analyze_power_grid after instances are placed.
[WARNING PSM-0071] Instance _13707_ is not placed. Therefore, the power drawn by this instance is not considered for IR  drop estimation. Please run analyze_power_grid after instances are placed.
[WARNING PSM-0071] Instance _13708_ is not placed. Therefore, the power drawn by this instance is not considered for IR  drop estimation. Please run analyze_power_grid after instances are placed.
[WARNING PSM-0071] Instance _13709_ is not placed. Therefore, the power drawn by this instance is not considered for IR  drop estimation. Please run analyze_power_grid after instances are placed.
[WARNING PSM-0071] Instance _13710_ is not placed. Therefore, the power drawn by this instance is not considered for IR  drop estimation. Please run analyze_power_grid after instances are placed.
[WARNING PSM-0071] Instance _13711_ is not placed. Therefore, the power drawn by this instance is not considered for IR  drop estimation. Please run analyze_power_grid after instances are placed.
[WARNING PSM-0071] Instance _13712_ is not placed. Therefore, the power drawn by this instance is not considered for IR  drop estimation. Please run analyze_power_grid after instances are placed.
[WARNING PSM-0071] Instance _13713_ is not placed. Therefore, the power drawn by this instance is not considered for IR  drop estimation. Please run analyze_power_grid after instances are placed.
[WARNING PSM-0071] Instance _13714_ is not placed. Therefore, the power drawn by this instance is not considered for IR  drop estimation. Please run analyze_power_grid after instances are placed.
[WARNING PSM-0071] Instance _13715_ is not placed. Therefore, the power drawn by this instance is not considered for IR  drop estimation. Please run analyze_power_grid after instances are placed.
[WARNING PSM-0071] Instance _13716_ is not placed. Therefore, the power drawn by this instance is not considered for IR  drop estimation. Please run analyze_power_grid after instances are placed.
[WARNING PSM-0071] Instance _13717_ is not placed. Therefore, the power drawn by this instance is not considered for IR  drop estimation. Please run analyze_power_grid after instances are placed.
[WARNING PSM-0071] Instance _13718_ is not placed. Therefore, the power drawn by this instance is not considered for IR  drop estimation. Please run analyze_power_grid after instances are placed.
[WARNING PSM-0071] Instance _13719_ is not placed. Therefore, the power drawn by this instance is not considered for IR  drop estimation. Please run analyze_power_grid after instances are placed.
[WARNING PSM-0071] Instance _13720_ is not placed. Therefore, the power drawn by this instance is not considered for IR  drop estimation. Please run analyze_power_grid after instances are placed.
[WARNING PSM-0071] Instance _13721_ is not placed. Therefore, the power drawn by this instance is not considered for IR  drop estimation. Please run analyze_power_grid after instances are placed.
[WARNING PSM-0071] Instance _13722_ is not placed. Therefore, the power drawn by this instance is not considered for IR  drop estimation. Please run analyze_power_grid after instances are placed.
[WARNING PSM-0071] Instance _13723_ is not placed. Therefore, the power drawn by this instance is not considered for IR  drop estimation. Please run analyze_power_grid after instances are placed.
[WARNING PSM-0071] Instance _13724_ is not placed. Therefore, the power drawn by this instance is not considered for IR  drop estimation. Please run analyze_power_grid after instances are placed.
[WARNING PSM-0071] Instance _13725_ is not placed. Therefore, the power drawn by this instance is not considered for IR  drop estimation. Please run analyze_power_grid after instances are placed.
[WARNING PSM-0071] Instance _13726_ is not placed. Therefore, the power drawn by this instance is not considered for IR  drop estimation. Please run analyze_power_grid after instances are placed.
[WARNING PSM-0071] Instance _13727_ is not placed. Therefore, the power drawn by this instance is not considered for IR  drop estimation. Please run analyze_power_grid after instances are placed.
[WARNING PSM-0071] Instance _13728_ is not placed. Therefore, the power drawn by this instance is not considered for IR  drop estimation. Please run analyze_power_grid after instances are placed.
[WARNING PSM-0071] Instance _13729_ is not placed. Therefore, the power drawn by this instance is not considered for IR  drop estimation. Please run analyze_power_grid after instances are placed.
[WARNING PSM-0071] Instance _13730_ is not placed. Therefore, the power drawn by this instance is not considered for IR  drop estimation. Please run analyze_power_grid after instances are placed.
[WARNING PSM-0071] Instance _13731_ is not placed. Therefore, the power drawn by this instance is not considered for IR  drop estimation. Please run analyze_power_grid after instances are placed.
[WARNING PSM-0071] Instance _13732_ is not placed. Therefore, the power drawn by this instance is not considered for IR  drop estimation. Please run analyze_power_grid after instances are placed.
[WARNING PSM-0071] Instance _13733_ is not placed. Therefore, the power drawn by this instance is not considered for IR  drop estimation. Please run analyze_power_grid after instances are placed.
[WARNING PSM-0071] Instance _13734_ is not placed. Therefore, the power drawn by this instance is not considered for IR  drop estimation. Please run analyze_power_grid after instances are placed.
[WARNING PSM-0071] Instance _13735_ is not placed. Therefore, the power drawn by this instance is not considered for IR  drop estimation. Please run analyze_power_grid after instances are placed.
[WARNING PSM-0071] Instance _13736_ is not placed. Therefore, the power drawn by this instance is not considered for IR  drop estimation. Please run analyze_power_grid after instances are placed.
[WARNING PSM-0071] Instance _13737_ is not placed. Therefore, the power drawn by this instance is not considered for IR  drop estimation. Please run analyze_power_grid after instances are placed.
[WARNING PSM-0071] Instance _13738_ is not placed. Therefore, the power drawn by this instance is not considered for IR  drop estimation. Please run analyze_power_grid after instances are placed.
[WARNING PSM-0071] Instance _13739_ is not placed. Therefore, the power drawn by this instance is not considered for IR  drop estimation. Please run analyze_power_grid after instances are placed.
[WARNING PSM-0071] Instance _13740_ is not placed. Therefore, the power drawn by this instance is not considered for IR  drop estimation. Please run analyze_power_grid after instances are placed.
[WARNING PSM-0071] Instance _13741_ is not placed. Therefore, the power drawn by this instance is not considered for IR  drop estimation. Please run analyze_power_grid after instances are placed.
[WARNING PSM-0071] Instance _13742_ is not placed. Therefore, the power drawn by this instance is not considered for IR  drop estimation. Please run analyze_power_grid after instances are placed.
[WARNING PSM-0071] Instance _13743_ is not placed. Therefore, the power drawn by this instance is not considered for IR  drop estimation. Please run analyze_power_grid after instances are placed.
[WARNING PSM-0071] Instance _13744_ is not placed. Therefore, the power drawn by this instance is not considered for IR  drop estimation. Please run analyze_power_grid after instances are placed.
[WARNING PSM-0071] Instance _13745_ is not placed. Therefore, the power drawn by this instance is not considered for IR  drop estimation. Please run analyze_power_grid after instances are placed.
[WARNING PSM-0071] Instance _13746_ is not placed. Therefore, the power drawn by this instance is not considered for IR  drop estimation. Please run analyze_power_grid after instances are placed.
[WARNING PSM-0071] Instance _13747_ is not placed. Therefore, the power drawn by this instance is not considered for IR  drop estimation. Please run analyze_power_grid after instances are placed.
[WARNING PSM-0071] Instance _13748_ is not placed. Therefore, the power drawn by this instance is not considered for IR  drop estimation. Please run analyze_power_grid after instances are placed.
[WARNING PSM-0071] Instance _13749_ is not placed. Therefore, the power drawn by this instance is not considered for IR  drop estimation. Please run analyze_power_grid after instances are placed.
[WARNING PSM-0071] Instance _13750_ is not placed. Therefore, the power drawn by this instance is not considered for IR  drop estimation. Please run analyze_power_grid after instances are placed.
[WARNING PSM-0071] Instance _13751_ is not placed. Therefore, the power drawn by this instance is not considered for IR  drop estimation. Please run analyze_power_grid after instances are placed.
[WARNING PSM-0071] Instance _13752_ is not placed. Therefore, the power drawn by this instance is not considered for IR  drop estimation. Please run analyze_power_grid after instances are placed.
[WARNING PSM-0071] Instance _13753_ is not placed. Therefore, the power drawn by this instance is not considered for IR  drop estimation. Please run analyze_power_grid after instances are placed.
[WARNING PSM-0071] Instance _13754_ is not placed. Therefore, the power drawn by this instance is not considered for IR  drop estimation. Please run analyze_power_grid after instances are placed.
[WARNING PSM-0071] Instance _13755_ is not placed. Therefore, the power drawn by this instance is not considered for IR  drop estimation. Please run analyze_power_grid after instances are placed.
[WARNING PSM-0071] Instance _13756_ is not placed. Therefore, the power drawn by this instance is not considered for IR  drop estimation. Please run analyze_power_grid after instances are placed.
[WARNING PSM-0071] Instance _13757_ is not placed. Therefore, the power drawn by this instance is not considered for IR  drop estimation. Please run analyze_power_grid after instances are placed.
[WARNING PSM-0071] Instance _13758_ is not placed. Therefore, the power drawn by this instance is not considered for IR  drop estimation. Please run analyze_power_grid after instances are placed.
[WARNING PSM-0071] Instance _13759_ is not placed. Therefore, the power drawn by this instance is not considered for IR  drop estimation. Please run analyze_power_grid after instances are placed.
[WARNING PSM-0071] Instance _13760_ is not placed. Therefore, the power drawn by this instance is not considered for IR  drop estimation. Please run analyze_power_grid after instances are placed.
[WARNING PSM-0071] Instance _13761_ is not placed. Therefore, the power drawn by this instance is not considered for IR  drop estimation. Please run analyze_power_grid after instances are placed.
[WARNING PSM-0071] Instance _13762_ is not placed. Therefore, the power drawn by this instance is not considered for IR  drop estimation. Please run analyze_power_grid after instances are placed.
[WARNING PSM-0071] Instance _13763_ is not placed. Therefore, the power drawn by this instance is not considered for IR  drop estimation. Please run analyze_power_grid after instances are placed.
[WARNING PSM-0071] Instance _13764_ is not placed. Therefore, the power drawn by this instance is not considered for IR  drop estimation. Please run analyze_power_grid after instances are placed.
[WARNING PSM-0071] Instance _13765_ is not placed. Therefore, the power drawn by this instance is not considered for IR  drop estimation. Please run analyze_power_grid after instances are placed.
[WARNING PSM-0071] Instance _13766_ is not placed. Therefore, the power drawn by this instance is not considered for IR  drop estimation. Please run analyze_power_grid after instances are placed.
[WARNING PSM-0071] Instance _13767_ is not placed. Therefore, the power drawn by this instance is not considered for IR  drop estimation. Please run analyze_power_grid after instances are placed.
[WARNING PSM-0071] Instance _13768_ is not placed. Therefore, the power drawn by this instance is not considered for IR  drop estimation. Please run analyze_power_grid after instances are placed.
[WARNING PSM-0071] Instance _13769_ is not placed. Therefore, the power drawn by this instance is not considered for IR  drop estimation. Please run analyze_power_grid after instances are placed.
[WARNING PSM-0071] Instance _13770_ is not placed. Therefore, the power drawn by this instance is not considered for IR  drop estimation. Please run analyze_power_grid after instances are placed.
[WARNING PSM-0071] Instance _13771_ is not placed. Therefore, the power drawn by this instance is not considered for IR  drop estimation. Please run analyze_power_grid after instances are placed.
[WARNING PSM-0071] Instance _13772_ is not placed. Therefore, the power drawn by this instance is not considered for IR  drop estimation. Please run analyze_power_grid after instances are placed.
[WARNING PSM-0071] Instance _13773_ is not placed. Therefore, the power drawn by this instance is not considered for IR  drop estimation. Please run analyze_power_grid after instances are placed.
[WARNING PSM-0071] Instance _13774_ is not placed. Therefore, the power drawn by this instance is not considered for IR  drop estimation. Please run analyze_power_grid after instances are placed.
[WARNING PSM-0071] Instance _13775_ is not placed. Therefore, the power drawn by this instance is not considered for IR  drop estimation. Please run analyze_power_grid after instances are placed.
[WARNING PSM-0071] Instance _13776_ is not placed. Therefore, the power drawn by this instance is not considered for IR  drop estimation. Please run analyze_power_grid after instances are placed.
[WARNING PSM-0071] Instance _13777_ is not placed. Therefore, the power drawn by this instance is not considered for IR  drop estimation. Please run analyze_power_grid after instances are placed.
[WARNING PSM-0071] Instance _13778_ is not placed. Therefore, the power drawn by this instance is not considered for IR  drop estimation. Please run analyze_power_grid after instances are placed.
[WARNING PSM-0071] Instance _13779_ is not placed. Therefore, the power drawn by this instance is not considered for IR  drop estimation. Please run analyze_power_grid after instances are placed.
[WARNING PSM-0071] Instance _13780_ is not placed. Therefore, the power drawn by this instance is not considered for IR  drop estimation. Please run analyze_power_grid after instances are placed.
[WARNING PSM-0071] Instance _13781_ is not placed. Therefore, the power drawn by this instance is not considered for IR  drop estimation. Please run analyze_power_grid after instances are placed.
[WARNING PSM-0071] Instance _13782_ is not placed. Therefore, the power drawn by this instance is not considered for IR  drop estimation. Please run analyze_power_grid after instances are placed.
[WARNING PSM-0071] Instance _13783_ is not placed. Therefore, the power drawn by this instance is not considered for IR  drop estimation. Please run analyze_power_grid after instances are placed.
[WARNING PSM-0071] Instance _13784_ is not placed. Therefore, the power drawn by this instance is not considered for IR  drop estimation. Please run analyze_power_grid after instances are placed.
[WARNING PSM-0071] Instance _13785_ is not placed. Therefore, the power drawn by this instance is not considered for IR  drop estimation. Please run analyze_power_grid after instances are placed.
[WARNING PSM-0071] Instance _13786_ is not placed. Therefore, the power drawn by this instance is not considered for IR  drop estimation. Please run analyze_power_grid after instances are placed.
[WARNING PSM-0071] Instance _13787_ is not placed. Therefore, the power drawn by this instance is not considered for IR  drop estimation. Please run analyze_power_grid after instances are placed.
[WARNING PSM-0071] Instance _13788_ is not placed. Therefore, the power drawn by this instance is not considered for IR  drop estimation. Please run analyze_power_grid after instances are placed.
[WARNING PSM-0071] Instance _13789_ is not placed. Therefore, the power drawn by this instance is not considered for IR  drop estimation. Please run analyze_power_grid after instances are placed.
[WARNING PSM-0071] Instance _13790_ is not placed. Therefore, the power drawn by this instance is not considered for IR  drop estimation. Please run analyze_power_grid after instances are placed.
[WARNING PSM-0071] Instance _13791_ is not placed. Therefore, the power drawn by this instance is not considered for IR  drop estimation. Please run analyze_power_grid after instances are placed.
[WARNING PSM-0071] Instance _13792_ is not placed. Therefore, the power drawn by this instance is not considered for IR  drop estimation. Please run analyze_power_grid after instances are placed.
[WARNING PSM-0071] Instance _13793_ is not placed. Therefore, the power drawn by this instance is not considered for IR  drop estimation. Please run analyze_power_grid after instances are placed.
[WARNING PSM-0071] Instance _13794_ is not placed. Therefore, the power drawn by this instance is not considered for IR  drop estimation. Please run analyze_power_grid after instances are placed.
[WARNING PSM-0071] Instance _13795_ is not placed. Therefore, the power drawn by this instance is not considered for IR  drop estimation. Please run analyze_power_grid after instances are placed.
[WARNING PSM-0071] Instance _13796_ is not placed. Therefore, the power drawn by this instance is not considered for IR  drop estimation. Please run analyze_power_grid after instances are placed.
[WARNING PSM-0071] Instance _13797_ is not placed. Therefore, the power drawn by this instance is not considered for IR  drop estimation. Please run analyze_power_grid after instances are placed.
[WARNING PSM-0071] Instance _13798_ is not placed. Therefore, the power drawn by this instance is not considered for IR  drop estimation. Please run analyze_power_grid after instances are placed.
[WARNING PSM-0071] Instance _13799_ is not placed. Therefore, the power drawn by this instance is not considered for IR  drop estimation. Please run analyze_power_grid after instances are placed.
[WARNING PSM-0071] Instance _13800_ is not placed. Therefore, the power drawn by this instance is not considered for IR  drop estimation. Please run analyze_power_grid after instances are placed.
[WARNING PSM-0071] Instance _13801_ is not placed. Therefore, the power drawn by this instance is not considered for IR  drop estimation. Please run analyze_power_grid after instances are placed.
[WARNING PSM-0071] Instance _13802_ is not placed. Therefore, the power drawn by this instance is not considered for IR  drop estimation. Please run analyze_power_grid after instances are placed.
[WARNING PSM-0071] Instance _13803_ is not placed. Therefore, the power drawn by this instance is not considered for IR  drop estimation. Please run analyze_power_grid after instances are placed.
[WARNING PSM-0071] Instance _13804_ is not placed. Therefore, the power drawn by this instance is not considered for IR  drop estimation. Please run analyze_power_grid after instances are placed.
[WARNING PSM-0071] Instance _13805_ is not placed. Therefore, the power drawn by this instance is not considered for IR  drop estimation. Please run analyze_power_grid after instances are placed.
[WARNING PSM-0071] Instance _13806_ is not placed. Therefore, the power drawn by this instance is not considered for IR  drop estimation. Please run analyze_power_grid after instances are placed.
[WARNING PSM-0071] Instance _13807_ is not placed. Therefore, the power drawn by this instance is not considered for IR  drop estimation. Please run analyze_power_grid after instances are placed.
[WARNING PSM-0071] Instance _13808_ is not placed. Therefore, the power drawn by this instance is not considered for IR  drop estimation. Please run analyze_power_grid after instances are placed.
[WARNING PSM-0071] Instance _13809_ is not placed. Therefore, the power drawn by this instance is not considered for IR  drop estimation. Please run analyze_power_grid after instances are placed.
[WARNING PSM-0071] Instance _13810_ is not placed. Therefore, the power drawn by this instance is not considered for IR  drop estimation. Please run analyze_power_grid after instances are placed.
[WARNING PSM-0071] Instance _13811_ is not placed. Therefore, the power drawn by this instance is not considered for IR  drop estimation. Please run analyze_power_grid after instances are placed.
[WARNING PSM-0071] Instance _13812_ is not placed. Therefore, the power drawn by this instance is not considered for IR  drop estimation. Please run analyze_power_grid after instances are placed.
[WARNING PSM-0071] Instance _13813_ is not placed. Therefore, the power drawn by this instance is not considered for IR  drop estimation. Please run analyze_power_grid after instances are placed.
[WARNING PSM-0071] Instance _13814_ is not placed. Therefore, the power drawn by this instance is not considered for IR  drop estimation. Please run analyze_power_grid after instances are placed.
[WARNING PSM-0071] Instance _13815_ is not placed. Therefore, the power drawn by this instance is not considered for IR  drop estimation. Please run analyze_power_grid after instances are placed.
[WARNING PSM-0071] Instance _13816_ is not placed. Therefore, the power drawn by this instance is not considered for IR  drop estimation. Please run analyze_power_grid after instances are placed.
[WARNING PSM-0071] Instance _13817_ is not placed. Therefore, the power drawn by this instance is not considered for IR  drop estimation. Please run analyze_power_grid after instances are placed.
[WARNING PSM-0071] Instance _13818_ is not placed. Therefore, the power drawn by this instance is not considered for IR  drop estimation. Please run analyze_power_grid after instances are placed.
[WARNING PSM-0071] Instance _13819_ is not placed. Therefore, the power drawn by this instance is not considered for IR  drop estimation. Please run analyze_power_grid after instances are placed.
[WARNING PSM-0071] Instance _13820_ is not placed. Therefore, the power drawn by this instance is not considered for IR  drop estimation. Please run analyze_power_grid after instances are placed.
[WARNING PSM-0071] Instance _13821_ is not placed. Therefore, the power drawn by this instance is not considered for IR  drop estimation. Please run analyze_power_grid after instances are placed.
[WARNING PSM-0071] Instance _13822_ is not placed. Therefore, the power drawn by this instance is not considered for IR  drop estimation. Please run analyze_power_grid after instances are placed.
[WARNING PSM-0071] Instance _13823_ is not placed. Therefore, the power drawn by this instance is not considered for IR  drop estimation. Please run analyze_power_grid after instances are placed.
[WARNING PSM-0071] Instance _13824_ is not placed. Therefore, the power drawn by this instance is not considered for IR  drop estimation. Please run analyze_power_grid after instances are placed.
[WARNING PSM-0071] Instance _13825_ is not placed. Therefore, the power drawn by this instance is not considered for IR  drop estimation. Please run analyze_power_grid after instances are placed.
[WARNING PSM-0071] Instance _13826_ is not placed. Therefore, the power drawn by this instance is not considered for IR  drop estimation. Please run analyze_power_grid after instances are placed.
[WARNING PSM-0071] Instance _13827_ is not placed. Therefore, the power drawn by this instance is not considered for IR  drop estimation. Please run analyze_power_grid after instances are placed.
[WARNING PSM-0071] Instance _13828_ is not placed. Therefore, the power drawn by this instance is not considered for IR  drop estimation. Please run analyze_power_grid after instances are placed.
[WARNING PSM-0071] Instance _13829_ is not placed. Therefore, the power drawn by this instance is not considered for IR  drop estimation. Please run analyze_power_grid after instances are placed.
[WARNING PSM-0071] Instance _13830_ is not placed. Therefore, the power drawn by this instance is not considered for IR  drop estimation. Please run analyze_power_grid after instances are placed.
[WARNING PSM-0071] Instance _13831_ is not placed. Therefore, the power drawn by this instance is not considered for IR  drop estimation. Please run analyze_power_grid after instances are placed.
[WARNING PSM-0071] Instance _13832_ is not placed. Therefore, the power drawn by this instance is not considered for IR  drop estimation. Please run analyze_power_grid after instances are placed.
[WARNING PSM-0071] Instance _13833_ is not placed. Therefore, the power drawn by this instance is not considered for IR  drop estimation. Please run analyze_power_grid after instances are placed.
[WARNING PSM-0071] Instance _13834_ is not placed. Therefore, the power drawn by this instance is not considered for IR  drop estimation. Please run analyze_power_grid after instances are placed.
[WARNING PSM-0071] Instance _13835_ is not placed. Therefore, the power drawn by this instance is not considered for IR  drop estimation. Please run analyze_power_grid after instances are placed.
[WARNING PSM-0071] Instance _13836_ is not placed. Therefore, the power drawn by this instance is not considered for IR  drop estimation. Please run analyze_power_grid after instances are placed.
[WARNING PSM-0071] Instance _13837_ is not placed. Therefore, the power drawn by this instance is not considered for IR  drop estimation. Please run analyze_power_grid after instances are placed.
[WARNING PSM-0071] Instance _13838_ is not placed. Therefore, the power drawn by this instance is not considered for IR  drop estimation. Please run analyze_power_grid after instances are placed.
[WARNING PSM-0071] Instance _13839_ is not placed. Therefore, the power drawn by this instance is not considered for IR  drop estimation. Please run analyze_power_grid after instances are placed.
[WARNING PSM-0071] Instance _13840_ is not placed. Therefore, the power drawn by this instance is not considered for IR  drop estimation. Please run analyze_power_grid after instances are placed.
[WARNING PSM-0071] Instance _13841_ is not placed. Therefore, the power drawn by this instance is not considered for IR  drop estimation. Please run analyze_power_grid after instances are placed.
[WARNING PSM-0071] Instance _13842_ is not placed. Therefore, the power drawn by this instance is not considered for IR  drop estimation. Please run analyze_power_grid after instances are placed.
[WARNING PSM-0071] Instance _13843_ is not placed. Therefore, the power drawn by this instance is not considered for IR  drop estimation. Please run analyze_power_grid after instances are placed.
[WARNING PSM-0071] Instance _13844_ is not placed. Therefore, the power drawn by this instance is not considered for IR  drop estimation. Please run analyze_power_grid after instances are placed.
[WARNING PSM-0071] Instance _13845_ is not placed. Therefore, the power drawn by this instance is not considered for IR  drop estimation. Please run analyze_power_grid after instances are placed.
[WARNING PSM-0071] Instance _13846_ is not placed. Therefore, the power drawn by this instance is not considered for IR  drop estimation. Please run analyze_power_grid after instances are placed.
[WARNING PSM-0071] Instance _13847_ is not placed. Therefore, the power drawn by this instance is not considered for IR  drop estimation. Please run analyze_power_grid after instances are placed.
[WARNING PSM-0071] Instance _13848_ is not placed. Therefore, the power drawn by this instance is not considered for IR  drop estimation. Please run analyze_power_grid after instances are placed.
[WARNING PSM-0071] Instance _13849_ is not placed. Therefore, the power drawn by this instance is not considered for IR  drop estimation. Please run analyze_power_grid after instances are placed.
[WARNING PSM-0071] Instance _13850_ is not placed. Therefore, the power drawn by this instance is not considered for IR  drop estimation. Please run analyze_power_grid after instances are placed.
[WARNING PSM-0071] Instance _13851_ is not placed. Therefore, the power drawn by this instance is not considered for IR  drop estimation. Please run analyze_power_grid after instances are placed.
[WARNING PSM-0071] Instance _13852_ is not placed. Therefore, the power drawn by this instance is not considered for IR  drop estimation. Please run analyze_power_grid after instances are placed.
[WARNING PSM-0071] Instance _13853_ is not placed. Therefore, the power drawn by this instance is not considered for IR  drop estimation. Please run analyze_power_grid after instances are placed.
[WARNING PSM-0071] Instance _13854_ is not placed. Therefore, the power drawn by this instance is not considered for IR  drop estimation. Please run analyze_power_grid after instances are placed.
[WARNING PSM-0071] Instance _13855_ is not placed. Therefore, the power drawn by this instance is not considered for IR  drop estimation. Please run analyze_power_grid after instances are placed.
[WARNING PSM-0071] Instance _13856_ is not placed. Therefore, the power drawn by this instance is not considered for IR  drop estimation. Please run analyze_power_grid after instances are placed.
[WARNING PSM-0071] Instance _13857_ is not placed. Therefore, the power drawn by this instance is not considered for IR  drop estimation. Please run analyze_power_grid after instances are placed.
[WARNING PSM-0071] Instance _13858_ is not placed. Therefore, the power drawn by this instance is not considered for IR  drop estimation. Please run analyze_power_grid after instances are placed.
[WARNING PSM-0071] Instance _13859_ is not placed. Therefore, the power drawn by this instance is not considered for IR  drop estimation. Please run analyze_power_grid after instances are placed.
[WARNING PSM-0071] Instance _13860_ is not placed. Therefore, the power drawn by this instance is not considered for IR  drop estimation. Please run analyze_power_grid after instances are placed.
[WARNING PSM-0071] Instance _13861_ is not placed. Therefore, the power drawn by this instance is not considered for IR  drop estimation. Please run analyze_power_grid after instances are placed.
[WARNING PSM-0071] Instance _13862_ is not placed. Therefore, the power drawn by this instance is not considered for IR  drop estimation. Please run analyze_power_grid after instances are placed.
[WARNING PSM-0071] Instance _13863_ is not placed. Therefore, the power drawn by this instance is not considered for IR  drop estimation. Please run analyze_power_grid after instances are placed.
[WARNING PSM-0071] Instance _13864_ is not placed. Therefore, the power drawn by this instance is not considered for IR  drop estimation. Please run analyze_power_grid after instances are placed.
[WARNING PSM-0071] Instance _13865_ is not placed. Therefore, the power drawn by this instance is not considered for IR  drop estimation. Please run analyze_power_grid after instances are placed.
[WARNING PSM-0071] Instance _13866_ is not placed. Therefore, the power drawn by this instance is not considered for IR  drop estimation. Please run analyze_power_grid after instances are placed.
[WARNING PSM-0071] Instance _13867_ is not placed. Therefore, the power drawn by this instance is not considered for IR  drop estimation. Please run analyze_power_grid after instances are placed.
[WARNING PSM-0071] Instance _13868_ is not placed. Therefore, the power drawn by this instance is not considered for IR  drop estimation. Please run analyze_power_grid after instances are placed.
[WARNING PSM-0071] Instance _13869_ is not placed. Therefore, the power drawn by this instance is not considered for IR  drop estimation. Please run analyze_power_grid after instances are placed.
[WARNING PSM-0071] Instance _13870_ is not placed. Therefore, the power drawn by this instance is not considered for IR  drop estimation. Please run analyze_power_grid after instances are placed.
[WARNING PSM-0071] Instance _13871_ is not placed. Therefore, the power drawn by this instance is not considered for IR  drop estimation. Please run analyze_power_grid after instances are placed.
[WARNING PSM-0071] Instance _13872_ is not placed. Therefore, the power drawn by this instance is not considered for IR  drop estimation. Please run analyze_power_grid after instances are placed.
[WARNING PSM-0071] Instance _13873_ is not placed. Therefore, the power drawn by this instance is not considered for IR  drop estimation. Please run analyze_power_grid after instances are placed.
[WARNING PSM-0071] Instance _13874_ is not placed. Therefore, the power drawn by this instance is not considered for IR  drop estimation. Please run analyze_power_grid after instances are placed.
[WARNING PSM-0071] Instance _13875_ is not placed. Therefore, the power drawn by this instance is not considered for IR  drop estimation. Please run analyze_power_grid after instances are placed.
[WARNING PSM-0071] Instance _13876_ is not placed. Therefore, the power drawn by this instance is not considered for IR  drop estimation. Please run analyze_power_grid after instances are placed.
[WARNING PSM-0071] Instance _13877_ is not placed. Therefore, the power drawn by this instance is not considered for IR  drop estimation. Please run analyze_power_grid after instances are placed.
[WARNING PSM-0071] Instance _13878_ is not placed. Therefore, the power drawn by this instance is not considered for IR  drop estimation. Please run analyze_power_grid after instances are placed.
[WARNING PSM-0071] Instance _13879_ is not placed. Therefore, the power drawn by this instance is not considered for IR  drop estimation. Please run analyze_power_grid after instances are placed.
[WARNING PSM-0071] Instance _13880_ is not placed. Therefore, the power drawn by this instance is not considered for IR  drop estimation. Please run analyze_power_grid after instances are placed.
[WARNING PSM-0071] Instance _13881_ is not placed. Therefore, the power drawn by this instance is not considered for IR  drop estimation. Please run analyze_power_grid after instances are placed.
[WARNING PSM-0071] Instance _13882_ is not placed. Therefore, the power drawn by this instance is not considered for IR  drop estimation. Please run analyze_power_grid after instances are placed.
[WARNING PSM-0071] Instance _13883_ is not placed. Therefore, the power drawn by this instance is not considered for IR  drop estimation. Please run analyze_power_grid after instances are placed.
[WARNING PSM-0071] Instance _13884_ is not placed. Therefore, the power drawn by this instance is not considered for IR  drop estimation. Please run analyze_power_grid after instances are placed.
[WARNING PSM-0071] Instance _13885_ is not placed. Therefore, the power drawn by this instance is not considered for IR  drop estimation. Please run analyze_power_grid after instances are placed.
[WARNING PSM-0071] Instance _13886_ is not placed. Therefore, the power drawn by this instance is not considered for IR  drop estimation. Please run analyze_power_grid after instances are placed.
[WARNING PSM-0071] Instance _13887_ is not placed. Therefore, the power drawn by this instance is not considered for IR  drop estimation. Please run analyze_power_grid after instances are placed.
[WARNING PSM-0071] Instance _13888_ is not placed. Therefore, the power drawn by this instance is not considered for IR  drop estimation. Please run analyze_power_grid after instances are placed.
[WARNING PSM-0071] Instance _13889_ is not placed. Therefore, the power drawn by this instance is not considered for IR  drop estimation. Please run analyze_power_grid after instances are placed.
[WARNING PSM-0071] Instance _13890_ is not placed. Therefore, the power drawn by this instance is not considered for IR  drop estimation. Please run analyze_power_grid after instances are placed.
[WARNING PSM-0071] Instance _13891_ is not placed. Therefore, the power drawn by this instance is not considered for IR  drop estimation. Please run analyze_power_grid after instances are placed.
[WARNING PSM-0071] Instance _13892_ is not placed. Therefore, the power drawn by this instance is not considered for IR  drop estimation. Please run analyze_power_grid after instances are placed.
[WARNING PSM-0071] Instance _13893_ is not placed. Therefore, the power drawn by this instance is not considered for IR  drop estimation. Please run analyze_power_grid after instances are placed.
[WARNING PSM-0071] Instance _13894_ is not placed. Therefore, the power drawn by this instance is not considered for IR  drop estimation. Please run analyze_power_grid after instances are placed.
[WARNING PSM-0071] Instance _13895_ is not placed. Therefore, the power drawn by this instance is not considered for IR  drop estimation. Please run analyze_power_grid after instances are placed.
[WARNING PSM-0071] Instance _13896_ is not placed. Therefore, the power drawn by this instance is not considered for IR  drop estimation. Please run analyze_power_grid after instances are placed.
[WARNING PSM-0071] Instance _13897_ is not placed. Therefore, the power drawn by this instance is not considered for IR  drop estimation. Please run analyze_power_grid after instances are placed.
[WARNING PSM-0071] Instance _13898_ is not placed. Therefore, the power drawn by this instance is not considered for IR  drop estimation. Please run analyze_power_grid after instances are placed.
[WARNING PSM-0071] Instance _13899_ is not placed. Therefore, the power drawn by this instance is not considered for IR  drop estimation. Please run analyze_power_grid after instances are placed.
[WARNING PSM-0071] Instance _13900_ is not placed. Therefore, the power drawn by this instance is not considered for IR  drop estimation. Please run analyze_power_grid after instances are placed.
[WARNING PSM-0071] Instance _13901_ is not placed. Therefore, the power drawn by this instance is not considered for IR  drop estimation. Please run analyze_power_grid after instances are placed.
[WARNING PSM-0071] Instance _13902_ is not placed. Therefore, the power drawn by this instance is not considered for IR  drop estimation. Please run analyze_power_grid after instances are placed.
[WARNING PSM-0071] Instance _13903_ is not placed. Therefore, the power drawn by this instance is not considered for IR  drop estimation. Please run analyze_power_grid after instances are placed.
[WARNING PSM-0071] Instance _13904_ is not placed. Therefore, the power drawn by this instance is not considered for IR  drop estimation. Please run analyze_power_grid after instances are placed.
[WARNING PSM-0071] Instance _13905_ is not placed. Therefore, the power drawn by this instance is not considered for IR  drop estimation. Please run analyze_power_grid after instances are placed.
[WARNING PSM-0071] Instance _13906_ is not placed. Therefore, the power drawn by this instance is not considered for IR  drop estimation. Please run analyze_power_grid after instances are placed.
[WARNING PSM-0071] Instance _13907_ is not placed. Therefore, the power drawn by this instance is not considered for IR  drop estimation. Please run analyze_power_grid after instances are placed.
[WARNING PSM-0071] Instance _13908_ is not placed. Therefore, the power drawn by this instance is not considered for IR  drop estimation. Please run analyze_power_grid after instances are placed.
[WARNING PSM-0071] Instance _13909_ is not placed. Therefore, the power drawn by this instance is not considered for IR  drop estimation. Please run analyze_power_grid after instances are placed.
[WARNING PSM-0071] Instance _13910_ is not placed. Therefore, the power drawn by this instance is not considered for IR  drop estimation. Please run analyze_power_grid after instances are placed.
[WARNING PSM-0071] Instance _13911_ is not placed. Therefore, the power drawn by this instance is not considered for IR  drop estimation. Please run analyze_power_grid after instances are placed.
[WARNING PSM-0071] Instance _13912_ is not placed. Therefore, the power drawn by this instance is not considered for IR  drop estimation. Please run analyze_power_grid after instances are placed.
[WARNING PSM-0071] Instance _13913_ is not placed. Therefore, the power drawn by this instance is not considered for IR  drop estimation. Please run analyze_power_grid after instances are placed.
[WARNING PSM-0071] Instance _13914_ is not placed. Therefore, the power drawn by this instance is not considered for IR  drop estimation. Please run analyze_power_grid after instances are placed.
[WARNING PSM-0071] Instance _13915_ is not placed. Therefore, the power drawn by this instance is not considered for IR  drop estimation. Please run analyze_power_grid after instances are placed.
[WARNING PSM-0071] Instance _13916_ is not placed. Therefore, the power drawn by this instance is not considered for IR  drop estimation. Please run analyze_power_grid after instances are placed.
[WARNING PSM-0071] Instance _13917_ is not placed. Therefore, the power drawn by this instance is not considered for IR  drop estimation. Please run analyze_power_grid after instances are placed.
[WARNING PSM-0071] Instance _13918_ is not placed. Therefore, the power drawn by this instance is not considered for IR  drop estimation. Please run analyze_power_grid after instances are placed.
[WARNING PSM-0071] Instance _13919_ is not placed. Therefore, the power drawn by this instance is not considered for IR  drop estimation. Please run analyze_power_grid after instances are placed.
[WARNING PSM-0071] Instance _13920_ is not placed. Therefore, the power drawn by this instance is not considered for IR  drop estimation. Please run analyze_power_grid after instances are placed.
[WARNING PSM-0071] Instance _13921_ is not placed. Therefore, the power drawn by this instance is not considered for IR  drop estimation. Please run analyze_power_grid after instances are placed.
[WARNING PSM-0071] Instance _13922_ is not placed. Therefore, the power drawn by this instance is not considered for IR  drop estimation. Please run analyze_power_grid after instances are placed.
[WARNING PSM-0071] Instance _13923_ is not placed. Therefore, the power drawn by this instance is not considered for IR  drop estimation. Please run analyze_power_grid after instances are placed.
[WARNING PSM-0071] Instance _13924_ is not placed. Therefore, the power drawn by this instance is not considered for IR  drop estimation. Please run analyze_power_grid after instances are placed.
[WARNING PSM-0071] Instance _13925_ is not placed. Therefore, the power drawn by this instance is not considered for IR  drop estimation. Please run analyze_power_grid after instances are placed.
[WARNING PSM-0071] Instance _13926_ is not placed. Therefore, the power drawn by this instance is not considered for IR  drop estimation. Please run analyze_power_grid after instances are placed.
[WARNING PSM-0071] Instance _13927_ is not placed. Therefore, the power drawn by this instance is not considered for IR  drop estimation. Please run analyze_power_grid after instances are placed.
[WARNING PSM-0071] Instance _13928_ is not placed. Therefore, the power drawn by this instance is not considered for IR  drop estimation. Please run analyze_power_grid after instances are placed.
[WARNING PSM-0071] Instance _13929_ is not placed. Therefore, the power drawn by this instance is not considered for IR  drop estimation. Please run analyze_power_grid after instances are placed.
[WARNING PSM-0071] Instance _13930_ is not placed. Therefore, the power drawn by this instance is not considered for IR  drop estimation. Please run analyze_power_grid after instances are placed.
[WARNING PSM-0071] Instance _13931_ is not placed. Therefore, the power drawn by this instance is not considered for IR  drop estimation. Please run analyze_power_grid after instances are placed.
[WARNING PSM-0071] Instance _13932_ is not placed. Therefore, the power drawn by this instance is not considered for IR  drop estimation. Please run analyze_power_grid after instances are placed.
[WARNING PSM-0071] Instance _13933_ is not placed. Therefore, the power drawn by this instance is not considered for IR  drop estimation. Please run analyze_power_grid after instances are placed.
[WARNING PSM-0071] Instance _13934_ is not placed. Therefore, the power drawn by this instance is not considered for IR  drop estimation. Please run analyze_power_grid after instances are placed.
[WARNING PSM-0071] Instance _13935_ is not placed. Therefore, the power drawn by this instance is not considered for IR  drop estimation. Please run analyze_power_grid after instances are placed.
[WARNING PSM-0071] Instance _13936_ is not placed. Therefore, the power drawn by this instance is not considered for IR  drop estimation. Please run analyze_power_grid after instances are placed.
[WARNING PSM-0071] Instance _13937_ is not placed. Therefore, the power drawn by this instance is not considered for IR  drop estimation. Please run analyze_power_grid after instances are placed.
[WARNING PSM-0071] Instance _13938_ is not placed. Therefore, the power drawn by this instance is not considered for IR  drop estimation. Please run analyze_power_grid after instances are placed.
[WARNING PSM-0071] Instance _13939_ is not placed. Therefore, the power drawn by this instance is not considered for IR  drop estimation. Please run analyze_power_grid after instances are placed.
[WARNING PSM-0071] Instance _13940_ is not placed. Therefore, the power drawn by this instance is not considered for IR  drop estimation. Please run analyze_power_grid after instances are placed.
[WARNING PSM-0071] Instance _13941_ is not placed. Therefore, the power drawn by this instance is not considered for IR  drop estimation. Please run analyze_power_grid after instances are placed.
[WARNING PSM-0071] Instance _13942_ is not placed. Therefore, the power drawn by this instance is not considered for IR  drop estimation. Please run analyze_power_grid after instances are placed.
[WARNING PSM-0071] Instance _13943_ is not placed. Therefore, the power drawn by this instance is not considered for IR  drop estimation. Please run analyze_power_grid after instances are placed.
[WARNING PSM-0071] Instance _13944_ is not placed. Therefore, the power drawn by this instance is not considered for IR  drop estimation. Please run analyze_power_grid after instances are placed.
[WARNING PSM-0071] Instance _13945_ is not placed. Therefore, the power drawn by this instance is not considered for IR  drop estimation. Please run analyze_power_grid after instances are placed.
[WARNING PSM-0071] Instance _13946_ is not placed. Therefore, the power drawn by this instance is not considered for IR  drop estimation. Please run analyze_power_grid after instances are placed.
[WARNING PSM-0071] Instance _13947_ is not placed. Therefore, the power drawn by this instance is not considered for IR  drop estimation. Please run analyze_power_grid after instances are placed.
[WARNING PSM-0071] Instance _13948_ is not placed. Therefore, the power drawn by this instance is not considered for IR  drop estimation. Please run analyze_power_grid after instances are placed.
[WARNING PSM-0071] Instance _13949_ is not placed. Therefore, the power drawn by this instance is not considered for IR  drop estimation. Please run analyze_power_grid after instances are placed.
[WARNING PSM-0071] Instance _13950_ is not placed. Therefore, the power drawn by this instance is not considered for IR  drop estimation. Please run analyze_power_grid after instances are placed.
[WARNING PSM-0071] Instance _13951_ is not placed. Therefore, the power drawn by this instance is not considered for IR  drop estimation. Please run analyze_power_grid after instances are placed.
[WARNING PSM-0071] Instance _13952_ is not placed. Therefore, the power drawn by this instance is not considered for IR  drop estimation. Please run analyze_power_grid after instances are placed.
[WARNING PSM-0071] Instance _13953_ is not placed. Therefore, the power drawn by this instance is not considered for IR  drop estimation. Please run analyze_power_grid after instances are placed.
[WARNING PSM-0071] Instance _13954_ is not placed. Therefore, the power drawn by this instance is not considered for IR  drop estimation. Please run analyze_power_grid after instances are placed.
[WARNING PSM-0071] Instance _13955_ is not placed. Therefore, the power drawn by this instance is not considered for IR  drop estimation. Please run analyze_power_grid after instances are placed.
[WARNING PSM-0071] Instance _13956_ is not placed. Therefore, the power drawn by this instance is not considered for IR  drop estimation. Please run analyze_power_grid after instances are placed.
[WARNING PSM-0071] Instance _13957_ is not placed. Therefore, the power drawn by this instance is not considered for IR  drop estimation. Please run analyze_power_grid after instances are placed.
[WARNING PSM-0071] Instance _13958_ is not placed. Therefore, the power drawn by this instance is not considered for IR  drop estimation. Please run analyze_power_grid after instances are placed.
[WARNING PSM-0071] Instance _13959_ is not placed. Therefore, the power drawn by this instance is not considered for IR  drop estimation. Please run analyze_power_grid after instances are placed.
[WARNING PSM-0071] Instance _13960_ is not placed. Therefore, the power drawn by this instance is not considered for IR  drop estimation. Please run analyze_power_grid after instances are placed.
[WARNING PSM-0071] Instance _13961_ is not placed. Therefore, the power drawn by this instance is not considered for IR  drop estimation. Please run analyze_power_grid after instances are placed.
[WARNING PSM-0071] Instance _13962_ is not placed. Therefore, the power drawn by this instance is not considered for IR  drop estimation. Please run analyze_power_grid after instances are placed.
[WARNING PSM-0071] Instance _13963_ is not placed. Therefore, the power drawn by this instance is not considered for IR  drop estimation. Please run analyze_power_grid after instances are placed.
[WARNING PSM-0071] Instance _13964_ is not placed. Therefore, the power drawn by this instance is not considered for IR  drop estimation. Please run analyze_power_grid after instances are placed.
[WARNING PSM-0071] Instance _13965_ is not placed. Therefore, the power drawn by this instance is not considered for IR  drop estimation. Please run analyze_power_grid after instances are placed.
[WARNING PSM-0071] Instance _13966_ is not placed. Therefore, the power drawn by this instance is not considered for IR  drop estimation. Please run analyze_power_grid after instances are placed.
[WARNING PSM-0071] Instance _13967_ is not placed. Therefore, the power drawn by this instance is not considered for IR  drop estimation. Please run analyze_power_grid after instances are placed.
[WARNING PSM-0071] Instance _13968_ is not placed. Therefore, the power drawn by this instance is not considered for IR  drop estimation. Please run analyze_power_grid after instances are placed.
[WARNING PSM-0071] Instance _13969_ is not placed. Therefore, the power drawn by this instance is not considered for IR  drop estimation. Please run analyze_power_grid after instances are placed.
[WARNING PSM-0071] Instance _13970_ is not placed. Therefore, the power drawn by this instance is not considered for IR  drop estimation. Please run analyze_power_grid after instances are placed.
[WARNING PSM-0071] message limit reached, this message will no longer print
[INFO PSM-0064] Number of voltage sources = 5.
[INFO PSM-0040] All PDN stripes on net VPWR are connected.
########## IR report #################
Worstcase voltage: 1.80e+00 V
Average IR drop  : 3.26e-10 V
Worstcase IR drop: 6.27e-10 V
######################################
